

======================================================================
CASE: 5MW_Land_DLL_WTurb_WS05_Seed01
FST : 5MW_Land_DLL_WTurb\OpenFAST_Case_Outputs\WS05\Seed01\5MW_Land_DLL_WTurb_WS05_Seed01.fst
======================================================================


**************************************************************************************************
OpenFAST

Copyright (C) 2026 National Renewable Energy Laboratory
Copyright (C) 2026 Envision Energy USA LTD

This program is licensed under Apache License Version 2.0 and comes with ABSOLUTELY NO WARRANTY.
See the "LICENSE" file distributed with this software for details.
**************************************************************************************************

OpenFAST-v5.0.0
Compile Info:
 - Compiler: Intel(R) Fortran Compiler 20250302
 - Architecture: 64 bit
 - Precision: single
 - OpenMP: No
 - Date: Mar 13 2026
 - Time: 19:00:22
Execution Info:
 - Date: 09/06/2026
 - Time: 09:42:37+0200

OpenFAST input file heading:
    FAST Certification Test #18: NREL 5.0 MW Baseline Wind Turbine (Onshore)

 Running ElastoDyn.
 Running InflowWind.

   Reading a 31x31 grid (145 m wide, 17.5 m to 162.5 m above ground) with a characteristic wind
   speed of 5 m/s. This full-field file was generated by TurbSim (v2.00.07a-bjj, 14-Jun-2016) on
   02-Sep-2026 at 20:00:30.

   Processed 12580 time steps of 20-Hz grid-field data (628.95 seconds).
 Running AeroDyn.
   AeroDyn: projMod: 1
   Projection: legacy (NoSweepPitchTwist), BEM: legacy (2D)
Warning: Turning off Unsteady Aerodynamics because polar has constant data. (node 1, blade 1)
Warning: Turning off Unsteady Aerodynamics because polar has constant data. (node 2, blade 1)
Warning: Turning off Unsteady Aerodynamics because polar has constant data. (node 3, blade 1)
Warning: Turning off Unsteady Aerodynamics because polar has constant data. (node 4, blade 1)
Warning: Turning off Unsteady Aerodynamics because polar has constant data. (node 1, blade 2)
Warning: Turning off Unsteady Aerodynamics because polar has constant data. (node 2, blade 2)
Warning: Turning off Unsteady Aerodynamics because polar has constant data. (node 3, blade 2)
Warning: Turning off Unsteady Aerodynamics because polar has constant data. (node 4, blade 2)
Warning: Turning off Unsteady Aerodynamics because polar has constant data. (node 1, blade 3)
Warning: Turning off Unsteady Aerodynamics because polar has constant data. (node 2, blade 3)
Warning: Turning off Unsteady Aerodynamics because polar has constant data. (node 3, blade 3)
Warning: Turning off Unsteady Aerodynamics because polar has constant data. (node 4, blade 3)
 Running ServoDyn.
 Running ServoDyn Interface for Bladed Controllers (using Intel Visual Fortran for Windows).
Using legacy Bladed DLL interface.
 Time: 0 of 600 seconds.
                                                                                                  
 Time: 5 of 600 seconds.  Estimated final completion at 09:44:36 (in 0.001 days).
                                                                                                  
 Time: 10 of 600 seconds.  Estimated final completion at 09:44:37 (in 0.001 days).
                                                                                                  
 Time: 15 of 600 seconds.  Estimated final completion at 09:45:06 (in 0.002 days).
                                                                                                  
 Time: 20 of 600 seconds.  Estimated final completion at 09:45:28 (in 0.002 days).
                                                                                                  
 Time: 25 of 600 seconds.  Estimated final completion at 09:44:31 (in 0.001 days).
                                                                                                  
 Time: 30 of 600 seconds.  Estimated final completion at 09:44:33 (in 0.001 days).
                                                                                                  
 Time: 35 of 600 seconds.  Estimated final completion at 09:44:34 (in 0.001 days).
                                                                                                  
 Time: 40 of 600 seconds.  Estimated final completion at 09:44:33 (in 0.001 days).
                                                                                                  
 Time: 45 of 600 seconds.  Estimated final completion at 09:45:39 (in 0.002 days).
                                                                                                  
 Time: 50 of 600 seconds.  Estimated final completion at 09:47:40 (in 0.003 days).
                                                                                                  
 Time: 55 of 600 seconds.  Estimated final completion at 09:47:35 (in 0.003 days).
                                                                                                  
 Time: 60 of 600 seconds.  Estimated final completion at 09:48:10 (in 0.004 days).
                                                                                                  
 Time: 65 of 600 seconds.  Estimated final completion at 09:47:53 (in 0.003 days).
                                                                                                  
 Time: 70 of 600 seconds.  Estimated final completion at 09:48:01 (in 0.003 days).
                                                                                                  
 Time: 75 of 600 seconds.  Estimated final completion at 09:48:13 (in 0.004 days).
                                                                                                  
 Time: 80 of 600 seconds.  Estimated final completion at 09:48:12 (in 0.004 days).
                                                                                                  
 Time: 85 of 600 seconds.  Estimated final completion at 09:48:12 (in 0.003 days).
                                                                                                  
 Time: 90 of 600 seconds.  Estimated final completion at 09:47:57 (in 0.003 days).
                                                                                                  
 Time: 95 of 600 seconds.  Estimated final completion at 09:47:35 (in 0.003 days).
                                                                                                  
 Time: 100 of 600 seconds.  Estimated final completion at 09:45:22 (in 0.001 days).
                                                                                                  
 Time: 105 of 600 seconds.  Estimated final completion at 09:44:52 (in 0.001 days).
                                                                                                  
 Time: 110 of 600 seconds.  Estimated final completion at 09:44:51 (in 0.001 days).
                                                                                                  
 Time: 115 of 600 seconds.  Estimated final completion at 09:44:52 (in 0.001 days).
                                                                                                  
 Time: 120 of 600 seconds.  Estimated final completion at 09:44:51 (in 0.001 days).
                                                                                                  
 Time: 125 of 600 seconds.  Estimated final completion at 09:44:51 (in 0.001 days).
                                                                                                  
 Time: 130 of 600 seconds.  Estimated final completion at 09:44:53 (in 0.001 days).
                                                                                                  
 Time: 135 of 600 seconds.  Estimated final completion at 09:45:03 (in 0.001 days).
                                                                                                  
 Time: 140 of 600 seconds.  Estimated final completion at 09:45:16 (in 0.001 days).
                                                                                                  
 Time: 145 of 600 seconds.  Estimated final completion at 09:44:55 (in 0.001 days).
                                                                                                  
 Time: 150 of 600 seconds.  Estimated final completion at 09:44:53 (in 0.001 days).
                                                                                                  
 Time: 155 of 600 seconds.  Estimated final completion at 09:44:52 (in 0.001 days).
                                                                                                  
 Time: 160 of 600 seconds.  Estimated final completion at 09:44:51 (in 0.001 days).
                                                                                                  
 Time: 165 of 600 seconds.  Estimated final completion at 09:44:50 (in 0.001 days).
                                                                                                  
 Time: 170 of 600 seconds.  Estimated final completion at 09:44:51 (in 0.001 days).
                                                                                                  
 Time: 175 of 600 seconds.  Estimated final completion at 09:44:53 (in 0.001 days).
                                                                                                  
 Time: 180 of 600 seconds.  Estimated final completion at 09:44:55 (in 0.001 days).
                                                                                                  
 Time: 185 of 600 seconds.  Estimated final completion at 09:44:53 (in 0.001 days).
                                                                                                  
 Time: 190 of 600 seconds.  Estimated final completion at 09:44:53 (in 0.001 days).
                                                                                                  
 Time: 195 of 600 seconds.  Estimated final completion at 09:44:50 (in 0.001 days).
                                                                                                  
 Time: 200 of 600 seconds.  Estimated final completion at 09:44:53 (in 0.001 days).
                                                                                                  
 Time: 205 of 600 seconds.  Estimated final completion at 09:44:55 (in 0.001 days).
                                                                                                  
 Time: 210 of 600 seconds.  Estimated final completion at 09:44:53 (in 0.001 days).
                                                                                                  
 Time: 215 of 600 seconds.  Estimated final completion at 09:44:54 (in 0.001 days).
                                                                                                  
 Time: 220 of 600 seconds.  Estimated final completion at 09:44:52 (in 0.001 days).
                                                                                                  
 Time: 225 of 600 seconds.  Estimated final completion at 09:44:53 (in 0.001 days).
                                                                                                  
 Time: 230 of 600 seconds.  Estimated final completion at 09:44:58 (in 0.001 days).
                                                                                                  
 Time: 235 of 600 seconds.  Estimated final completion at 09:44:54 (in 0.001 days).
                                                                                                  
 Time: 240 of 600 seconds.  Estimated final completion at 09:44:53 (in 0.001 days).
                                                                                                  
 Time: 245 of 600 seconds.  Estimated final completion at 09:44:51 (in 0.001 days).
                                                                                                  
 Time: 250 of 600 seconds.  Estimated final completion at 09:44:50 (in 0.001 days).
                                                                                                  
 Time: 255 of 600 seconds.  Estimated final completion at 09:44:53 (in 0.001 days).
                                                                                                  
 Time: 260 of 600 seconds.  Estimated final completion at 09:44:53 (in 0.001 days).
                                                                                                  
 Time: 265 of 600 seconds.  Estimated final completion at 09:44:53 (in 0.001 days).
                                                                                                  
 Time: 270 of 600 seconds.  Estimated final completion at 09:44:53 (in 0.001 days).
                                                                                                  
 Time: 275 of 600 seconds.  Estimated final completion at 09:46:25 (in 0.002 days).
                                                                                                  
 Time: 280 of 600 seconds.  Estimated final completion at 09:47:15 (in 0.002 days).
                                                                                                  
 Time: 285 of 600 seconds.  Estimated final completion at 09:46:37 (in 0.002 days).
                                                                                                  
 Time: 290 of 600 seconds.  Estimated final completion at 09:46:37 (in 0.002 days).
                                                                                                  
 Time: 295 of 600 seconds.  Estimated final completion at 09:47:44 (in 0.003 days).
                                                                                                  
 Time: 300 of 600 seconds.  Estimated final completion at 09:47:24 (in 0.002 days).
                                                                                                  
 Time: 305 of 600 seconds.  Estimated final completion at 09:46:58 (in 0.002 days).
                                                                                                  
 Time: 310 of 600 seconds.  Estimated final completion at 09:47:00 (in 0.002 days).
                                                                                                  
 Time: 315 of 600 seconds.  Estimated final completion at 09:46:50 (in 0.002 days).
                                                                                                  
 Time: 320 of 600 seconds.  Estimated final completion at 09:46:54 (in 0.002 days).
                                                                                                  
 Time: 325 of 600 seconds.  Estimated final completion at 09:46:58 (in 0.002 days).
                                                                                                  
 Time: 330 of 600 seconds.  Estimated final completion at 09:46:49 (in 0.002 days).
                                                                                                  
 Time: 335 of 600 seconds.  Estimated final completion at 09:46:39 (in 0.002 days).
                                                                                                  
 Time: 340 of 600 seconds.  Estimated final completion at 09:46:29 (in 0.001 days).
                                                                                                  
 Time: 345 of 600 seconds.  Estimated final completion at 09:46:57 (in 0.002 days).
                                                                                                  
 Time: 350 of 600 seconds.  Estimated final completion at 09:46:43 (in 0.001 days).
                                                                                                  
 Time: 355 of 600 seconds.  Estimated final completion at 09:46:37 (in 0.001 days).
                                                                                                  
 Time: 360 of 600 seconds.  Estimated final completion at 09:46:49 (in 0.001 days).
                                                                                                  
 Time: 365 of 600 seconds.  Estimated final completion at 09:46:56 (in 0.002 days).
                                                                                                  
 Time: 370 of 600 seconds.  Estimated final completion at 09:46:53 (in 0.001 days).
                                                                                                  
 Time: 375 of 600 seconds.  Estimated final completion at 09:47:00 (in 0.002 days).
                                                                                                  
 Time: 380 of 600 seconds.  Estimated final completion at 09:46:40 (in 0.001 days).
                                                                                                  
 Time: 385 of 600 seconds.  Estimated final completion at 09:46:56 (in 0.001 days).
                                                                                                  
 Time: 390 of 600 seconds.  Estimated final completion at 09:46:59 (in 0.001 days).
                                                                                                  
 Time: 395 of 600 seconds.  Estimated final completion at 09:46:41 (in 0.001 days).
                                                                                                  
 Time: 400 of 600 seconds.  Estimated final completion at 09:46:49 (in 0.001 days).
                                                                                                  
 Time: 405 of 600 seconds.  Estimated final completion at 09:46:54 (in 0.001 days).
                                                                                                  
 Time: 410 of 600 seconds.  Estimated final completion at 09:47:02 (in 0.001 days).
                                                                                                  
 Time: 415 of 600 seconds.  Estimated final completion at 09:46:57 (in 0.001 days).
                                                                                                  
 Time: 420 of 600 seconds.  Estimated final completion at 09:46:59 (in 0.001 days).
                                                                                                  
 Time: 425 of 600 seconds.  Estimated final completion at 09:46:53 (in 0.001 days).
                                                                                                  
 Time: 430 of 600 seconds.  Estimated final completion at 09:46:53 (in 0.001 days).
                                                                                                  
 Time: 435 of 600 seconds.  Estimated final completion at 09:46:53 (in 0.001 days).
                                                                                                  
 Time: 440 of 600 seconds.  Estimated final completion at 09:46:53 (in 0.001 days).
                                                                                                  
 Time: 445 of 600 seconds.  Estimated final completion at 09:46:57 (in 0.001 days).
                                                                                                  
 Time: 450 of 600 seconds.  Estimated final completion at 09:46:53 (in 0.001 days).
                                                                                                  
 Time: 455 of 600 seconds.  Estimated final completion at 09:46:57 (in 0.001 days).
                                                                                                  
 Time: 460 of 600 seconds.  Estimated final completion at 09:46:56 (in 0.001 days).
                                                                                                  
 Time: 465 of 600 seconds.  Estimated final completion at 09:46:54 (in 0.001 days).
                                                                                                  
 Time: 470 of 600 seconds.  Estimated final completion at 09:46:57 (in 0.001 days).
                                                                                                  
 Time: 475 of 600 seconds.  Estimated final completion at 09:46:56 (in 0.001 days).
                                                                                                  
 Time: 480 of 600 seconds.  Estimated final completion at 09:46:46 (in 0.001 days).
                                                                                                  
 Time: 485 of 600 seconds.  Estimated final completion at 09:46:09 (in 0.000 days).
                                                                                                  
 Time: 490 of 600 seconds.  Estimated final completion at 09:46:09 (in 0.000 days).
                                                                                                  
 Time: 495 of 600 seconds.  Estimated final completion at 09:46:09 (in 0.000 days).
                                                                                                  
 Time: 500 of 600 seconds.  Estimated final completion at 09:46:09 (in 0.000 days).
                                                                                                  
 Time: 505 of 600 seconds.  Estimated final completion at 09:46:09 (in 0.000 days).
                                                                                                  
 Time: 510 of 600 seconds.  Estimated final completion at 09:46:10 (in 0.000 days).
                                                                                                  
 Time: 515 of 600 seconds.  Estimated final completion at 09:46:09 (in 0.000 days).
                                                                                                  
 Time: 520 of 600 seconds.  Estimated final completion at 09:46:09 (in 0.000 days).
                                                                                                  
 Time: 525 of 600 seconds.  Estimated final completion at 09:46:10 (in 0.000 days).
                                                                                                  
 Time: 530 of 600 seconds.  Estimated final completion at 09:46:09 (in 0.000 days).
                                                                                                  
 Time: 535 of 600 seconds.  Estimated final completion at 09:46:09 (in 0.000 days).
                                                                                                  
 Time: 540 of 600 seconds.  Estimated final completion at 09:46:10 (in 0.000 days).
                                                                                                  
 Time: 545 of 600 seconds.  Estimated final completion at 09:46:09 (in 0.000 days).
                                                                                                  
 Time: 550 of 600 seconds.  Estimated final completion at 09:46:09 (in 0.000 days).
                                                                                                  
 Time: 555 of 600 seconds.  Estimated final completion at 09:46:09 (in 0.000 days).
                                                                                                  
 Time: 560 of 600 seconds.  Estimated final completion at 09:46:09 (in 0.000 days).
                                                                                                  
 Time: 565 of 600 seconds.  Estimated final completion at 09:46:09 (in 0.000 days).
                                                                                                  
 Time: 570 of 600 seconds.  Estimated final completion at 09:46:09 (in 0.000 days).
                                                                                                  
 Time: 575 of 600 seconds.  Estimated final completion at 09:46:09 (in 0.000 days).
                                                                                                  
 Time: 580 of 600 seconds.  Estimated final completion at 09:46:09 (in 0.000 days).
                                                                                                  
 Time: 585 of 600 seconds.  Estimated final completion at 09:46:09 (in 0.000 days).
                                                                                                  
 Time: 590 of 600 seconds.  Estimated final completion at 09:46:09 (in 0.000 days).
                                                                                                  
 Time: 595 of 600 seconds.  Estimated final completion at 09:46:09 (in 0.000 days).
                                                                                                  
 Time: 600 of 600 seconds.  Estimated final completion at 09:46:09 (in 0.000 days).
                                                                                                  

 Total Real Time:       3.5368 minutes
 Total CPU Time:        3.2779 minutes
 Simulation CPU Time:   3.2745 minutes
 Simulated Time:        10 minutes
 Time Ratio (Sim/CPU):  3.0539

 OpenFAST terminated normally.



======================================================================
CASE: 5MW_Land_DLL_WTurb_WS05_Seed02
FST : 5MW_Land_DLL_WTurb\OpenFAST_Case_Outputs\WS05\Seed02\5MW_Land_DLL_WTurb_WS05_Seed02.fst
======================================================================


**************************************************************************************************
OpenFAST

Copyright (C) 2026 National Renewable Energy Laboratory
Copyright (C) 2026 Envision Energy USA LTD

This program is licensed under Apache License Version 2.0 and comes with ABSOLUTELY NO WARRANTY.
See the "LICENSE" file distributed with this software for details.
**************************************************************************************************

OpenFAST-v5.0.0
Compile Info:
 - Compiler: Intel(R) Fortran Compiler 20250302
 - Architecture: 64 bit
 - Precision: single
 - OpenMP: No
 - Date: Mar 13 2026
 - Time: 19:00:22
Execution Info:
 - Date: 09/06/2026
 - Time: 09:46:09+0200

OpenFAST input file heading:
    FAST Certification Test #18: NREL 5.0 MW Baseline Wind Turbine (Onshore)

 Running ElastoDyn.
 Running InflowWind.

   Reading a 31x31 grid (145 m wide, 17.5 m to 162.5 m above ground) with a characteristic wind
   speed of 5 m/s. This full-field file was generated by TurbSim (v2.00.07a-bjj, 14-Jun-2016) on
   02-Sep-2026 at 20:02:01.

   Processed 12580 time steps of 20-Hz grid-field data (628.95 seconds).
 Running AeroDyn.
   AeroDyn: projMod: 1
   Projection: legacy (NoSweepPitchTwist), BEM: legacy (2D)
Warning: Turning off Unsteady Aerodynamics because polar has constant data. (node 1, blade 1)
Warning: Turning off Unsteady Aerodynamics because polar has constant data. (node 2, blade 1)
Warning: Turning off Unsteady Aerodynamics because polar has constant data. (node 3, blade 1)
Warning: Turning off Unsteady Aerodynamics because polar has constant data. (node 4, blade 1)
Warning: Turning off Unsteady Aerodynamics because polar has constant data. (node 1, blade 2)
Warning: Turning off Unsteady Aerodynamics because polar has constant data. (node 2, blade 2)
Warning: Turning off Unsteady Aerodynamics because polar has constant data. (node 3, blade 2)
Warning: Turning off Unsteady Aerodynamics because polar has constant data. (node 4, blade 2)
Warning: Turning off Unsteady Aerodynamics because polar has constant data. (node 1, blade 3)
Warning: Turning off Unsteady Aerodynamics because polar has constant data. (node 2, blade 3)
Warning: Turning off Unsteady Aerodynamics because polar has constant data. (node 3, blade 3)
Warning: Turning off Unsteady Aerodynamics because polar has constant data. (node 4, blade 3)
 Running ServoDyn.
 Running ServoDyn Interface for Bladed Controllers (using Intel Visual Fortran for Windows).
Using legacy Bladed DLL interface.
 Time: 0 of 600 seconds.
                                                                                                  
 Time: 5 of 600 seconds.  Estimated final completion at 09:48:05 (in 0.001 days).
                                                                                                  
 Time: 10 of 600 seconds.  Estimated final completion at 09:48:04 (in 0.001 days).
                                                                                                  
 Time: 15 of 600 seconds.  Estimated final completion at 09:48:03 (in 0.001 days).
                                                                                                  
 Time: 20 of 600 seconds.  Estimated final completion at 09:48:06 (in 0.001 days).
                                                                                                  
 Time: 25 of 600 seconds.  Estimated final completion at 09:48:07 (in 0.001 days).
                                                                                                  
 Time: 30 of 600 seconds.  Estimated final completion at 09:48:05 (in 0.001 days).
                                                                                                  
 Time: 35 of 600 seconds.  Estimated final completion at 09:48:01 (in 0.001 days).
                                                                                                  
 Time: 40 of 600 seconds.  Estimated final completion at 09:48:05 (in 0.001 days).
                                                                                                  
 Time: 45 of 600 seconds.  Estimated final completion at 09:48:05 (in 0.001 days).
                                                                                                  
 Time: 50 of 600 seconds.  Estimated final completion at 09:48:07 (in 0.001 days).
                                                                                                  
 Time: 55 of 600 seconds.  Estimated final completion at 09:48:03 (in 0.001 days).
                                                                                                  
 Time: 60 of 600 seconds.  Estimated final completion at 09:48:07 (in 0.001 days).
                                                                                                  
 Time: 65 of 600 seconds.  Estimated final completion at 09:48:08 (in 0.001 days).
                                                                                                  
 Time: 70 of 600 seconds.  Estimated final completion at 09:50:33 (in 0.003 days).
                                                                                                  
 Time: 75 of 600 seconds.  Estimated final completion at 09:50:53 (in 0.003 days).
                                                                                                  
 Time: 80 of 600 seconds.  Estimated final completion at 09:51:03 (in 0.003 days).
                                                                                                  
 Time: 85 of 600 seconds.  Estimated final completion at 09:52:19 (in 0.004 days).
                                                                                                  
 Time: 90 of 600 seconds.  Estimated final completion at 09:51:43 (in 0.004 days).
                                                                                                  
 Time: 95 of 600 seconds.  Estimated final completion at 09:51:30 (in 0.003 days).
                                                                                                  
 Time: 100 of 600 seconds.  Estimated final completion at 09:51:47 (in 0.004 days).
                                                                                                  
 Time: 105 of 600 seconds.  Estimated final completion at 09:51:52 (in 0.004 days).
                                                                                                  
 Time: 110 of 600 seconds.  Estimated final completion at 09:51:32 (in 0.003 days).
                                                                                                  
 Time: 115 of 600 seconds.  Estimated final completion at 09:50:53 (in 0.003 days).
                                                                                                  
 Time: 120 of 600 seconds.  Estimated final completion at 09:51:33 (in 0.003 days).
                                                                                                  
 Time: 125 of 600 seconds.  Estimated final completion at 09:51:44 (in 0.003 days).
                                                                                                  
 Time: 130 of 600 seconds.  Estimated final completion at 09:51:42 (in 0.003 days).
                                                                                                  
 Time: 135 of 600 seconds.  Estimated final completion at 09:51:34 (in 0.003 days).
                                                                                                  
 Time: 140 of 600 seconds.  Estimated final completion at 09:51:48 (in 0.003 days).
                                                                                                  
 Time: 145 of 600 seconds.  Estimated final completion at 09:51:27 (in 0.003 days).
                                                                                                  
 Time: 150 of 600 seconds.  Estimated final completion at 09:51:31 (in 0.003 days).
                                                                                                  
 Time: 155 of 600 seconds.  Estimated final completion at 09:51:13 (in 0.003 days).
                                                                                                  
 Time: 160 of 600 seconds.  Estimated final completion at 09:51:30 (in 0.003 days).
                                                                                                  
 Time: 165 of 600 seconds.  Estimated final completion at 09:50:57 (in 0.003 days).
                                                                                                  
 Time: 170 of 600 seconds.  Estimated final completion at 09:51:45 (in 0.003 days).
                                                                                                  
 Time: 175 of 600 seconds.  Estimated final completion at 09:51:26 (in 0.003 days).
                                                                                                  
 Time: 180 of 600 seconds.  Estimated final completion at 09:51:14 (in 0.003 days).
                                                                                                  
 Time: 185 of 600 seconds.  Estimated final completion at 09:51:31 (in 0.003 days).
                                                                                                  
 Time: 190 of 600 seconds.  Estimated final completion at 09:51:52 (in 0.003 days).
                                                                                                  
 Time: 195 of 600 seconds.  Estimated final completion at 09:51:42 (in 0.003 days).
                                                                                                  
 Time: 200 of 600 seconds.  Estimated final completion at 09:50:53 (in 0.002 days).
                                                                                                  
 Time: 205 of 600 seconds.  Estimated final completion at 09:51:16 (in 0.002 days).
                                                                                                  
 Time: 210 of 600 seconds.  Estimated final completion at 09:51:30 (in 0.003 days).
                                                                                                  
 Time: 215 of 600 seconds.  Estimated final completion at 09:51:39 (in 0.003 days).
                                                                                                  
 Time: 220 of 600 seconds.  Estimated final completion at 09:51:18 (in 0.002 days).
                                                                                                  
 Time: 225 of 600 seconds.  Estimated final completion at 09:51:57 (in 0.003 days).
                                                                                                  
 Time: 230 of 600 seconds.  Estimated final completion at 09:51:18 (in 0.002 days).
                                                                                                  
 Time: 235 of 600 seconds.  Estimated final completion at 09:51:37 (in 0.003 days).
                                                                                                  
 Time: 240 of 600 seconds.  Estimated final completion at 09:51:41 (in 0.003 days).
                                                                                                  
 Time: 245 of 600 seconds.  Estimated final completion at 09:51:36 (in 0.002 days).
                                                                                                  
 Time: 250 of 600 seconds.  Estimated final completion at 09:51:28 (in 0.002 days).
                                                                                                  
 Time: 255 of 600 seconds.  Estimated final completion at 09:51:26 (in 0.002 days).
                                                                                                  
 Time: 260 of 600 seconds.  Estimated final completion at 09:51:43 (in 0.002 days).
                                                                                                  
 Time: 265 of 600 seconds.  Estimated final completion at 09:51:22 (in 0.002 days).
                                                                                                  
 Time: 270 of 600 seconds.  Estimated final completion at 09:51:45 (in 0.002 days).
                                                                                                  
 Time: 275 of 600 seconds.  Estimated final completion at 09:51:19 (in 0.002 days).
                                                                                                  
 Time: 280 of 600 seconds.  Estimated final completion at 09:51:37 (in 0.002 days).
                                                                                                  
 Time: 285 of 600 seconds.  Estimated final completion at 09:51:29 (in 0.002 days).
                                                                                                  
 Time: 290 of 600 seconds.  Estimated final completion at 09:51:31 (in 0.002 days).
                                                                                                  
 Time: 295 of 600 seconds.  Estimated final completion at 09:51:36 (in 0.002 days).
                                                                                                  
 Time: 300 of 600 seconds.  Estimated final completion at 09:51:29 (in 0.002 days).
                                                                                                  
 Time: 305 of 600 seconds.  Estimated final completion at 09:51:40 (in 0.002 days).
                                                                                                  
 Time: 310 of 600 seconds.  Estimated final completion at 09:51:27 (in 0.002 days).
                                                                                                  
 Time: 315 of 600 seconds.  Estimated final completion at 09:51:35 (in 0.002 days).
                                                                                                  
 Time: 320 of 600 seconds.  Estimated final completion at 09:51:21 (in 0.002 days).
                                                                                                  
 Time: 325 of 600 seconds.  Estimated final completion at 09:51:34 (in 0.002 days).
                                                                                                  
 Time: 330 of 600 seconds.  Estimated final completion at 09:51:30 (in 0.002 days).
                                                                                                  
 Time: 335 of 600 seconds.  Estimated final completion at 09:51:33 (in 0.002 days).
                                                                                                  
 Time: 340 of 600 seconds.  Estimated final completion at 09:51:41 (in 0.002 days).
                                                                                                  
 Time: 345 of 600 seconds.  Estimated final completion at 09:51:13 (in 0.001 days).
                                                                                                  
 Time: 350 of 600 seconds.  Estimated final completion at 09:51:38 (in 0.002 days).
                                                                                                  
 Time: 355 of 600 seconds.  Estimated final completion at 09:51:27 (in 0.002 days).
                                                                                                  
 Time: 360 of 600 seconds.  Estimated final completion at 09:51:32 (in 0.002 days).
                                                                                                  
 Time: 365 of 600 seconds.  Estimated final completion at 09:51:31 (in 0.002 days).
                                                                                                  
 Time: 370 of 600 seconds.  Estimated final completion at 09:51:33 (in 0.002 days).
                                                                                                  
 Time: 375 of 600 seconds.  Estimated final completion at 09:51:08 (in 0.001 days).
                                                                                                  
 Time: 380 of 600 seconds.  Estimated final completion at 09:51:40 (in 0.002 days).
                                                                                                  
 Time: 385 of 600 seconds.  Estimated final completion at 09:51:30 (in 0.001 days).
                                                                                                  
 Time: 390 of 600 seconds.  Estimated final completion at 09:51:32 (in 0.001 days).
                                                                                                  
 Time: 395 of 600 seconds.  Estimated final completion at 09:51:41 (in 0.001 days).
                                                                                                  
 Time: 400 of 600 seconds.  Estimated final completion at 09:51:30 (in 0.001 days).
                                                                                                  
 Time: 405 of 600 seconds.  Estimated final completion at 09:51:30 (in 0.001 days).
                                                                                                  
 Time: 410 of 600 seconds.  Estimated final completion at 09:51:38 (in 0.001 days).
                                                                                                  
 Time: 415 of 600 seconds.  Estimated final completion at 09:51:30 (in 0.001 days).
                                                                                                  
 Time: 420 of 600 seconds.  Estimated final completion at 09:51:26 (in 0.001 days).
                                                                                                  
 Time: 425 of 600 seconds.  Estimated final completion at 09:51:42 (in 0.001 days).
                                                                                                  
 Time: 430 of 600 seconds.  Estimated final completion at 09:51:28 (in 0.001 days).
                                                                                                  
 Time: 435 of 600 seconds.  Estimated final completion at 09:51:33 (in 0.001 days).
                                                                                                  
 Time: 440 of 600 seconds.  Estimated final completion at 09:51:32 (in 0.001 days).
                                                                                                  
 Time: 445 of 600 seconds.  Estimated final completion at 09:51:24 (in 0.001 days).
                                                                                                  
 Time: 450 of 600 seconds.  Estimated final completion at 09:51:30 (in 0.001 days).
                                                                                                  
 Time: 455 of 600 seconds.  Estimated final completion at 09:51:32 (in 0.001 days).
                                                                                                  
 Time: 460 of 600 seconds.  Estimated final completion at 09:51:35 (in 0.001 days).
                                                                                                  
 Time: 465 of 600 seconds.  Estimated final completion at 09:51:26 (in 0.001 days).
                                                                                                  
 Time: 470 of 600 seconds.  Estimated final completion at 09:51:32 (in 0.001 days).
                                                                                                  
 Time: 475 of 600 seconds.  Estimated final completion at 09:51:31 (in 0.001 days).
                                                                                                  
 Time: 480 of 600 seconds.  Estimated final completion at 09:51:33 (in 0.001 days).
                                                                                                  
 Time: 485 of 600 seconds.  Estimated final completion at 09:51:38 (in 0.001 days).
                                                                                                  
 Time: 490 of 600 seconds.  Estimated final completion at 09:51:29 (in 0.001 days).
                                                                                                  
 Time: 495 of 600 seconds.  Estimated final completion at 09:51:31 (in 0.001 days).
                                                                                                  
 Time: 500 of 600 seconds.  Estimated final completion at 09:51:29 (in 0.001 days).
                                                                                                  
 Time: 505 of 600 seconds.  Estimated final completion at 09:51:30 (in 0.001 days).
                                                                                                  
 Time: 510 of 600 seconds.  Estimated final completion at 09:51:30 (in 0.001 days).
                                                                                                  
 Time: 515 of 600 seconds.  Estimated final completion at 09:51:30 (in 0.001 days).
                                                                                                  
 Time: 520 of 600 seconds.  Estimated final completion at 09:51:25 (in 0.000 days).
                                                                                                  
 Time: 525 of 600 seconds.  Estimated final completion at 09:51:32 (in 0.001 days).
                                                                                                  
 Time: 530 of 600 seconds.  Estimated final completion at 09:51:31 (in 0.000 days).
                                                                                                  
 Time: 535 of 600 seconds.  Estimated final completion at 09:51:33 (in 0.000 days).
                                                                                                  
 Time: 540 of 600 seconds.  Estimated final completion at 09:51:30 (in 0.000 days).
                                                                                                  
 Time: 545 of 600 seconds.  Estimated final completion at 09:51:32 (in 0.000 days).
                                                                                                  
 Time: 550 of 600 seconds.  Estimated final completion at 09:51:32 (in 0.000 days).
                                                                                                  
 Time: 555 of 600 seconds.  Estimated final completion at 09:51:30 (in 0.000 days).
                                                                                                  
 Time: 560 of 600 seconds.  Estimated final completion at 09:51:32 (in 0.000 days).
                                                                                                  
 Time: 565 of 600 seconds.  Estimated final completion at 09:51:34 (in 0.000 days).
                                                                                                  
 Time: 570 of 600 seconds.  Estimated final completion at 09:51:31 (in 0.000 days).
                                                                                                  
 Time: 575 of 600 seconds.  Estimated final completion at 09:51:31 (in 0.000 days).
                                                                                                  
 Time: 580 of 600 seconds.  Estimated final completion at 09:51:30 (in 0.000 days).
                                                                                                  
 Time: 585 of 600 seconds.  Estimated final completion at 09:51:31 (in 0.000 days).
                                                                                                  
 Time: 590 of 600 seconds.  Estimated final completion at 09:51:31 (in 0.000 days).
                                                                                                  
 Time: 595 of 600 seconds.  Estimated final completion at 09:51:31 (in 0.000 days).
                                                                                                  
 Time: 600 of 600 seconds.  Estimated final completion at 09:51:31 (in 0.000 days).
                                                                                                  

 Total Real Time:       5.353 minutes
 Total CPU Time:        4.5138 minutes
 Simulation CPU Time:   4.5109 minutes
 Simulated Time:        10 minutes
 Time Ratio (Sim/CPU):  2.2168

 OpenFAST terminated normally.



======================================================================
CASE: 5MW_Land_DLL_WTurb_WS05_Seed03
FST : 5MW_Land_DLL_WTurb\OpenFAST_Case_Outputs\WS05\Seed03\5MW_Land_DLL_WTurb_WS05_Seed03.fst
======================================================================


**************************************************************************************************
OpenFAST

Copyright (C) 2026 National Renewable Energy Laboratory
Copyright (C) 2026 Envision Energy USA LTD

This program is licensed under Apache License Version 2.0 and comes with ABSOLUTELY NO WARRANTY.
See the "LICENSE" file distributed with this software for details.
**************************************************************************************************

OpenFAST-v5.0.0
Compile Info:
 - Compiler: Intel(R) Fortran Compiler 20250302
 - Architecture: 64 bit
 - Precision: single
 - OpenMP: No
 - Date: Mar 13 2026
 - Time: 19:00:22
Execution Info:
 - Date: 09/06/2026
 - Time: 09:51:30+0200

OpenFAST input file heading:
    FAST Certification Test #18: NREL 5.0 MW Baseline Wind Turbine (Onshore)

 Running ElastoDyn.
 Running InflowWind.

   Reading a 31x31 grid (145 m wide, 17.5 m to 162.5 m above ground) with a characteristic wind
   speed of 5 m/s. This full-field file was generated by TurbSim (v2.00.07a-bjj, 14-Jun-2016) on
   02-Sep-2026 at 20:03:41.

   Processed 12580 time steps of 20-Hz grid-field data (628.95 seconds).
 Running AeroDyn.
   AeroDyn: projMod: 1
   Projection: legacy (NoSweepPitchTwist), BEM: legacy (2D)
Warning: Turning off Unsteady Aerodynamics because polar has constant data. (node 1, blade 1)
Warning: Turning off Unsteady Aerodynamics because polar has constant data. (node 2, blade 1)
Warning: Turning off Unsteady Aerodynamics because polar has constant data. (node 3, blade 1)
Warning: Turning off Unsteady Aerodynamics because polar has constant data. (node 4, blade 1)
Warning: Turning off Unsteady Aerodynamics because polar has constant data. (node 1, blade 2)
Warning: Turning off Unsteady Aerodynamics because polar has constant data. (node 2, blade 2)
Warning: Turning off Unsteady Aerodynamics because polar has constant data. (node 3, blade 2)
Warning: Turning off Unsteady Aerodynamics because polar has constant data. (node 4, blade 2)
Warning: Turning off Unsteady Aerodynamics because polar has constant data. (node 1, blade 3)
Warning: Turning off Unsteady Aerodynamics because polar has constant data. (node 2, blade 3)
Warning: Turning off Unsteady Aerodynamics because polar has constant data. (node 3, blade 3)
Warning: Turning off Unsteady Aerodynamics because polar has constant data. (node 4, blade 3)
 Running ServoDyn.
 Running ServoDyn Interface for Bladed Controllers (using Intel Visual Fortran for Windows).
Using legacy Bladed DLL interface.
 Time: 0 of 600 seconds.
                                                                                                  
 Time: 5 of 600 seconds.  Estimated final completion at 09:53:31 (in 0.001 days).
                                                                                                  
 Time: 10 of 600 seconds.  Estimated final completion at 09:53:31 (in 0.001 days).
                                                                                                  
 Time: 15 of 600 seconds.  Estimated final completion at 09:54:14 (in 0.002 days).
                                                                                                  
 Time: 20 of 600 seconds.  Estimated final completion at 09:56:26 (in 0.003 days).
                                                                                                  
 Time: 25 of 600 seconds.  Estimated final completion at 09:56:16 (in 0.003 days).
                                                                                                  
 Time: 30 of 600 seconds.  Estimated final completion at 09:56:31 (in 0.003 days).
                                                                                                  
 Time: 35 of 600 seconds.  Estimated final completion at 09:56:24 (in 0.003 days).
                                                                                                  
 Time: 40 of 600 seconds.  Estimated final completion at 09:56:39 (in 0.003 days).
                                                                                                  
 Time: 45 of 600 seconds.  Estimated final completion at 09:57:06 (in 0.004 days).
                                                                                                  
 Time: 50 of 600 seconds.  Estimated final completion at 09:57:04 (in 0.004 days).
                                                                                                  
 Time: 55 of 600 seconds.  Estimated final completion at 09:57:28 (in 0.004 days).
                                                                                                  
 Time: 60 of 600 seconds.  Estimated final completion at 09:56:60 (in 0.003 days).
                                                                                                  
 Time: 65 of 600 seconds.  Estimated final completion at 09:57:05 (in 0.004 days).
                                                                                                  
 Time: 70 of 600 seconds.  Estimated final completion at 09:57:53 (in 0.004 days).
                                                                                                  
 Time: 75 of 600 seconds.  Estimated final completion at 09:57:38 (in 0.004 days).
                                                                                                  
 Time: 80 of 600 seconds.  Estimated final completion at 09:56:43 (in 0.003 days).
                                                                                                  
 Time: 85 of 600 seconds.  Estimated final completion at 09:56:51 (in 0.003 days).
                                                                                                  
 Time: 90 of 600 seconds.  Estimated final completion at 09:57:13 (in 0.003 days).
                                                                                                  
 Time: 95 of 600 seconds.  Estimated final completion at 09:57:58 (in 0.004 days).
                                                                                                  
 Time: 100 of 600 seconds.  Estimated final completion at 09:57:30 (in 0.004 days).
                                                                                                  
 Time: 105 of 600 seconds.  Estimated final completion at 09:57:22 (in 0.003 days).
                                                                                                  
 Time: 110 of 600 seconds.  Estimated final completion at 09:57:43 (in 0.004 days).
                                                                                                  
 Time: 115 of 600 seconds.  Estimated final completion at 09:57:29 (in 0.003 days).
                                                                                                  
 Time: 120 of 600 seconds.  Estimated final completion at 09:57:31 (in 0.003 days).
                                                                                                  
 Time: 125 of 600 seconds.  Estimated final completion at 09:57:38 (in 0.003 days).
                                                                                                  
 Time: 130 of 600 seconds.  Estimated final completion at 09:57:47 (in 0.004 days).
                                                                                                  
 Time: 135 of 600 seconds.  Estimated final completion at 09:57:22 (in 0.003 days).
                                                                                                  
 Time: 140 of 600 seconds.  Estimated final completion at 09:57:14 (in 0.003 days).
                                                                                                  
 Time: 145 of 600 seconds.  Estimated final completion at 09:57:28 (in 0.003 days).
                                                                                                  
 Time: 150 of 600 seconds.  Estimated final completion at 09:57:17 (in 0.003 days).
                                                                                                  
 Time: 155 of 600 seconds.  Estimated final completion at 09:56:55 (in 0.003 days).
                                                                                                  
 Time: 160 of 600 seconds.  Estimated final completion at 09:56:31 (in 0.002 days).
                                                                                                  
 Time: 165 of 600 seconds.  Estimated final completion at 09:56:56 (in 0.003 days).
                                                                                                  
 Time: 170 of 600 seconds.  Estimated final completion at 09:56:44 (in 0.003 days).
                                                                                                  
 Time: 175 of 600 seconds.  Estimated final completion at 09:56:54 (in 0.003 days).
                                                                                                  
 Time: 180 of 600 seconds.  Estimated final completion at 09:57:23 (in 0.003 days).
                                                                                                  
 Time: 185 of 600 seconds.  Estimated final completion at 09:57:30 (in 0.003 days).
                                                                                                  
 Time: 190 of 600 seconds.  Estimated final completion at 09:57:25 (in 0.003 days).
                                                                                                  
 Time: 195 of 600 seconds.  Estimated final completion at 09:57:20 (in 0.003 days).
                                                                                                  
 Time: 200 of 600 seconds.  Estimated final completion at 09:56:58 (in 0.003 days).
                                                                                                  
 Time: 205 of 600 seconds.  Estimated final completion at 09:57:27 (in 0.003 days).
                                                                                                  
 Time: 210 of 600 seconds.  Estimated final completion at 09:57:19 (in 0.003 days).
                                                                                                  
 Time: 215 of 600 seconds.  Estimated final completion at 09:57:11 (in 0.003 days).
                                                                                                  
 Time: 220 of 600 seconds.  Estimated final completion at 09:57:21 (in 0.003 days).
                                                                                                  
 Time: 225 of 600 seconds.  Estimated final completion at 09:57:06 (in 0.002 days).
                                                                                                  
 Time: 230 of 600 seconds.  Estimated final completion at 09:57:24 (in 0.003 days).
                                                                                                  
 Time: 235 of 600 seconds.  Estimated final completion at 09:57:15 (in 0.002 days).
                                                                                                  
 Time: 240 of 600 seconds.  Estimated final completion at 09:57:15 (in 0.002 days).
                                                                                                  
 Time: 245 of 600 seconds.  Estimated final completion at 09:57:37 (in 0.003 days).
                                                                                                  
 Time: 250 of 600 seconds.  Estimated final completion at 09:57:22 (in 0.002 days).
                                                                                                  
 Time: 255 of 600 seconds.  Estimated final completion at 09:57:14 (in 0.002 days).
                                                                                                  
 Time: 260 of 600 seconds.  Estimated final completion at 09:57:09 (in 0.002 days).
                                                                                                  
 Time: 265 of 600 seconds.  Estimated final completion at 09:56:45 (in 0.002 days).
                                                                                                  
 Time: 270 of 600 seconds.  Estimated final completion at 09:57:09 (in 0.002 days).
                                                                                                  
 Time: 275 of 600 seconds.  Estimated final completion at 09:57:04 (in 0.002 days).
                                                                                                  
 Time: 280 of 600 seconds.  Estimated final completion at 09:57:12 (in 0.002 days).
                                                                                                  
 Time: 285 of 600 seconds.  Estimated final completion at 09:55:42 (in 0.001 days).
                                                                                                  
 Time: 290 of 600 seconds.  Estimated final completion at 09:55:08 (in 0.001 days).
                                                                                                  
 Time: 295 of 600 seconds.  Estimated final completion at 09:55:09 (in 0.001 days).
                                                                                                  
 Time: 300 of 600 seconds.  Estimated final completion at 09:55:09 (in 0.001 days).
                                                                                                  
 Time: 305 of 600 seconds.  Estimated final completion at 09:55:09 (in 0.001 days).
                                                                                                  
 Time: 310 of 600 seconds.  Estimated final completion at 09:55:10 (in 0.001 days).
                                                                                                  
 Time: 315 of 600 seconds.  Estimated final completion at 09:55:08 (in 0.001 days).
                                                                                                  
 Time: 320 of 600 seconds.  Estimated final completion at 09:55:09 (in 0.001 days).
                                                                                                  
 Time: 325 of 600 seconds.  Estimated final completion at 09:56:07 (in 0.001 days).
                                                                                                  
 Time: 330 of 600 seconds.  Estimated final completion at 09:56:35 (in 0.002 days).
                                                                                                  
 Time: 335 of 600 seconds.  Estimated final completion at 09:56:47 (in 0.002 days).
                                                                                                  
 Time: 340 of 600 seconds.  Estimated final completion at 09:56:57 (in 0.002 days).
                                                                                                  
 Time: 345 of 600 seconds.  Estimated final completion at 09:57:17 (in 0.002 days).
                                                                                                  
 Time: 350 of 600 seconds.  Estimated final completion at 09:56:59 (in 0.002 days).
                                                                                                  
 Time: 355 of 600 seconds.  Estimated final completion at 09:56:58 (in 0.002 days).
                                                                                                  
 Time: 360 of 600 seconds.  Estimated final completion at 09:57:01 (in 0.002 days).
                                                                                                  
 Time: 365 of 600 seconds.  Estimated final completion at 09:56:38 (in 0.001 days).
                                                                                                  
 Time: 370 of 600 seconds.  Estimated final completion at 09:56:42 (in 0.001 days).
                                                                                                  
 Time: 375 of 600 seconds.  Estimated final completion at 09:56:55 (in 0.001 days).
                                                                                                  
 Time: 380 of 600 seconds.  Estimated final completion at 09:56:50 (in 0.001 days).
                                                                                                  
 Time: 385 of 600 seconds.  Estimated final completion at 09:57:04 (in 0.002 days).
                                                                                                  
 Time: 390 of 600 seconds.  Estimated final completion at 09:56:58 (in 0.001 days).
                                                                                                  
 Time: 395 of 600 seconds.  Estimated final completion at 09:57:03 (in 0.001 days).
                                                                                                  
 Time: 400 of 600 seconds.  Estimated final completion at 09:56:49 (in 0.001 days).
                                                                                                  
 Time: 405 of 600 seconds.  Estimated final completion at 09:56:55 (in 0.001 days).
                                                                                                  
 Time: 410 of 600 seconds.  Estimated final completion at 09:56:56 (in 0.001 days).
                                                                                                  
 Time: 415 of 600 seconds.  Estimated final completion at 09:56:50 (in 0.001 days).
                                                                                                  
 Time: 420 of 600 seconds.  Estimated final completion at 09:56:59 (in 0.001 days).
                                                                                                  
 Time: 425 of 600 seconds.  Estimated final completion at 09:57:00 (in 0.001 days).
                                                                                                  
 Time: 430 of 600 seconds.  Estimated final completion at 09:56:59 (in 0.001 days).
                                                                                                  
 Time: 435 of 600 seconds.  Estimated final completion at 09:56:55 (in 0.001 days).
                                                                                                  
 Time: 440 of 600 seconds.  Estimated final completion at 09:56:54 (in 0.001 days).
                                                                                                  
 Time: 445 of 600 seconds.  Estimated final completion at 09:56:58 (in 0.001 days).
                                                                                                  
 Time: 450 of 600 seconds.  Estimated final completion at 09:56:52 (in 0.001 days).
                                                                                                  
 Time: 455 of 600 seconds.  Estimated final completion at 09:56:55 (in 0.001 days).
                                                                                                  
 Time: 460 of 600 seconds.  Estimated final completion at 09:56:56 (in 0.001 days).
                                                                                                  
 Time: 465 of 600 seconds.  Estimated final completion at 09:56:56 (in 0.001 days).
                                                                                                  
 Time: 470 of 600 seconds.  Estimated final completion at 09:56:60 (in 0.001 days).
                                                                                                  
 Time: 475 of 600 seconds.  Estimated final completion at 09:56:57 (in 0.001 days).
                                                                                                  
 Time: 480 of 600 seconds.  Estimated final completion at 09:56:58 (in 0.001 days).
                                                                                                  
 Time: 485 of 600 seconds.  Estimated final completion at 09:56:56 (in 0.001 days).
                                                                                                  
 Time: 490 of 600 seconds.  Estimated final completion at 09:56:55 (in 0.001 days).
                                                                                                  
 Time: 495 of 600 seconds.  Estimated final completion at 09:56:56 (in 0.001 days).
                                                                                                  
 Time: 500 of 600 seconds.  Estimated final completion at 09:56:55 (in 0.001 days).
                                                                                                  
 Time: 505 of 600 seconds.  Estimated final completion at 09:56:53 (in 0.001 days).
                                                                                                  
 Time: 510 of 600 seconds.  Estimated final completion at 09:57:02 (in 0.001 days).
                                                                                                  
 Time: 515 of 600 seconds.  Estimated final completion at 09:57:00 (in 0.001 days).
                                                                                                  
 Time: 520 of 600 seconds.  Estimated final completion at 09:56:59 (in 0.001 days).
                                                                                                  
 Time: 525 of 600 seconds.  Estimated final completion at 09:56:47 (in 0.000 days).
                                                                                                  
 Time: 530 of 600 seconds.  Estimated final completion at 09:56:56 (in 0.000 days).
                                                                                                  
 Time: 535 of 600 seconds.  Estimated final completion at 09:56:56 (in 0.000 days).
                                                                                                  
 Time: 540 of 600 seconds.  Estimated final completion at 09:56:55 (in 0.000 days).
                                                                                                  
 Time: 545 of 600 seconds.  Estimated final completion at 09:56:58 (in 0.000 days).
                                                                                                  
 Time: 550 of 600 seconds.  Estimated final completion at 09:56:56 (in 0.000 days).
                                                                                                  
 Time: 555 of 600 seconds.  Estimated final completion at 09:56:55 (in 0.000 days).
                                                                                                  
 Time: 560 of 600 seconds.  Estimated final completion at 09:56:57 (in 0.000 days).
                                                                                                  
 Time: 565 of 600 seconds.  Estimated final completion at 09:56:56 (in 0.000 days).
                                                                                                  
 Time: 570 of 600 seconds.  Estimated final completion at 09:56:55 (in 0.000 days).
                                                                                                  
 Time: 575 of 600 seconds.  Estimated final completion at 09:56:56 (in 0.000 days).
                                                                                                  
 Time: 580 of 600 seconds.  Estimated final completion at 09:56:56 (in 0.000 days).
                                                                                                  
 Time: 585 of 600 seconds.  Estimated final completion at 09:56:56 (in 0.000 days).
                                                                                                  
 Time: 590 of 600 seconds.  Estimated final completion at 09:56:57 (in 0.000 days).
                                                                                                  
 Time: 595 of 600 seconds.  Estimated final completion at 09:56:56 (in 0.000 days).
                                                                                                  
 Time: 600 of 600 seconds.  Estimated final completion at 09:56:56 (in 0.000 days).
                                                                                                  

 Total Real Time:       5.4281 minutes
 Total CPU Time:        4.5602 minutes
 Simulation CPU Time:   4.5568 minutes
 Simulated Time:        10 minutes
 Time Ratio (Sim/CPU):  2.1945

 OpenFAST terminated normally.



======================================================================
CASE: 5MW_Land_DLL_WTurb_WS07_Seed01
FST : 5MW_Land_DLL_WTurb\OpenFAST_Case_Outputs\WS07\Seed01\5MW_Land_DLL_WTurb_WS07_Seed01.fst
======================================================================


**************************************************************************************************
OpenFAST

Copyright (C) 2026 National Renewable Energy Laboratory
Copyright (C) 2026 Envision Energy USA LTD

This program is licensed under Apache License Version 2.0 and comes with ABSOLUTELY NO WARRANTY.
See the "LICENSE" file distributed with this software for details.
**************************************************************************************************

OpenFAST-v5.0.0
Compile Info:
 - Compiler: Intel(R) Fortran Compiler 20250302
 - Architecture: 64 bit
 - Precision: single
 - OpenMP: No
 - Date: Mar 13 2026
 - Time: 19:00:22
Execution Info:
 - Date: 09/06/2026
 - Time: 09:56:56+0200

OpenFAST input file heading:
    FAST Certification Test #18: NREL 5.0 MW Baseline Wind Turbine (Onshore)

 Running ElastoDyn.
 Running InflowWind.

   Reading a 31x31 grid (145 m wide, 17.5 m to 162.5 m above ground) with a characteristic wind
   speed of 7 m/s. This full-field file was generated by TurbSim (v2.00.07a-bjj, 14-Jun-2016) on
   02-Sep-2026 at 20:05:10.

   Processed 12415 time steps of 20-Hz grid-field data (620.7 seconds).
 Running AeroDyn.
   AeroDyn: projMod: 1
   Projection: legacy (NoSweepPitchTwist), BEM: legacy (2D)
Warning: Turning off Unsteady Aerodynamics because polar has constant data. (node 1, blade 1)
Warning: Turning off Unsteady Aerodynamics because polar has constant data. (node 2, blade 1)
Warning: Turning off Unsteady Aerodynamics because polar has constant data. (node 3, blade 1)
Warning: Turning off Unsteady Aerodynamics because polar has constant data. (node 4, blade 1)
Warning: Turning off Unsteady Aerodynamics because polar has constant data. (node 1, blade 2)
Warning: Turning off Unsteady Aerodynamics because polar has constant data. (node 2, blade 2)
Warning: Turning off Unsteady Aerodynamics because polar has constant data. (node 3, blade 2)
Warning: Turning off Unsteady Aerodynamics because polar has constant data. (node 4, blade 2)
Warning: Turning off Unsteady Aerodynamics because polar has constant data. (node 1, blade 3)
Warning: Turning off Unsteady Aerodynamics because polar has constant data. (node 2, blade 3)
Warning: Turning off Unsteady Aerodynamics because polar has constant data. (node 3, blade 3)
Warning: Turning off Unsteady Aerodynamics because polar has constant data. (node 4, blade 3)
 Running ServoDyn.
 Running ServoDyn Interface for Bladed Controllers (using Intel Visual Fortran for Windows).
Using legacy Bladed DLL interface.
 Time: 0 of 600 seconds.
                                                                                                  
 Time: 5 of 600 seconds.  Estimated final completion at 09:59:00 (in 0.001 days).
                                                                                                  
 Time: 10 of 600 seconds.  Estimated final completion at 09:58:51 (in 0.001 days).
                                                                                                  
 Time: 15 of 600 seconds.  Estimated final completion at 09:59:46 (in 0.002 days).
                                                                                                  
 Time: 20 of 600 seconds.  Estimated final completion at 10:02:04 (in 0.003 days).
                                                                                                  
 Time: 25 of 600 seconds.  Estimated final completion at 10:02:51 (in 0.004 days).
                                                                                                  
 Time: 30 of 600 seconds.  Estimated final completion at 10:02:17 (in 0.004 days).
                                                                                                  
 Time: 35 of 600 seconds.  Estimated final completion at 09:58:60 (in 0.001 days).
                                                                                                  
 Time: 40 of 600 seconds.  Estimated final completion at 09:58:58 (in 0.001 days).
                                                                                                  
 Time: 45 of 600 seconds.  Estimated final completion at 09:58:59 (in 0.001 days).
                                                                                                  
 Time: 50 of 600 seconds.  Estimated final completion at 09:58:57 (in 0.001 days).
                                                                                                  
 Time: 55 of 600 seconds.  Estimated final completion at 09:58:59 (in 0.001 days).
                                                                                                  
 Time: 60 of 600 seconds.  Estimated final completion at 09:58:58 (in 0.001 days).
                                                                                                  
 Time: 65 of 600 seconds.  Estimated final completion at 09:59:00 (in 0.001 days).
                                                                                                  
 Time: 70 of 600 seconds.  Estimated final completion at 09:59:47 (in 0.002 days).
                                                                                                  
 Time: 75 of 600 seconds.  Estimated final completion at 10:02:28 (in 0.004 days).
                                                                                                  
 Time: 80 of 600 seconds.  Estimated final completion at 10:02:37 (in 0.004 days).
                                                                                                  
 Time: 85 of 600 seconds.  Estimated final completion at 10:01:54 (in 0.003 days).
                                                                                                  
 Time: 90 of 600 seconds.  Estimated final completion at 10:02:17 (in 0.003 days).
                                                                                                  
 Time: 95 of 600 seconds.  Estimated final completion at 10:02:40 (in 0.004 days).
                                                                                                  
 Time: 100 of 600 seconds.  Estimated final completion at 10:02:04 (in 0.003 days).
                                                                                                  
 Time: 105 of 600 seconds.  Estimated final completion at 10:02:29 (in 0.003 days).
                                                                                                  
 Time: 110 of 600 seconds.  Estimated final completion at 10:02:08 (in 0.003 days).
                                                                                                  
 Time: 115 of 600 seconds.  Estimated final completion at 10:02:07 (in 0.003 days).
                                                                                                  
 Time: 120 of 600 seconds.  Estimated final completion at 10:02:32 (in 0.003 days).
                                                                                                  
 Time: 125 of 600 seconds.  Estimated final completion at 09:59:28 (in 0.001 days).
                                                                                                  
 Time: 130 of 600 seconds.  Estimated final completion at 09:59:20 (in 0.001 days).
                                                                                                  
 Time: 135 of 600 seconds.  Estimated final completion at 10:00:51 (in 0.002 days).
                                                                                                  
 Time: 140 of 600 seconds.  Estimated final completion at 10:02:10 (in 0.003 days).
                                                                                                  
 Time: 145 of 600 seconds.  Estimated final completion at 10:02:13 (in 0.003 days).
                                                                                                  
 Time: 150 of 600 seconds.  Estimated final completion at 10:02:25 (in 0.003 days).
                                                                                                  
 Time: 155 of 600 seconds.  Estimated final completion at 10:01:51 (in 0.003 days).
                                                                                                  
 Time: 160 of 600 seconds.  Estimated final completion at 10:02:36 (in 0.003 days).
                                                                                                  
 Time: 165 of 600 seconds.  Estimated final completion at 10:02:03 (in 0.003 days).
                                                                                                  
 Time: 170 of 600 seconds.  Estimated final completion at 10:02:41 (in 0.003 days).
                                                                                                  
 Time: 175 of 600 seconds.  Estimated final completion at 10:02:09 (in 0.003 days).
                                                                                                  
 Time: 180 of 600 seconds.  Estimated final completion at 10:02:19 (in 0.003 days).
                                                                                                  
 Time: 185 of 600 seconds.  Estimated final completion at 10:02:27 (in 0.003 days).
                                                                                                  
 Time: 190 of 600 seconds.  Estimated final completion at 10:02:12 (in 0.003 days).
                                                                                                  
 Time: 195 of 600 seconds.  Estimated final completion at 10:02:15 (in 0.003 days).
                                                                                                  
 Time: 200 of 600 seconds.  Estimated final completion at 10:02:18 (in 0.003 days).
                                                                                                  
 Time: 205 of 600 seconds.  Estimated final completion at 10:02:11 (in 0.003 days).
                                                                                                  
 Time: 210 of 600 seconds.  Estimated final completion at 10:02:10 (in 0.003 days).
                                                                                                  
 Time: 215 of 600 seconds.  Estimated final completion at 10:02:15 (in 0.003 days).
                                                                                                  
 Time: 220 of 600 seconds.  Estimated final completion at 10:02:22 (in 0.003 days).
                                                                                                  
 Time: 225 of 600 seconds.  Estimated final completion at 10:01:31 (in 0.002 days).
                                                                                                  
 Time: 230 of 600 seconds.  Estimated final completion at 10:02:07 (in 0.002 days).
                                                                                                  
 Time: 235 of 600 seconds.  Estimated final completion at 10:02:19 (in 0.002 days).
                                                                                                  
 Time: 240 of 600 seconds.  Estimated final completion at 10:02:12 (in 0.002 days).
                                                                                                  
 Time: 245 of 600 seconds.  Estimated final completion at 10:02:18 (in 0.002 days).
                                                                                                  
 Time: 250 of 600 seconds.  Estimated final completion at 10:02:10 (in 0.002 days).
                                                                                                  
 Time: 255 of 600 seconds.  Estimated final completion at 10:02:26 (in 0.002 days).
                                                                                                  
 Time: 260 of 600 seconds.  Estimated final completion at 10:02:24 (in 0.002 days).
                                                                                                  
 Time: 265 of 600 seconds.  Estimated final completion at 10:02:20 (in 0.002 days).
                                                                                                  
 Time: 270 of 600 seconds.  Estimated final completion at 10:02:30 (in 0.002 days).
                                                                                                  
 Time: 275 of 600 seconds.  Estimated final completion at 10:02:06 (in 0.002 days).
                                                                                                  
 Time: 280 of 600 seconds.  Estimated final completion at 10:02:25 (in 0.002 days).
                                                                                                  
 Time: 285 of 600 seconds.  Estimated final completion at 10:02:06 (in 0.002 days).
                                                                                                  
 Time: 290 of 600 seconds.  Estimated final completion at 10:02:19 (in 0.002 days).
                                                                                                  
 Time: 295 of 600 seconds.  Estimated final completion at 10:02:10 (in 0.002 days).
                                                                                                  
 Time: 300 of 600 seconds.  Estimated final completion at 10:02:28 (in 0.002 days).
                                                                                                  
 Time: 305 of 600 seconds.  Estimated final completion at 10:02:31 (in 0.002 days).
                                                                                                  
 Time: 310 of 600 seconds.  Estimated final completion at 10:02:14 (in 0.002 days).
                                                                                                  
 Time: 315 of 600 seconds.  Estimated final completion at 10:02:11 (in 0.002 days).
                                                                                                  
 Time: 320 of 600 seconds.  Estimated final completion at 10:02:16 (in 0.002 days).
                                                                                                  
 Time: 325 of 600 seconds.  Estimated final completion at 10:02:27 (in 0.002 days).
                                                                                                  
 Time: 330 of 600 seconds.  Estimated final completion at 10:02:04 (in 0.002 days).
                                                                                                  
 Time: 335 of 600 seconds.  Estimated final completion at 10:02:09 (in 0.002 days).
                                                                                                  
 Time: 340 of 600 seconds.  Estimated final completion at 10:02:12 (in 0.002 days).
                                                                                                  
 Time: 345 of 600 seconds.  Estimated final completion at 10:02:21 (in 0.002 days).
                                                                                                  
 Time: 350 of 600 seconds.  Estimated final completion at 10:02:22 (in 0.002 days).
                                                                                                  
 Time: 355 of 600 seconds.  Estimated final completion at 10:02:05 (in 0.001 days).
                                                                                                  
 Time: 360 of 600 seconds.  Estimated final completion at 10:02:24 (in 0.002 days).
                                                                                                  
 Time: 365 of 600 seconds.  Estimated final completion at 10:02:06 (in 0.001 days).
                                                                                                  
 Time: 370 of 600 seconds.  Estimated final completion at 10:02:02 (in 0.001 days).
                                                                                                  
 Time: 375 of 600 seconds.  Estimated final completion at 10:02:13 (in 0.001 days).
                                                                                                  
 Time: 380 of 600 seconds.  Estimated final completion at 10:02:15 (in 0.001 days).
                                                                                                  
 Time: 385 of 600 seconds.  Estimated final completion at 10:02:12 (in 0.001 days).
                                                                                                  
 Time: 390 of 600 seconds.  Estimated final completion at 10:02:13 (in 0.001 days).
                                                                                                  
 Time: 395 of 600 seconds.  Estimated final completion at 10:02:13 (in 0.001 days).
                                                                                                  
 Time: 400 of 600 seconds.  Estimated final completion at 10:02:19 (in 0.001 days).
                                                                                                  
 Time: 405 of 600 seconds.  Estimated final completion at 10:02:14 (in 0.001 days).
                                                                                                  
 Time: 410 of 600 seconds.  Estimated final completion at 10:02:25 (in 0.001 days).
                                                                                                  
 Time: 415 of 600 seconds.  Estimated final completion at 10:02:16 (in 0.001 days).
                                                                                                  
 Time: 420 of 600 seconds.  Estimated final completion at 10:02:28 (in 0.001 days).
                                                                                                  
 Time: 425 of 600 seconds.  Estimated final completion at 10:02:09 (in 0.001 days).
                                                                                                  
 Time: 430 of 600 seconds.  Estimated final completion at 10:02:10 (in 0.001 days).
                                                                                                  
 Time: 435 of 600 seconds.  Estimated final completion at 10:01:50 (in 0.001 days).
                                                                                                  
 Time: 440 of 600 seconds.  Estimated final completion at 10:01:12 (in 0.000 days).
                                                                                                  
 Time: 445 of 600 seconds.  Estimated final completion at 10:01:38 (in 0.001 days).
                                                                                                  
 Time: 450 of 600 seconds.  Estimated final completion at 10:02:15 (in 0.001 days).
                                                                                                  
 Time: 455 of 600 seconds.  Estimated final completion at 10:02:10 (in 0.001 days).
                                                                                                  
 Time: 460 of 600 seconds.  Estimated final completion at 10:02:15 (in 0.001 days).
                                                                                                  
 Time: 465 of 600 seconds.  Estimated final completion at 10:02:11 (in 0.001 days).
                                                                                                  
 Time: 470 of 600 seconds.  Estimated final completion at 10:02:12 (in 0.001 days).
                                                                                                  
 Time: 475 of 600 seconds.  Estimated final completion at 10:02:10 (in 0.001 days).
                                                                                                  
 Time: 480 of 600 seconds.  Estimated final completion at 10:02:11 (in 0.001 days).
                                                                                                  
 Time: 485 of 600 seconds.  Estimated final completion at 10:02:12 (in 0.001 days).
                                                                                                  
 Time: 490 of 600 seconds.  Estimated final completion at 10:02:11 (in 0.001 days).
                                                                                                  
 Time: 495 of 600 seconds.  Estimated final completion at 10:02:17 (in 0.001 days).
                                                                                                  
 Time: 500 of 600 seconds.  Estimated final completion at 10:02:08 (in 0.001 days).
                                                                                                  
 Time: 505 of 600 seconds.  Estimated final completion at 10:02:08 (in 0.001 days).
                                                                                                  
 Time: 510 of 600 seconds.  Estimated final completion at 10:02:09 (in 0.001 days).
                                                                                                  
 Time: 515 of 600 seconds.  Estimated final completion at 10:02:14 (in 0.001 days).
                                                                                                  
 Time: 520 of 600 seconds.  Estimated final completion at 10:02:08 (in 0.000 days).
                                                                                                  
 Time: 525 of 600 seconds.  Estimated final completion at 10:02:11 (in 0.000 days).
                                                                                                  
 Time: 530 of 600 seconds.  Estimated final completion at 10:02:10 (in 0.000 days).
                                                                                                  
 Time: 535 of 600 seconds.  Estimated final completion at 10:02:10 (in 0.000 days).
                                                                                                  
 Time: 540 of 600 seconds.  Estimated final completion at 10:02:10 (in 0.000 days).
                                                                                                  
 Time: 545 of 600 seconds.  Estimated final completion at 10:02:13 (in 0.000 days).
                                                                                                  
 Time: 550 of 600 seconds.  Estimated final completion at 10:02:10 (in 0.000 days).
                                                                                                  
 Time: 555 of 600 seconds.  Estimated final completion at 10:02:10 (in 0.000 days).
                                                                                                  
 Time: 560 of 600 seconds.  Estimated final completion at 10:02:11 (in 0.000 days).
                                                                                                  
 Time: 565 of 600 seconds.  Estimated final completion at 10:02:09 (in 0.000 days).
                                                                                                  
 Time: 570 of 600 seconds.  Estimated final completion at 10:02:10 (in 0.000 days).
                                                                                                  
 Time: 575 of 600 seconds.  Estimated final completion at 10:02:10 (in 0.000 days).
                                                                                                  
 Time: 580 of 600 seconds.  Estimated final completion at 10:02:11 (in 0.000 days).
                                                                                                  
 Time: 585 of 600 seconds.  Estimated final completion at 10:02:10 (in 0.000 days).
                                                                                                  
 Time: 590 of 600 seconds.  Estimated final completion at 10:02:12 (in 0.000 days).
                                                                                                  
 Time: 595 of 600 seconds.  Estimated final completion at 10:02:11 (in 0.000 days).
                                                                                                  
 Time: 600 of 600 seconds.  Estimated final completion at 10:02:11 (in 0.000 days).
                                                                                                  

 Total Real Time:       5.2377 minutes
 Total CPU Time:        4.4339 minutes
 Simulation CPU Time:   4.431 minutes
 Simulated Time:        10 minutes
 Time Ratio (Sim/CPU):  2.2568

 OpenFAST terminated normally.



======================================================================
CASE: 5MW_Land_DLL_WTurb_WS07_Seed02
FST : 5MW_Land_DLL_WTurb\OpenFAST_Case_Outputs\WS07\Seed02\5MW_Land_DLL_WTurb_WS07_Seed02.fst
======================================================================


**************************************************************************************************
OpenFAST

Copyright (C) 2026 National Renewable Energy Laboratory
Copyright (C) 2026 Envision Energy USA LTD

This program is licensed under Apache License Version 2.0 and comes with ABSOLUTELY NO WARRANTY.
See the "LICENSE" file distributed with this software for details.
**************************************************************************************************

OpenFAST-v5.0.0
Compile Info:
 - Compiler: Intel(R) Fortran Compiler 20250302
 - Architecture: 64 bit
 - Precision: single
 - OpenMP: No
 - Date: Mar 13 2026
 - Time: 19:00:22
Execution Info:
 - Date: 09/06/2026
 - Time: 10:02:10+0200

OpenFAST input file heading:
    FAST Certification Test #18: NREL 5.0 MW Baseline Wind Turbine (Onshore)

 Running ElastoDyn.
 Running InflowWind.

   Reading a 31x31 grid (145 m wide, 17.5 m to 162.5 m above ground) with a characteristic wind
   speed of 7 m/s. This full-field file was generated by TurbSim (v2.00.07a-bjj, 14-Jun-2016) on
   02-Sep-2026 at 20:06:05.

   Processed 12415 time steps of 20-Hz grid-field data (620.7 seconds).
 Running AeroDyn.
   AeroDyn: projMod: 1
   Projection: legacy (NoSweepPitchTwist), BEM: legacy (2D)
Warning: Turning off Unsteady Aerodynamics because polar has constant data. (node 1, blade 1)
Warning: Turning off Unsteady Aerodynamics because polar has constant data. (node 2, blade 1)
Warning: Turning off Unsteady Aerodynamics because polar has constant data. (node 3, blade 1)
Warning: Turning off Unsteady Aerodynamics because polar has constant data. (node 4, blade 1)
Warning: Turning off Unsteady Aerodynamics because polar has constant data. (node 1, blade 2)
Warning: Turning off Unsteady Aerodynamics because polar has constant data. (node 2, blade 2)
Warning: Turning off Unsteady Aerodynamics because polar has constant data. (node 3, blade 2)
Warning: Turning off Unsteady Aerodynamics because polar has constant data. (node 4, blade 2)
Warning: Turning off Unsteady Aerodynamics because polar has constant data. (node 1, blade 3)
Warning: Turning off Unsteady Aerodynamics because polar has constant data. (node 2, blade 3)
Warning: Turning off Unsteady Aerodynamics because polar has constant data. (node 3, blade 3)
Warning: Turning off Unsteady Aerodynamics because polar has constant data. (node 4, blade 3)
 Running ServoDyn.
 Running ServoDyn Interface for Bladed Controllers (using Intel Visual Fortran for Windows).
Using legacy Bladed DLL interface.
 Time: 0 of 600 seconds.
                                                                                                  
 Time: 5 of 600 seconds.  Estimated final completion at 10:04:12 (in 0.001 days).
                                                                                                  
 Time: 10 of 600 seconds.  Estimated final completion at 10:04:07 (in 0.001 days).
                                                                                                  
 Time: 15 of 600 seconds.  Estimated final completion at 10:06:01 (in 0.003 days).
                                                                                                  
 Time: 20 of 600 seconds.  Estimated final completion at 10:07:11 (in 0.003 days).
                                                                                                  
 Time: 25 of 600 seconds.  Estimated final completion at 10:07:33 (in 0.004 days).
                                                                                                  
 Time: 30 of 600 seconds.  Estimated final completion at 10:07:30 (in 0.004 days).
                                                                                                  
 Time: 35 of 600 seconds.  Estimated final completion at 10:07:33 (in 0.004 days).
                                                                                                  
 Time: 40 of 600 seconds.  Estimated final completion at 10:07:23 (in 0.003 days).
                                                                                                  
 Time: 45 of 600 seconds.  Estimated final completion at 10:07:54 (in 0.004 days).
                                                                                                  
 Time: 50 of 600 seconds.  Estimated final completion at 10:07:43 (in 0.004 days).
                                                                                                  
 Time: 55 of 600 seconds.  Estimated final completion at 10:07:43 (in 0.004 days).
                                                                                                  
 Time: 60 of 600 seconds.  Estimated final completion at 10:07:32 (in 0.003 days).
                                                                                                  
 Time: 65 of 600 seconds.  Estimated final completion at 10:08:03 (in 0.004 days).
                                                                                                  
 Time: 70 of 600 seconds.  Estimated final completion at 10:07:48 (in 0.003 days).
                                                                                                  
 Time: 75 of 600 seconds.  Estimated final completion at 10:07:35 (in 0.003 days).
                                                                                                  
 Time: 80 of 600 seconds.  Estimated final completion at 10:08:00 (in 0.004 days).
                                                                                                  
 Time: 85 of 600 seconds.  Estimated final completion at 10:07:46 (in 0.003 days).
                                                                                                  
 Time: 90 of 600 seconds.  Estimated final completion at 10:07:47 (in 0.003 days).
                                                                                                  
 Time: 95 of 600 seconds.  Estimated final completion at 10:07:33 (in 0.003 days).
                                                                                                  
 Time: 100 of 600 seconds.  Estimated final completion at 10:07:39 (in 0.003 days).
                                                                                                  
 Time: 105 of 600 seconds.  Estimated final completion at 10:07:39 (in 0.003 days).
                                                                                                  
 Time: 110 of 600 seconds.  Estimated final completion at 10:07:53 (in 0.003 days).
                                                                                                  
 Time: 115 of 600 seconds.  Estimated final completion at 10:07:38 (in 0.003 days).
                                                                                                  
 Time: 120 of 600 seconds.  Estimated final completion at 10:07:44 (in 0.003 days).
                                                                                                  
 Time: 125 of 600 seconds.  Estimated final completion at 10:07:16 (in 0.003 days).
                                                                                                  
 Time: 130 of 600 seconds.  Estimated final completion at 10:07:57 (in 0.003 days).
                                                                                                  
 Time: 135 of 600 seconds.  Estimated final completion at 10:07:33 (in 0.003 days).
                                                                                                  
 Time: 140 of 600 seconds.  Estimated final completion at 10:08:06 (in 0.003 days).
                                                                                                  
 Time: 145 of 600 seconds.  Estimated final completion at 10:07:55 (in 0.003 days).
                                                                                                  
 Time: 150 of 600 seconds.  Estimated final completion at 10:07:46 (in 0.003 days).
                                                                                                  
 Time: 155 of 600 seconds.  Estimated final completion at 10:07:53 (in 0.003 days).
                                                                                                  
 Time: 160 of 600 seconds.  Estimated final completion at 10:07:37 (in 0.003 days).
                                                                                                  
 Time: 165 of 600 seconds.  Estimated final completion at 10:07:51 (in 0.003 days).
                                                                                                  
 Time: 170 of 600 seconds.  Estimated final completion at 10:07:44 (in 0.003 days).
                                                                                                  
 Time: 175 of 600 seconds.  Estimated final completion at 10:07:57 (in 0.003 days).
                                                                                                  
 Time: 180 of 600 seconds.  Estimated final completion at 10:07:38 (in 0.003 days).
                                                                                                  
 Time: 185 of 600 seconds.  Estimated final completion at 10:07:51 (in 0.003 days).
                                                                                                  
 Time: 190 of 600 seconds.  Estimated final completion at 10:07:37 (in 0.003 days).
                                                                                                  
 Time: 195 of 600 seconds.  Estimated final completion at 10:07:49 (in 0.003 days).
                                                                                                  
 Time: 200 of 600 seconds.  Estimated final completion at 10:07:45 (in 0.003 days).
                                                                                                  
 Time: 205 of 600 seconds.  Estimated final completion at 10:08:07 (in 0.003 days).
                                                                                                  
 Time: 210 of 600 seconds.  Estimated final completion at 10:07:38 (in 0.002 days).
                                                                                                  
 Time: 215 of 600 seconds.  Estimated final completion at 10:07:32 (in 0.002 days).
                                                                                                  
 Time: 220 of 600 seconds.  Estimated final completion at 10:08:04 (in 0.003 days).
                                                                                                  
 Time: 225 of 600 seconds.  Estimated final completion at 10:07:51 (in 0.003 days).
                                                                                                  
 Time: 230 of 600 seconds.  Estimated final completion at 10:07:31 (in 0.002 days).
                                                                                                  
 Time: 235 of 600 seconds.  Estimated final completion at 10:07:46 (in 0.002 days).
                                                                                                  
 Time: 240 of 600 seconds.  Estimated final completion at 10:07:45 (in 0.002 days).
                                                                                                  
 Time: 245 of 600 seconds.  Estimated final completion at 10:07:42 (in 0.002 days).
                                                                                                  
 Time: 250 of 600 seconds.  Estimated final completion at 10:07:54 (in 0.002 days).
                                                                                                  
 Time: 255 of 600 seconds.  Estimated final completion at 10:07:37 (in 0.002 days).
                                                                                                  
 Time: 260 of 600 seconds.  Estimated final completion at 10:07:60 (in 0.002 days).
                                                                                                  
 Time: 265 of 600 seconds.  Estimated final completion at 10:07:55 (in 0.002 days).
                                                                                                  
 Time: 270 of 600 seconds.  Estimated final completion at 10:07:45 (in 0.002 days).
                                                                                                  
 Time: 275 of 600 seconds.  Estimated final completion at 10:07:45 (in 0.002 days).
                                                                                                  
 Time: 280 of 600 seconds.  Estimated final completion at 10:07:44 (in 0.002 days).
                                                                                                  
 Time: 285 of 600 seconds.  Estimated final completion at 10:07:49 (in 0.002 days).
                                                                                                  
 Time: 290 of 600 seconds.  Estimated final completion at 10:07:35 (in 0.002 days).
                                                                                                  
 Time: 295 of 600 seconds.  Estimated final completion at 10:07:49 (in 0.002 days).
                                                                                                  
 Time: 300 of 600 seconds.  Estimated final completion at 10:07:49 (in 0.002 days).
                                                                                                  
 Time: 305 of 600 seconds.  Estimated final completion at 10:07:39 (in 0.002 days).
                                                                                                  
 Time: 310 of 600 seconds.  Estimated final completion at 10:07:37 (in 0.002 days).
                                                                                                  
 Time: 315 of 600 seconds.  Estimated final completion at 10:07:25 (in 0.002 days).
                                                                                                  
 Time: 320 of 600 seconds.  Estimated final completion at 10:07:37 (in 0.002 days).
                                                                                                  
 Time: 325 of 600 seconds.  Estimated final completion at 10:07:43 (in 0.002 days).
                                                                                                  
 Time: 330 of 600 seconds.  Estimated final completion at 10:07:43 (in 0.002 days).
                                                                                                  
 Time: 335 of 600 seconds.  Estimated final completion at 10:07:56 (in 0.002 days).
                                                                                                  
 Time: 340 of 600 seconds.  Estimated final completion at 10:07:46 (in 0.002 days).
                                                                                                  
 Time: 345 of 600 seconds.  Estimated final completion at 10:07:41 (in 0.002 days).
                                                                                                  
 Time: 350 of 600 seconds.  Estimated final completion at 10:07:51 (in 0.002 days).
                                                                                                  
 Time: 355 of 600 seconds.  Estimated final completion at 10:07:45 (in 0.002 days).
                                                                                                  
 Time: 360 of 600 seconds.  Estimated final completion at 10:07:49 (in 0.002 days).
                                                                                                  
 Time: 365 of 600 seconds.  Estimated final completion at 10:07:46 (in 0.002 days).
                                                                                                  
 Time: 370 of 600 seconds.  Estimated final completion at 10:07:50 (in 0.002 days).
                                                                                                  
 Time: 375 of 600 seconds.  Estimated final completion at 10:07:48 (in 0.002 days).
                                                                                                  
 Time: 380 of 600 seconds.  Estimated final completion at 10:07:49 (in 0.001 days).
                                                                                                  
 Time: 385 of 600 seconds.  Estimated final completion at 10:07:37 (in 0.001 days).
                                                                                                  
 Time: 390 of 600 seconds.  Estimated final completion at 10:07:30 (in 0.001 days).
                                                                                                  
 Time: 395 of 600 seconds.  Estimated final completion at 10:07:43 (in 0.001 days).
                                                                                                  
 Time: 400 of 600 seconds.  Estimated final completion at 10:07:54 (in 0.001 days).
                                                                                                  
 Time: 405 of 600 seconds.  Estimated final completion at 10:07:45 (in 0.001 days).
                                                                                                  
 Time: 410 of 600 seconds.  Estimated final completion at 10:07:49 (in 0.001 days).
                                                                                                  
 Time: 415 of 600 seconds.  Estimated final completion at 10:07:53 (in 0.001 days).
                                                                                                  
 Time: 420 of 600 seconds.  Estimated final completion at 10:07:46 (in 0.001 days).
                                                                                                  
 Time: 425 of 600 seconds.  Estimated final completion at 10:07:05 (in 0.001 days).
                                                                                                  
 Time: 430 of 600 seconds.  Estimated final completion at 10:06:40 (in 0.000 days).
                                                                                                  
 Time: 435 of 600 seconds.  Estimated final completion at 10:06:39 (in 0.000 days).
                                                                                                  
 Time: 440 of 600 seconds.  Estimated final completion at 10:06:39 (in 0.000 days).
                                                                                                  
 Time: 445 of 600 seconds.  Estimated final completion at 10:06:39 (in 0.000 days).
                                                                                                  
 Time: 450 of 600 seconds.  Estimated final completion at 10:06:39 (in 0.000 days).
                                                                                                  
 Time: 455 of 600 seconds.  Estimated final completion at 10:06:38 (in 0.000 days).
                                                                                                  
 Time: 460 of 600 seconds.  Estimated final completion at 10:06:39 (in 0.000 days).
                                                                                                  
 Time: 465 of 600 seconds.  Estimated final completion at 10:06:39 (in 0.000 days).
                                                                                                  
 Time: 470 of 600 seconds.  Estimated final completion at 10:06:39 (in 0.000 days).
                                                                                                  
 Time: 475 of 600 seconds.  Estimated final completion at 10:06:39 (in 0.000 days).
                                                                                                  
 Time: 480 of 600 seconds.  Estimated final completion at 10:06:39 (in 0.000 days).
                                                                                                  
 Time: 485 of 600 seconds.  Estimated final completion at 10:06:39 (in 0.000 days).
                                                                                                  
 Time: 490 of 600 seconds.  Estimated final completion at 10:06:39 (in 0.000 days).
                                                                                                  
 Time: 495 of 600 seconds.  Estimated final completion at 10:06:39 (in 0.000 days).
                                                                                                  
 Time: 500 of 600 seconds.  Estimated final completion at 10:06:38 (in 0.000 days).
                                                                                                  
 Time: 505 of 600 seconds.  Estimated final completion at 10:06:39 (in 0.000 days).
                                                                                                  
 Time: 510 of 600 seconds.  Estimated final completion at 10:06:39 (in 0.000 days).
                                                                                                  
 Time: 515 of 600 seconds.  Estimated final completion at 10:06:39 (in 0.000 days).
                                                                                                  
 Time: 520 of 600 seconds.  Estimated final completion at 10:06:39 (in 0.000 days).
                                                                                                  
 Time: 525 of 600 seconds.  Estimated final completion at 10:06:39 (in 0.000 days).
                                                                                                  
 Time: 530 of 600 seconds.  Estimated final completion at 10:06:56 (in 0.000 days).
                                                                                                  
 Time: 535 of 600 seconds.  Estimated final completion at 10:07:10 (in 0.000 days).
                                                                                                  
 Time: 540 of 600 seconds.  Estimated final completion at 10:07:09 (in 0.000 days).
                                                                                                  
 Time: 545 of 600 seconds.  Estimated final completion at 10:07:06 (in 0.000 days).
                                                                                                  
 Time: 550 of 600 seconds.  Estimated final completion at 10:07:08 (in 0.000 days).
                                                                                                  
 Time: 555 of 600 seconds.  Estimated final completion at 10:07:08 (in 0.000 days).
                                                                                                  
 Time: 560 of 600 seconds.  Estimated final completion at 10:07:06 (in 0.000 days).
                                                                                                  
 Time: 565 of 600 seconds.  Estimated final completion at 10:07:06 (in 0.000 days).
                                                                                                  
 Time: 570 of 600 seconds.  Estimated final completion at 10:07:08 (in 0.000 days).
                                                                                                  
 Time: 575 of 600 seconds.  Estimated final completion at 10:07:07 (in 0.000 days).
                                                                                                  
 Time: 580 of 600 seconds.  Estimated final completion at 10:07:07 (in 0.000 days).
                                                                                                  
 Time: 585 of 600 seconds.  Estimated final completion at 10:07:08 (in 0.000 days).
                                                                                                  
 Time: 590 of 600 seconds.  Estimated final completion at 10:07:07 (in 0.000 days).
                                                                                                  
 Time: 595 of 600 seconds.  Estimated final completion at 10:07:07 (in 0.000 days).
                                                                                                  
 Time: 600 of 600 seconds.  Estimated final completion at 10:07:07 (in 0.000 days).
                                                                                                  

 Total Real Time:       4.94 minutes
 Total CPU Time:        4.2247 minutes
 Simulation CPU Time:   4.2216 minutes
 Simulated Time:        10 minutes
 Time Ratio (Sim/CPU):  2.3688

 OpenFAST terminated normally.



======================================================================
CASE: 5MW_Land_DLL_WTurb_WS07_Seed03
FST : 5MW_Land_DLL_WTurb\OpenFAST_Case_Outputs\WS07\Seed03\5MW_Land_DLL_WTurb_WS07_Seed03.fst
======================================================================


**************************************************************************************************
OpenFAST

Copyright (C) 2026 National Renewable Energy Laboratory
Copyright (C) 2026 Envision Energy USA LTD

This program is licensed under Apache License Version 2.0 and comes with ABSOLUTELY NO WARRANTY.
See the "LICENSE" file distributed with this software for details.
**************************************************************************************************

OpenFAST-v5.0.0
Compile Info:
 - Compiler: Intel(R) Fortran Compiler 20250302
 - Architecture: 64 bit
 - Precision: single
 - OpenMP: No
 - Date: Mar 13 2026
 - Time: 19:00:22
Execution Info:
 - Date: 09/06/2026
 - Time: 10:07:07+0200

OpenFAST input file heading:
    FAST Certification Test #18: NREL 5.0 MW Baseline Wind Turbine (Onshore)

 Running ElastoDyn.
 Running InflowWind.

   Reading a 31x31 grid (145 m wide, 17.5 m to 162.5 m above ground) with a characteristic wind
   speed of 7 m/s. This full-field file was generated by TurbSim (v2.00.07a-bjj, 14-Jun-2016) on
   02-Sep-2026 at 20:08:48.

   Processed 12415 time steps of 20-Hz grid-field data (620.7 seconds).
 Running AeroDyn.
   AeroDyn: projMod: 1
   Projection: legacy (NoSweepPitchTwist), BEM: legacy (2D)
Warning: Turning off Unsteady Aerodynamics because polar has constant data. (node 1, blade 1)
Warning: Turning off Unsteady Aerodynamics because polar has constant data. (node 2, blade 1)
Warning: Turning off Unsteady Aerodynamics because polar has constant data. (node 3, blade 1)
Warning: Turning off Unsteady Aerodynamics because polar has constant data. (node 4, blade 1)
Warning: Turning off Unsteady Aerodynamics because polar has constant data. (node 1, blade 2)
Warning: Turning off Unsteady Aerodynamics because polar has constant data. (node 2, blade 2)
Warning: Turning off Unsteady Aerodynamics because polar has constant data. (node 3, blade 2)
Warning: Turning off Unsteady Aerodynamics because polar has constant data. (node 4, blade 2)
Warning: Turning off Unsteady Aerodynamics because polar has constant data. (node 1, blade 3)
Warning: Turning off Unsteady Aerodynamics because polar has constant data. (node 2, blade 3)
Warning: Turning off Unsteady Aerodynamics because polar has constant data. (node 3, blade 3)
Warning: Turning off Unsteady Aerodynamics because polar has constant data. (node 4, blade 3)
 Running ServoDyn.
 Running ServoDyn Interface for Bladed Controllers (using Intel Visual Fortran for Windows).
Using legacy Bladed DLL interface.
 Time: 0 of 600 seconds.
                                                                                                  
 Time: 5 of 600 seconds.  Estimated final completion at 10:09:05 (in 0.001 days).
                                                                                                  
 Time: 10 of 600 seconds.  Estimated final completion at 10:09:06 (in 0.001 days).
                                                                                                  
 Time: 15 of 600 seconds.  Estimated final completion at 10:09:44 (in 0.002 days).
                                                                                                  
 Time: 20 of 600 seconds.  Estimated final completion at 10:12:53 (in 0.004 days).
                                                                                                  
 Time: 25 of 600 seconds.  Estimated final completion at 10:12:36 (in 0.004 days).
                                                                                                  
 Time: 30 of 600 seconds.  Estimated final completion at 10:13:00 (in 0.004 days).
                                                                                                  
 Time: 35 of 600 seconds.  Estimated final completion at 10:12:55 (in 0.004 days).
                                                                                                  
 Time: 40 of 600 seconds.  Estimated final completion at 10:12:58 (in 0.004 days).
                                                                                                  
 Time: 45 of 600 seconds.  Estimated final completion at 10:12:35 (in 0.004 days).
                                                                                                  
 Time: 50 of 600 seconds.  Estimated final completion at 10:12:50 (in 0.004 days).
                                                                                                  
 Time: 55 of 600 seconds.  Estimated final completion at 10:12:49 (in 0.004 days).
                                                                                                  
 Time: 60 of 600 seconds.  Estimated final completion at 10:13:02 (in 0.004 days).
                                                                                                  
 Time: 65 of 600 seconds.  Estimated final completion at 10:12:40 (in 0.003 days).
                                                                                                  
 Time: 70 of 600 seconds.  Estimated final completion at 10:12:59 (in 0.004 days).
                                                                                                  
 Time: 75 of 600 seconds.  Estimated final completion at 10:12:26 (in 0.003 days).
                                                                                                  
 Time: 80 of 600 seconds.  Estimated final completion at 10:12:45 (in 0.003 days).
                                                                                                  
 Time: 85 of 600 seconds.  Estimated final completion at 10:12:57 (in 0.004 days).
                                                                                                  
 Time: 90 of 600 seconds.  Estimated final completion at 10:12:51 (in 0.003 days).
                                                                                                  
 Time: 95 of 600 seconds.  Estimated final completion at 10:12:28 (in 0.003 days).
                                                                                                  
 Time: 100 of 600 seconds.  Estimated final completion at 10:12:39 (in 0.003 days).
                                                                                                  
 Time: 105 of 600 seconds.  Estimated final completion at 10:12:56 (in 0.003 days).
                                                                                                  
 Time: 110 of 600 seconds.  Estimated final completion at 10:12:43 (in 0.003 days).
                                                                                                  
 Time: 115 of 600 seconds.  Estimated final completion at 10:12:41 (in 0.003 days).
                                                                                                  
 Time: 120 of 600 seconds.  Estimated final completion at 10:12:35 (in 0.003 days).
                                                                                                  
 Time: 125 of 600 seconds.  Estimated final completion at 10:12:49 (in 0.003 days).
                                                                                                  
 Time: 130 of 600 seconds.  Estimated final completion at 10:12:31 (in 0.003 days).
                                                                                                  
 Time: 135 of 600 seconds.  Estimated final completion at 10:12:28 (in 0.003 days).
                                                                                                  
 Time: 140 of 600 seconds.  Estimated final completion at 10:12:43 (in 0.003 days).
                                                                                                  
 Time: 145 of 600 seconds.  Estimated final completion at 10:12:52 (in 0.003 days).
                                                                                                  
 Time: 150 of 600 seconds.  Estimated final completion at 10:12:39 (in 0.003 days).
                                                                                                  
 Time: 155 of 600 seconds.  Estimated final completion at 10:12:40 (in 0.003 days).
                                                                                                  
 Time: 160 of 600 seconds.  Estimated final completion at 10:13:00 (in 0.003 days).
                                                                                                  
 Time: 165 of 600 seconds.  Estimated final completion at 10:12:41 (in 0.003 days).
                                                                                                  
 Time: 170 of 600 seconds.  Estimated final completion at 10:13:06 (in 0.003 days).
                                                                                                  
 Time: 175 of 600 seconds.  Estimated final completion at 10:12:51 (in 0.003 days).
                                                                                                  
 Time: 180 of 600 seconds.  Estimated final completion at 10:12:57 (in 0.003 days).
                                                                                                  
 Time: 185 of 600 seconds.  Estimated final completion at 10:12:48 (in 0.003 days).
                                                                                                  
 Time: 190 of 600 seconds.  Estimated final completion at 10:12:49 (in 0.003 days).
                                                                                                  
 Time: 195 of 600 seconds.  Estimated final completion at 10:12:59 (in 0.003 days).
                                                                                                  
 Time: 200 of 600 seconds.  Estimated final completion at 10:13:01 (in 0.003 days).
                                                                                                  
 Time: 205 of 600 seconds.  Estimated final completion at 10:12:31 (in 0.002 days).
                                                                                                  
 Time: 210 of 600 seconds.  Estimated final completion at 10:12:50 (in 0.003 days).
                                                                                                  
 Time: 215 of 600 seconds.  Estimated final completion at 10:12:51 (in 0.003 days).
                                                                                                  
 Time: 220 of 600 seconds.  Estimated final completion at 10:12:35 (in 0.002 days).
                                                                                                  
 Time: 225 of 600 seconds.  Estimated final completion at 10:12:35 (in 0.002 days).
                                                                                                  
 Time: 230 of 600 seconds.  Estimated final completion at 10:12:37 (in 0.002 days).
                                                                                                  
 Time: 235 of 600 seconds.  Estimated final completion at 10:11:47 (in 0.002 days).
                                                                                                  
 Time: 240 of 600 seconds.  Estimated final completion at 10:10:26 (in 0.001 days).
                                                                                                  
 Time: 245 of 600 seconds.  Estimated final completion at 10:10:26 (in 0.001 days).
                                                                                                  
 Time: 250 of 600 seconds.  Estimated final completion at 10:10:29 (in 0.001 days).
                                                                                                  
 Time: 255 of 600 seconds.  Estimated final completion at 10:10:28 (in 0.001 days).
                                                                                                  
 Time: 260 of 600 seconds.  Estimated final completion at 10:10:29 (in 0.001 days).
                                                                                                  
 Time: 265 of 600 seconds.  Estimated final completion at 10:10:27 (in 0.001 days).
                                                                                                  
 Time: 270 of 600 seconds.  Estimated final completion at 10:10:28 (in 0.001 days).
                                                                                                  
 Time: 275 of 600 seconds.  Estimated final completion at 10:10:27 (in 0.001 days).
                                                                                                  
 Time: 280 of 600 seconds.  Estimated final completion at 10:10:27 (in 0.001 days).
                                                                                                  
 Time: 285 of 600 seconds.  Estimated final completion at 10:10:25 (in 0.001 days).
                                                                                                  
 Time: 290 of 600 seconds.  Estimated final completion at 10:10:29 (in 0.001 days).
                                                                                                  
 Time: 295 of 600 seconds.  Estimated final completion at 10:10:35 (in 0.001 days).
                                                                                                  
 Time: 300 of 600 seconds.  Estimated final completion at 10:10:57 (in 0.001 days).
                                                                                                  
 Time: 305 of 600 seconds.  Estimated final completion at 10:10:43 (in 0.001 days).
                                                                                                  
 Time: 310 of 600 seconds.  Estimated final completion at 10:10:31 (in 0.001 days).
                                                                                                  
 Time: 315 of 600 seconds.  Estimated final completion at 10:10:41 (in 0.001 days).
                                                                                                  
 Time: 320 of 600 seconds.  Estimated final completion at 10:10:38 (in 0.001 days).
                                                                                                  
 Time: 325 of 600 seconds.  Estimated final completion at 10:10:51 (in 0.001 days).
                                                                                                  
 Time: 330 of 600 seconds.  Estimated final completion at 10:10:40 (in 0.001 days).
                                                                                                  
 Time: 335 of 600 seconds.  Estimated final completion at 10:10:37 (in 0.001 days).
                                                                                                  
 Time: 340 of 600 seconds.  Estimated final completion at 10:10:32 (in 0.001 days).
                                                                                                  
 Time: 345 of 600 seconds.  Estimated final completion at 10:10:30 (in 0.001 days).
                                                                                                  
 Time: 350 of 600 seconds.  Estimated final completion at 10:10:28 (in 0.001 days).
                                                                                                  
 Time: 355 of 600 seconds.  Estimated final completion at 10:10:43 (in 0.001 days).
                                                                                                  
 Time: 360 of 600 seconds.  Estimated final completion at 10:12:12 (in 0.002 days).
                                                                                                  
 Time: 365 of 600 seconds.  Estimated final completion at 10:11:60 (in 0.002 days).
                                                                                                  
 Time: 370 of 600 seconds.  Estimated final completion at 10:10:59 (in 0.001 days).
                                                                                                  
 Time: 375 of 600 seconds.  Estimated final completion at 10:10:34 (in 0.001 days).
                                                                                                  
 Time: 380 of 600 seconds.  Estimated final completion at 10:10:33 (in 0.000 days).
                                                                                                  
 Time: 385 of 600 seconds.  Estimated final completion at 10:10:33 (in 0.000 days).
                                                                                                  
 Time: 390 of 600 seconds.  Estimated final completion at 10:10:35 (in 0.000 days).
                                                                                                  
 Time: 395 of 600 seconds.  Estimated final completion at 10:11:37 (in 0.001 days).
                                                                                                  
 Time: 400 of 600 seconds.  Estimated final completion at 10:11:47 (in 0.001 days).
                                                                                                  
 Time: 405 of 600 seconds.  Estimated final completion at 10:11:57 (in 0.001 days).
                                                                                                  
 Time: 410 of 600 seconds.  Estimated final completion at 10:11:46 (in 0.001 days).
                                                                                                  
 Time: 415 of 600 seconds.  Estimated final completion at 10:11:55 (in 0.001 days).
                                                                                                  
 Time: 420 of 600 seconds.  Estimated final completion at 10:11:59 (in 0.001 days).
                                                                                                  
 Time: 425 of 600 seconds.  Estimated final completion at 10:11:51 (in 0.001 days).
                                                                                                  
 Time: 430 of 600 seconds.  Estimated final completion at 10:12:02 (in 0.001 days).
                                                                                                  
 Time: 435 of 600 seconds.  Estimated final completion at 10:11:59 (in 0.001 days).
                                                                                                  
 Time: 440 of 600 seconds.  Estimated final completion at 10:11:54 (in 0.001 days).
                                                                                                  
 Time: 445 of 600 seconds.  Estimated final completion at 10:11:57 (in 0.001 days).
                                                                                                  
 Time: 450 of 600 seconds.  Estimated final completion at 10:11:56 (in 0.001 days).
                                                                                                  
 Time: 455 of 600 seconds.  Estimated final completion at 10:11:47 (in 0.001 days).
                                                                                                  
 Time: 460 of 600 seconds.  Estimated final completion at 10:11:50 (in 0.001 days).
                                                                                                  
 Time: 465 of 600 seconds.  Estimated final completion at 10:11:56 (in 0.001 days).
                                                                                                  
 Time: 470 of 600 seconds.  Estimated final completion at 10:11:55 (in 0.001 days).
                                                                                                  
 Time: 475 of 600 seconds.  Estimated final completion at 10:12:01 (in 0.001 days).
                                                                                                  
 Time: 480 of 600 seconds.  Estimated final completion at 10:11:54 (in 0.001 days).
                                                                                                  
 Time: 485 of 600 seconds.  Estimated final completion at 10:11:53 (in 0.001 days).
                                                                                                  
 Time: 490 of 600 seconds.  Estimated final completion at 10:11:50 (in 0.001 days).
                                                                                                  
 Time: 495 of 600 seconds.  Estimated final completion at 10:11:55 (in 0.001 days).
                                                                                                  
 Time: 500 of 600 seconds.  Estimated final completion at 10:11:54 (in 0.001 days).
                                                                                                  
 Time: 505 of 600 seconds.  Estimated final completion at 10:11:52 (in 0.001 days).
                                                                                                  
 Time: 510 of 600 seconds.  Estimated final completion at 10:11:54 (in 0.001 days).
                                                                                                  
 Time: 515 of 600 seconds.  Estimated final completion at 10:11:55 (in 0.001 days).
                                                                                                  
 Time: 520 of 600 seconds.  Estimated final completion at 10:11:54 (in 0.001 days).
                                                                                                  
 Time: 525 of 600 seconds.  Estimated final completion at 10:11:56 (in 0.001 days).
                                                                                                  
 Time: 530 of 600 seconds.  Estimated final completion at 10:11:53 (in 0.000 days).
                                                                                                  
 Time: 535 of 600 seconds.  Estimated final completion at 10:11:52 (in 0.000 days).
                                                                                                  
 Time: 540 of 600 seconds.  Estimated final completion at 10:11:56 (in 0.000 days).
                                                                                                  
 Time: 545 of 600 seconds.  Estimated final completion at 10:11:54 (in 0.000 days).
                                                                                                  
 Time: 550 of 600 seconds.  Estimated final completion at 10:11:54 (in 0.000 days).
                                                                                                  
 Time: 555 of 600 seconds.  Estimated final completion at 10:11:54 (in 0.000 days).
                                                                                                  
 Time: 560 of 600 seconds.  Estimated final completion at 10:11:54 (in 0.000 days).
                                                                                                  
 Time: 565 of 600 seconds.  Estimated final completion at 10:11:54 (in 0.000 days).
                                                                                                  
 Time: 570 of 600 seconds.  Estimated final completion at 10:11:53 (in 0.000 days).
                                                                                                  
 Time: 575 of 600 seconds.  Estimated final completion at 10:11:54 (in 0.000 days).
                                                                                                  
 Time: 580 of 600 seconds.  Estimated final completion at 10:11:53 (in 0.000 days).
                                                                                                  
 Time: 585 of 600 seconds.  Estimated final completion at 10:11:54 (in 0.000 days).
                                                                                                  
 Time: 590 of 600 seconds.  Estimated final completion at 10:11:54 (in 0.000 days).
                                                                                                  
 Time: 595 of 600 seconds.  Estimated final completion at 10:11:54 (in 0.000 days).
                                                                                                  
 Time: 600 of 600 seconds.  Estimated final completion at 10:11:54 (in 0.000 days).
                                                                                                  

 Total Real Time:       4.7756 minutes
 Total CPU Time:        4.1214 minutes
 Simulation CPU Time:   4.1185 minutes
 Simulated Time:        10 minutes
 Time Ratio (Sim/CPU):  2.4281

 OpenFAST terminated normally.



======================================================================
CASE: 5MW_Land_DLL_WTurb_WS09_Seed01
FST : 5MW_Land_DLL_WTurb\OpenFAST_Case_Outputs\WS09\Seed01\5MW_Land_DLL_WTurb_WS09_Seed01.fst
======================================================================


**************************************************************************************************
OpenFAST

Copyright (C) 2026 National Renewable Energy Laboratory
Copyright (C) 2026 Envision Energy USA LTD

This program is licensed under Apache License Version 2.0 and comes with ABSOLUTELY NO WARRANTY.
See the "LICENSE" file distributed with this software for details.
**************************************************************************************************

OpenFAST-v5.0.0
Compile Info:
 - Compiler: Intel(R) Fortran Compiler 20250302
 - Architecture: 64 bit
 - Precision: single
 - OpenMP: No
 - Date: Mar 13 2026
 - Time: 19:00:22
Execution Info:
 - Date: 09/06/2026
 - Time: 10:11:53+0200

OpenFAST input file heading:
    FAST Certification Test #18: NREL 5.0 MW Baseline Wind Turbine (Onshore)

 Running ElastoDyn.
 Running InflowWind.

   Reading a 31x31 grid (145 m wide, 17.5 m to 162.5 m above ground) with a characteristic wind
   speed of 9 m/s. This full-field file was generated by TurbSim (v2.00.07a-bjj, 14-Jun-2016) on
   02-Sep-2026 at 20:11:26.

   Processed 12323 time steps of 20-Hz grid-field data (616.1 seconds).
 Running AeroDyn.
   AeroDyn: projMod: 1
   Projection: legacy (NoSweepPitchTwist), BEM: legacy (2D)
Warning: Turning off Unsteady Aerodynamics because polar has constant data. (node 1, blade 1)
Warning: Turning off Unsteady Aerodynamics because polar has constant data. (node 2, blade 1)
Warning: Turning off Unsteady Aerodynamics because polar has constant data. (node 3, blade 1)
Warning: Turning off Unsteady Aerodynamics because polar has constant data. (node 4, blade 1)
Warning: Turning off Unsteady Aerodynamics because polar has constant data. (node 1, blade 2)
Warning: Turning off Unsteady Aerodynamics because polar has constant data. (node 2, blade 2)
Warning: Turning off Unsteady Aerodynamics because polar has constant data. (node 3, blade 2)
Warning: Turning off Unsteady Aerodynamics because polar has constant data. (node 4, blade 2)
Warning: Turning off Unsteady Aerodynamics because polar has constant data. (node 1, blade 3)
Warning: Turning off Unsteady Aerodynamics because polar has constant data. (node 2, blade 3)
Warning: Turning off Unsteady Aerodynamics because polar has constant data. (node 3, blade 3)
Warning: Turning off Unsteady Aerodynamics because polar has constant data. (node 4, blade 3)
 Running ServoDyn.
 Running ServoDyn Interface for Bladed Controllers (using Intel Visual Fortran for Windows).
Using legacy Bladed DLL interface.
 Time: 0 of 600 seconds.
                                                                                                  
 Time: 5 of 600 seconds.  Estimated final completion at 10:13:54 (in 0.001 days).
                                                                                                  
 Time: 10 of 600 seconds.  Estimated final completion at 10:13:49 (in 0.001 days).
                                                                                                  
 Time: 15 of 600 seconds.  Estimated final completion at 10:15:15 (in 0.002 days).
                                                                                                  
 Time: 20 of 600 seconds.  Estimated final completion at 10:17:49 (in 0.004 days).
                                                                                                  
 Time: 25 of 600 seconds.  Estimated final completion at 10:17:38 (in 0.004 days).
                                                                                                  
 Time: 30 of 600 seconds.  Estimated final completion at 10:17:30 (in 0.004 days).
                                                                                                  
 Time: 35 of 600 seconds.  Estimated final completion at 10:17:39 (in 0.004 days).
                                                                                                  
 Time: 40 of 600 seconds.  Estimated final completion at 10:17:25 (in 0.004 days).
                                                                                                  
 Time: 45 of 600 seconds.  Estimated final completion at 10:17:43 (in 0.004 days).
                                                                                                  
 Time: 50 of 600 seconds.  Estimated final completion at 10:17:11 (in 0.003 days).
                                                                                                  
 Time: 55 of 600 seconds.  Estimated final completion at 10:17:49 (in 0.004 days).
                                                                                                  
 Time: 60 of 600 seconds.  Estimated final completion at 10:17:09 (in 0.003 days).
                                                                                                  
 Time: 65 of 600 seconds.  Estimated final completion at 10:17:52 (in 0.004 days).
                                                                                                  
 Time: 70 of 600 seconds.  Estimated final completion at 10:17:22 (in 0.003 days).
                                                                                                  
 Time: 75 of 600 seconds.  Estimated final completion at 10:17:28 (in 0.003 days).
                                                                                                  
 Time: 80 of 600 seconds.  Estimated final completion at 10:17:31 (in 0.003 days).
                                                                                                  
 Time: 85 of 600 seconds.  Estimated final completion at 10:17:34 (in 0.003 days).
                                                                                                  
 Time: 90 of 600 seconds.  Estimated final completion at 10:17:32 (in 0.003 days).
                                                                                                  
 Time: 95 of 600 seconds.  Estimated final completion at 10:17:22 (in 0.003 days).
                                                                                                  
 Time: 100 of 600 seconds.  Estimated final completion at 10:17:48 (in 0.003 days).
                                                                                                  
 Time: 105 of 600 seconds.  Estimated final completion at 10:17:36 (in 0.003 days).
                                                                                                  
 Time: 110 of 600 seconds.  Estimated final completion at 10:17:29 (in 0.003 days).
                                                                                                  
 Time: 115 of 600 seconds.  Estimated final completion at 10:17:30 (in 0.003 days).
                                                                                                  
 Time: 120 of 600 seconds.  Estimated final completion at 10:17:54 (in 0.003 days).
                                                                                                  
 Time: 125 of 600 seconds.  Estimated final completion at 10:17:36 (in 0.003 days).
                                                                                                  
 Time: 130 of 600 seconds.  Estimated final completion at 10:17:27 (in 0.003 days).
                                                                                                  
 Time: 135 of 600 seconds.  Estimated final completion at 10:17:28 (in 0.003 days).
                                                                                                  
 Time: 140 of 600 seconds.  Estimated final completion at 10:17:22 (in 0.003 days).
                                                                                                  
 Time: 145 of 600 seconds.  Estimated final completion at 10:17:33 (in 0.003 days).
                                                                                                  
 Time: 150 of 600 seconds.  Estimated final completion at 10:17:31 (in 0.003 days).
                                                                                                  
 Time: 155 of 600 seconds.  Estimated final completion at 10:17:25 (in 0.003 days).
                                                                                                  
 Time: 160 of 600 seconds.  Estimated final completion at 10:17:31 (in 0.003 days).
                                                                                                  
 Time: 165 of 600 seconds.  Estimated final completion at 10:17:27 (in 0.003 days).
                                                                                                  
 Time: 170 of 600 seconds.  Estimated final completion at 10:17:29 (in 0.003 days).
                                                                                                  
 Time: 175 of 600 seconds.  Estimated final completion at 10:17:27 (in 0.003 days).
                                                                                                  
 Time: 180 of 600 seconds.  Estimated final completion at 10:17:06 (in 0.002 days).
                                                                                                  
 Time: 185 of 600 seconds.  Estimated final completion at 10:17:49 (in 0.003 days).
                                                                                                  
 Time: 190 of 600 seconds.  Estimated final completion at 10:17:42 (in 0.003 days).
                                                                                                  
 Time: 195 of 600 seconds.  Estimated final completion at 10:17:47 (in 0.003 days).
                                                                                                  
 Time: 200 of 600 seconds.  Estimated final completion at 10:17:39 (in 0.003 days).
                                                                                                  
 Time: 205 of 600 seconds.  Estimated final completion at 10:17:14 (in 0.002 days).
                                                                                                  
 Time: 210 of 600 seconds.  Estimated final completion at 10:17:35 (in 0.003 days).
                                                                                                  
 Time: 215 of 600 seconds.  Estimated final completion at 10:17:38 (in 0.003 days).
                                                                                                  
 Time: 220 of 600 seconds.  Estimated final completion at 10:17:40 (in 0.003 days).
                                                                                                  
 Time: 225 of 600 seconds.  Estimated final completion at 10:17:34 (in 0.002 days).
                                                                                                  
 Time: 230 of 600 seconds.  Estimated final completion at 10:17:25 (in 0.002 days).
                                                                                                  
 Time: 235 of 600 seconds.  Estimated final completion at 10:17:24 (in 0.002 days).
                                                                                                  
 Time: 240 of 600 seconds.  Estimated final completion at 10:17:37 (in 0.002 days).
                                                                                                  
 Time: 245 of 600 seconds.  Estimated final completion at 10:17:40 (in 0.002 days).
                                                                                                  
 Time: 250 of 600 seconds.  Estimated final completion at 10:17:32 (in 0.002 days).
                                                                                                  
 Time: 255 of 600 seconds.  Estimated final completion at 10:17:50 (in 0.002 days).
                                                                                                  
 Time: 260 of 600 seconds.  Estimated final completion at 10:17:36 (in 0.002 days).
                                                                                                  
 Time: 265 of 600 seconds.  Estimated final completion at 10:17:43 (in 0.002 days).
                                                                                                  
 Time: 270 of 600 seconds.  Estimated final completion at 10:17:36 (in 0.002 days).
                                                                                                  
 Time: 275 of 600 seconds.  Estimated final completion at 10:17:28 (in 0.002 days).
                                                                                                  
 Time: 280 of 600 seconds.  Estimated final completion at 10:17:26 (in 0.002 days).
                                                                                                  
 Time: 285 of 600 seconds.  Estimated final completion at 10:17:27 (in 0.002 days).
                                                                                                  
 Time: 290 of 600 seconds.  Estimated final completion at 10:17:13 (in 0.002 days).
                                                                                                  
 Time: 295 of 600 seconds.  Estimated final completion at 10:17:21 (in 0.002 days).
                                                                                                  
 Time: 300 of 600 seconds.  Estimated final completion at 10:17:35 (in 0.002 days).
                                                                                                  
 Time: 305 of 600 seconds.  Estimated final completion at 10:17:43 (in 0.002 days).
                                                                                                  
 Time: 310 of 600 seconds.  Estimated final completion at 10:17:39 (in 0.002 days).
                                                                                                  
 Time: 315 of 600 seconds.  Estimated final completion at 10:17:29 (in 0.002 days).
                                                                                                  
 Time: 320 of 600 seconds.  Estimated final completion at 10:17:23 (in 0.002 days).
                                                                                                  
 Time: 325 of 600 seconds.  Estimated final completion at 10:17:36 (in 0.002 days).
                                                                                                  
 Time: 330 of 600 seconds.  Estimated final completion at 10:17:33 (in 0.002 days).
                                                                                                  
 Time: 335 of 600 seconds.  Estimated final completion at 10:17:29 (in 0.002 days).
                                                                                                  
 Time: 340 of 600 seconds.  Estimated final completion at 10:17:31 (in 0.002 days).
                                                                                                  
 Time: 345 of 600 seconds.  Estimated final completion at 10:17:15 (in 0.001 days).
                                                                                                  
 Time: 350 of 600 seconds.  Estimated final completion at 10:17:16 (in 0.001 days).
                                                                                                  
 Time: 355 of 600 seconds.  Estimated final completion at 10:17:19 (in 0.001 days).
                                                                                                  
 Time: 360 of 600 seconds.  Estimated final completion at 10:17:38 (in 0.002 days).
                                                                                                  
 Time: 365 of 600 seconds.  Estimated final completion at 10:17:29 (in 0.002 days).
                                                                                                  
 Time: 370 of 600 seconds.  Estimated final completion at 10:17:47 (in 0.002 days).
                                                                                                  
 Time: 375 of 600 seconds.  Estimated final completion at 10:17:23 (in 0.001 days).
                                                                                                  
 Time: 380 of 600 seconds.  Estimated final completion at 10:17:39 (in 0.002 days).
                                                                                                  
 Time: 385 of 600 seconds.  Estimated final completion at 10:17:28 (in 0.001 days).
                                                                                                  
 Time: 390 of 600 seconds.  Estimated final completion at 10:17:43 (in 0.002 days).
                                                                                                  
 Time: 395 of 600 seconds.  Estimated final completion at 10:17:40 (in 0.001 days).
                                                                                                  
 Time: 400 of 600 seconds.  Estimated final completion at 10:17:32 (in 0.001 days).
                                                                                                  
 Time: 405 of 600 seconds.  Estimated final completion at 10:17:47 (in 0.001 days).
                                                                                                  
 Time: 410 of 600 seconds.  Estimated final completion at 10:17:30 (in 0.001 days).
                                                                                                  
 Time: 415 of 600 seconds.  Estimated final completion at 10:17:43 (in 0.001 days).
                                                                                                  
 Time: 420 of 600 seconds.  Estimated final completion at 10:17:31 (in 0.001 days).
                                                                                                  
 Time: 425 of 600 seconds.  Estimated final completion at 10:17:37 (in 0.001 days).
                                                                                                  
 Time: 430 of 600 seconds.  Estimated final completion at 10:17:27 (in 0.001 days).
                                                                                                  
 Time: 435 of 600 seconds.  Estimated final completion at 10:17:31 (in 0.001 days).
                                                                                                  
 Time: 440 of 600 seconds.  Estimated final completion at 10:17:30 (in 0.001 days).
                                                                                                  
 Time: 445 of 600 seconds.  Estimated final completion at 10:17:31 (in 0.001 days).
                                                                                                  
 Time: 450 of 600 seconds.  Estimated final completion at 10:17:27 (in 0.001 days).
                                                                                                  
 Time: 455 of 600 seconds.  Estimated final completion at 10:17:31 (in 0.001 days).
                                                                                                  
 Time: 460 of 600 seconds.  Estimated final completion at 10:17:30 (in 0.001 days).
                                                                                                  
 Time: 465 of 600 seconds.  Estimated final completion at 10:17:32 (in 0.001 days).
                                                                                                  
 Time: 470 of 600 seconds.  Estimated final completion at 10:17:27 (in 0.001 days).
                                                                                                  
 Time: 475 of 600 seconds.  Estimated final completion at 10:17:31 (in 0.001 days).
                                                                                                  
 Time: 480 of 600 seconds.  Estimated final completion at 10:17:35 (in 0.001 days).
                                                                                                  
 Time: 485 of 600 seconds.  Estimated final completion at 10:17:29 (in 0.001 days).
                                                                                                  
 Time: 490 of 600 seconds.  Estimated final completion at 10:17:31 (in 0.001 days).
                                                                                                  
 Time: 495 of 600 seconds.  Estimated final completion at 10:17:23 (in 0.001 days).
                                                                                                  
 Time: 500 of 600 seconds.  Estimated final completion at 10:17:36 (in 0.001 days).
                                                                                                  
 Time: 505 of 600 seconds.  Estimated final completion at 10:17:25 (in 0.001 days).
                                                                                                  
 Time: 510 of 600 seconds.  Estimated final completion at 10:17:32 (in 0.001 days).
                                                                                                  
 Time: 515 of 600 seconds.  Estimated final completion at 10:17:32 (in 0.001 days).
                                                                                                  
 Time: 520 of 600 seconds.  Estimated final completion at 10:17:28 (in 0.000 days).
                                                                                                  
 Time: 525 of 600 seconds.  Estimated final completion at 10:17:28 (in 0.000 days).
                                                                                                  
 Time: 530 of 600 seconds.  Estimated final completion at 10:17:31 (in 0.000 days).
                                                                                                  
 Time: 535 of 600 seconds.  Estimated final completion at 10:17:30 (in 0.000 days).
                                                                                                  
 Time: 540 of 600 seconds.  Estimated final completion at 10:17:31 (in 0.000 days).
                                                                                                  
 Time: 545 of 600 seconds.  Estimated final completion at 10:17:26 (in 0.000 days).
                                                                                                  
 Time: 550 of 600 seconds.  Estimated final completion at 10:17:27 (in 0.000 days).
                                                                                                  
 Time: 555 of 600 seconds.  Estimated final completion at 10:17:29 (in 0.000 days).
                                                                                                  
 Time: 560 of 600 seconds.  Estimated final completion at 10:17:29 (in 0.000 days).
                                                                                                  
 Time: 565 of 600 seconds.  Estimated final completion at 10:17:31 (in 0.000 days).
                                                                                                  
 Time: 570 of 600 seconds.  Estimated final completion at 10:17:29 (in 0.000 days).
                                                                                                  
 Time: 575 of 600 seconds.  Estimated final completion at 10:17:30 (in 0.000 days).
                                                                                                  
 Time: 580 of 600 seconds.  Estimated final completion at 10:17:30 (in 0.000 days).
                                                                                                  
 Time: 585 of 600 seconds.  Estimated final completion at 10:17:30 (in 0.000 days).
                                                                                                  
 Time: 590 of 600 seconds.  Estimated final completion at 10:17:29 (in 0.000 days).
                                                                                                  
 Time: 595 of 600 seconds.  Estimated final completion at 10:17:30 (in 0.000 days).
                                                                                                  
 Time: 600 of 600 seconds.  Estimated final completion at 10:17:30 (in 0.000 days).
                                                                                                  

 Total Real Time:       5.6043 minutes
 Total CPU Time:        4.7432 minutes
 Simulation CPU Time:   4.7396 minutes
 Simulated Time:        10 minutes
 Time Ratio (Sim/CPU):  2.1099

 OpenFAST terminated normally.



======================================================================
CASE: 5MW_Land_DLL_WTurb_WS09_Seed02
FST : 5MW_Land_DLL_WTurb\OpenFAST_Case_Outputs\WS09\Seed02\5MW_Land_DLL_WTurb_WS09_Seed02.fst
======================================================================


**************************************************************************************************
OpenFAST

Copyright (C) 2026 National Renewable Energy Laboratory
Copyright (C) 2026 Envision Energy USA LTD

This program is licensed under Apache License Version 2.0 and comes with ABSOLUTELY NO WARRANTY.
See the "LICENSE" file distributed with this software for details.
**************************************************************************************************

OpenFAST-v5.0.0
Compile Info:
 - Compiler: Intel(R) Fortran Compiler 20250302
 - Architecture: 64 bit
 - Precision: single
 - OpenMP: No
 - Date: Mar 13 2026
 - Time: 19:00:22
Execution Info:
 - Date: 09/06/2026
 - Time: 10:17:30+0200

OpenFAST input file heading:
    FAST Certification Test #18: NREL 5.0 MW Baseline Wind Turbine (Onshore)

 Running ElastoDyn.
 Running InflowWind.

   Reading a 31x31 grid (145 m wide, 17.5 m to 162.5 m above ground) with a characteristic wind
   speed of 9 m/s. This full-field file was generated by TurbSim (v2.00.07a-bjj, 14-Jun-2016) on
   02-Sep-2026 at 20:14:13.

   Processed 12323 time steps of 20-Hz grid-field data (616.1 seconds).
 Running AeroDyn.
   AeroDyn: projMod: 1
   Projection: legacy (NoSweepPitchTwist), BEM: legacy (2D)
Warning: Turning off Unsteady Aerodynamics because polar has constant data. (node 1, blade 1)
Warning: Turning off Unsteady Aerodynamics because polar has constant data. (node 2, blade 1)
Warning: Turning off Unsteady Aerodynamics because polar has constant data. (node 3, blade 1)
Warning: Turning off Unsteady Aerodynamics because polar has constant data. (node 4, blade 1)
Warning: Turning off Unsteady Aerodynamics because polar has constant data. (node 1, blade 2)
Warning: Turning off Unsteady Aerodynamics because polar has constant data. (node 2, blade 2)
Warning: Turning off Unsteady Aerodynamics because polar has constant data. (node 3, blade 2)
Warning: Turning off Unsteady Aerodynamics because polar has constant data. (node 4, blade 2)
Warning: Turning off Unsteady Aerodynamics because polar has constant data. (node 1, blade 3)
Warning: Turning off Unsteady Aerodynamics because polar has constant data. (node 2, blade 3)
Warning: Turning off Unsteady Aerodynamics because polar has constant data. (node 3, blade 3)
Warning: Turning off Unsteady Aerodynamics because polar has constant data. (node 4, blade 3)
 Running ServoDyn.
 Running ServoDyn Interface for Bladed Controllers (using Intel Visual Fortran for Windows).
Using legacy Bladed DLL interface.
 Time: 0 of 600 seconds.
                                                                                                  
 Time: 5 of 600 seconds.  Estimated final completion at 10:19:28 (in 0.001 days).
                                                                                                  
 Time: 10 of 600 seconds.  Estimated final completion at 10:19:24 (in 0.001 days).
                                                                                                  
 Time: 15 of 600 seconds.  Estimated final completion at 10:19:37 (in 0.001 days).
                                                                                                  
 Time: 20 of 600 seconds.  Estimated final completion at 10:23:13 (in 0.004 days).
                                                                                                  
 Time: 25 of 600 seconds.  Estimated final completion at 10:22:50 (in 0.004 days).
                                                                                                  
 Time: 30 of 600 seconds.  Estimated final completion at 10:23:11 (in 0.004 days).
                                                                                                  
 Time: 35 of 600 seconds.  Estimated final completion at 10:23:20 (in 0.004 days).
                                                                                                  
 Time: 40 of 600 seconds.  Estimated final completion at 10:23:28 (in 0.004 days).
                                                                                                  
 Time: 45 of 600 seconds.  Estimated final completion at 10:23:08 (in 0.004 days).
                                                                                                  
 Time: 50 of 600 seconds.  Estimated final completion at 10:23:04 (in 0.004 days).
                                                                                                  
 Time: 55 of 600 seconds.  Estimated final completion at 10:23:11 (in 0.004 days).
                                                                                                  
 Time: 60 of 600 seconds.  Estimated final completion at 10:23:11 (in 0.004 days).
                                                                                                  
 Time: 65 of 600 seconds.  Estimated final completion at 10:23:07 (in 0.004 days).
                                                                                                  
 Time: 70 of 600 seconds.  Estimated final completion at 10:23:29 (in 0.004 days).
                                                                                                  
 Time: 75 of 600 seconds.  Estimated final completion at 10:22:43 (in 0.003 days).
                                                                                                  
 Time: 80 of 600 seconds.  Estimated final completion at 10:22:56 (in 0.003 days).
                                                                                                  
 Time: 85 of 600 seconds.  Estimated final completion at 10:22:55 (in 0.003 days).
                                                                                                  
 Time: 90 of 600 seconds.  Estimated final completion at 10:23:07 (in 0.003 days).
                                                                                                  
 Time: 95 of 600 seconds.  Estimated final completion at 10:23:27 (in 0.004 days).
                                                                                                  
 Time: 100 of 600 seconds.  Estimated final completion at 10:22:50 (in 0.003 days).
                                                                                                  
 Time: 105 of 600 seconds.  Estimated final completion at 10:23:08 (in 0.003 days).
                                                                                                  
 Time: 110 of 600 seconds.  Estimated final completion at 10:22:46 (in 0.003 days).
                                                                                                  
 Time: 115 of 600 seconds.  Estimated final completion at 10:23:05 (in 0.003 days).
                                                                                                  
 Time: 120 of 600 seconds.  Estimated final completion at 10:22:46 (in 0.003 days).
                                                                                                  
 Time: 125 of 600 seconds.  Estimated final completion at 10:23:10 (in 0.003 days).
                                                                                                  
 Time: 130 of 600 seconds.  Estimated final completion at 10:23:16 (in 0.003 days).
                                                                                                  
 Time: 135 of 600 seconds.  Estimated final completion at 10:23:08 (in 0.003 days).
                                                                                                  
 Time: 140 of 600 seconds.  Estimated final completion at 10:23:23 (in 0.003 days).
                                                                                                  
 Time: 145 of 600 seconds.  Estimated final completion at 10:22:58 (in 0.003 days).
                                                                                                  
 Time: 150 of 600 seconds.  Estimated final completion at 10:23:16 (in 0.003 days).
                                                                                                  
 Time: 155 of 600 seconds.  Estimated final completion at 10:23:06 (in 0.003 days).
                                                                                                  
 Time: 160 of 600 seconds.  Estimated final completion at 10:23:26 (in 0.003 days).
                                                                                                  
 Time: 165 of 600 seconds.  Estimated final completion at 10:23:04 (in 0.003 days).
                                                                                                  
 Time: 170 of 600 seconds.  Estimated final completion at 10:23:13 (in 0.003 days).
                                                                                                  
 Time: 175 of 600 seconds.  Estimated final completion at 10:23:14 (in 0.003 days).
                                                                                                  
 Time: 180 of 600 seconds.  Estimated final completion at 10:23:27 (in 0.003 days).
                                                                                                  
 Time: 185 of 600 seconds.  Estimated final completion at 10:23:14 (in 0.003 days).
                                                                                                  
 Time: 190 of 600 seconds.  Estimated final completion at 10:23:10 (in 0.003 days).
                                                                                                  
 Time: 195 of 600 seconds.  Estimated final completion at 10:23:06 (in 0.003 days).
                                                                                                  
 Time: 200 of 600 seconds.  Estimated final completion at 10:23:11 (in 0.003 days).
                                                                                                  
 Time: 205 of 600 seconds.  Estimated final completion at 10:23:07 (in 0.003 days).
                                                                                                  
 Time: 210 of 600 seconds.  Estimated final completion at 10:23:13 (in 0.003 days).
                                                                                                  
 Time: 215 of 600 seconds.  Estimated final completion at 10:23:06 (in 0.003 days).
                                                                                                  
 Time: 220 of 600 seconds.  Estimated final completion at 10:22:50 (in 0.002 days).
                                                                                                  
 Time: 225 of 600 seconds.  Estimated final completion at 10:23:12 (in 0.003 days).
                                                                                                  
 Time: 230 of 600 seconds.  Estimated final completion at 10:23:10 (in 0.002 days).
                                                                                                  
 Time: 235 of 600 seconds.  Estimated final completion at 10:23:24 (in 0.003 days).
                                                                                                  
 Time: 240 of 600 seconds.  Estimated final completion at 10:23:02 (in 0.002 days).
                                                                                                  
 Time: 245 of 600 seconds.  Estimated final completion at 10:23:05 (in 0.002 days).
                                                                                                  
 Time: 250 of 600 seconds.  Estimated final completion at 10:23:11 (in 0.002 days).
                                                                                                  
 Time: 255 of 600 seconds.  Estimated final completion at 10:23:05 (in 0.002 days).
                                                                                                  
 Time: 260 of 600 seconds.  Estimated final completion at 10:23:15 (in 0.002 days).
                                                                                                  
 Time: 265 of 600 seconds.  Estimated final completion at 10:22:56 (in 0.002 days).
                                                                                                  
 Time: 270 of 600 seconds.  Estimated final completion at 10:23:12 (in 0.002 days).
                                                                                                  
 Time: 275 of 600 seconds.  Estimated final completion at 10:23:10 (in 0.002 days).
                                                                                                  
 Time: 280 of 600 seconds.  Estimated final completion at 10:23:15 (in 0.002 days).
                                                                                                  
 Time: 285 of 600 seconds.  Estimated final completion at 10:22:42 (in 0.002 days).
                                                                                                  
 Time: 290 of 600 seconds.  Estimated final completion at 10:22:58 (in 0.002 days).
                                                                                                  
 Time: 295 of 600 seconds.  Estimated final completion at 10:23:20 (in 0.002 days).
                                                                                                  
 Time: 300 of 600 seconds.  Estimated final completion at 10:23:04 (in 0.002 days).
                                                                                                  
 Time: 305 of 600 seconds.  Estimated final completion at 10:23:07 (in 0.002 days).
                                                                                                  
 Time: 310 of 600 seconds.  Estimated final completion at 10:22:59 (in 0.002 days).
                                                                                                  
 Time: 315 of 600 seconds.  Estimated final completion at 10:23:16 (in 0.002 days).
                                                                                                  
 Time: 320 of 600 seconds.  Estimated final completion at 10:23:05 (in 0.002 days).
                                                                                                  
 Time: 325 of 600 seconds.  Estimated final completion at 10:23:08 (in 0.002 days).
                                                                                                  
 Time: 330 of 600 seconds.  Estimated final completion at 10:23:08 (in 0.002 days).
                                                                                                  
 Time: 335 of 600 seconds.  Estimated final completion at 10:23:28 (in 0.002 days).
                                                                                                  
 Time: 340 of 600 seconds.  Estimated final completion at 10:23:04 (in 0.002 days).
                                                                                                  
 Time: 345 of 600 seconds.  Estimated final completion at 10:23:16 (in 0.002 days).
                                                                                                  
 Time: 350 of 600 seconds.  Estimated final completion at 10:23:05 (in 0.002 days).
                                                                                                  
 Time: 355 of 600 seconds.  Estimated final completion at 10:23:10 (in 0.002 days).
                                                                                                  
 Time: 360 of 600 seconds.  Estimated final completion at 10:23:16 (in 0.002 days).
                                                                                                  
 Time: 365 of 600 seconds.  Estimated final completion at 10:23:12 (in 0.002 days).
                                                                                                  
 Time: 370 of 600 seconds.  Estimated final completion at 10:23:06 (in 0.001 days).
                                                                                                  
 Time: 375 of 600 seconds.  Estimated final completion at 10:23:10 (in 0.002 days).
                                                                                                  
 Time: 380 of 600 seconds.  Estimated final completion at 10:23:09 (in 0.001 days).
                                                                                                  
 Time: 385 of 600 seconds.  Estimated final completion at 10:23:03 (in 0.001 days).
                                                                                                  
 Time: 390 of 600 seconds.  Estimated final completion at 10:23:17 (in 0.001 days).
                                                                                                  
 Time: 395 of 600 seconds.  Estimated final completion at 10:23:16 (in 0.001 days).
                                                                                                  
 Time: 400 of 600 seconds.  Estimated final completion at 10:23:15 (in 0.001 days).
                                                                                                  
 Time: 405 of 600 seconds.  Estimated final completion at 10:23:14 (in 0.001 days).
                                                                                                  
 Time: 410 of 600 seconds.  Estimated final completion at 10:23:07 (in 0.001 days).
                                                                                                  
 Time: 415 of 600 seconds.  Estimated final completion at 10:23:09 (in 0.001 days).
                                                                                                  
 Time: 420 of 600 seconds.  Estimated final completion at 10:23:02 (in 0.001 days).
                                                                                                  
 Time: 425 of 600 seconds.  Estimated final completion at 10:23:06 (in 0.001 days).
                                                                                                  
 Time: 430 of 600 seconds.  Estimated final completion at 10:23:02 (in 0.001 days).
                                                                                                  
 Time: 435 of 600 seconds.  Estimated final completion at 10:23:10 (in 0.001 days).
                                                                                                  
 Time: 440 of 600 seconds.  Estimated final completion at 10:23:08 (in 0.001 days).
                                                                                                  
 Time: 445 of 600 seconds.  Estimated final completion at 10:23:05 (in 0.001 days).
                                                                                                  
 Time: 450 of 600 seconds.  Estimated final completion at 10:23:10 (in 0.001 days).
                                                                                                  
 Time: 455 of 600 seconds.  Estimated final completion at 10:23:03 (in 0.001 days).
                                                                                                  
 Time: 460 of 600 seconds.  Estimated final completion at 10:23:07 (in 0.001 days).
                                                                                                  
 Time: 465 of 600 seconds.  Estimated final completion at 10:23:06 (in 0.001 days).
                                                                                                  
 Time: 470 of 600 seconds.  Estimated final completion at 10:23:13 (in 0.001 days).
                                                                                                  
 Time: 475 of 600 seconds.  Estimated final completion at 10:23:14 (in 0.001 days).
                                                                                                  
 Time: 480 of 600 seconds.  Estimated final completion at 10:23:11 (in 0.001 days).
                                                                                                  
 Time: 485 of 600 seconds.  Estimated final completion at 10:23:11 (in 0.001 days).
                                                                                                  
 Time: 490 of 600 seconds.  Estimated final completion at 10:23:14 (in 0.001 days).
                                                                                                  
 Time: 495 of 600 seconds.  Estimated final completion at 10:23:09 (in 0.001 days).
                                                                                                  
 Time: 500 of 600 seconds.  Estimated final completion at 10:23:13 (in 0.001 days).
                                                                                                  
 Time: 505 of 600 seconds.  Estimated final completion at 10:23:12 (in 0.001 days).
                                                                                                  
 Time: 510 of 600 seconds.  Estimated final completion at 10:23:07 (in 0.001 days).
                                                                                                  
 Time: 515 of 600 seconds.  Estimated final completion at 10:23:10 (in 0.001 days).
                                                                                                  
 Time: 520 of 600 seconds.  Estimated final completion at 10:23:12 (in 0.001 days).
                                                                                                  
 Time: 525 of 600 seconds.  Estimated final completion at 10:23:14 (in 0.001 days).
                                                                                                  
 Time: 530 of 600 seconds.  Estimated final completion at 10:23:11 (in 0.000 days).
                                                                                                  
 Time: 535 of 600 seconds.  Estimated final completion at 10:23:07 (in 0.000 days).
                                                                                                  
 Time: 540 of 600 seconds.  Estimated final completion at 10:23:07 (in 0.000 days).
                                                                                                  
 Time: 545 of 600 seconds.  Estimated final completion at 10:23:09 (in 0.000 days).
                                                                                                  
 Time: 550 of 600 seconds.  Estimated final completion at 10:23:10 (in 0.000 days).
                                                                                                  
 Time: 555 of 600 seconds.  Estimated final completion at 10:23:10 (in 0.000 days).
                                                                                                  
 Time: 560 of 600 seconds.  Estimated final completion at 10:23:10 (in 0.000 days).
                                                                                                  
 Time: 565 of 600 seconds.  Estimated final completion at 10:23:09 (in 0.000 days).
                                                                                                  
 Time: 570 of 600 seconds.  Estimated final completion at 10:23:09 (in 0.000 days).
                                                                                                  
 Time: 575 of 600 seconds.  Estimated final completion at 10:23:10 (in 0.000 days).
                                                                                                  
 Time: 580 of 600 seconds.  Estimated final completion at 10:23:11 (in 0.000 days).
                                                                                                  
 Time: 585 of 600 seconds.  Estimated final completion at 10:23:09 (in 0.000 days).
                                                                                                  
 Time: 590 of 600 seconds.  Estimated final completion at 10:23:10 (in 0.000 days).
                                                                                                  
 Time: 595 of 600 seconds.  Estimated final completion at 10:23:09 (in 0.000 days).
                                                                                                  
 Time: 600 of 600 seconds.  Estimated final completion at 10:23:10 (in 0.000 days).
                                                                                                  

 Total Real Time:       5.6565 minutes
 Total CPU Time:        4.724 minutes
 Simulation CPU Time:   4.7211 minutes
 Simulated Time:        10 minutes
 Time Ratio (Sim/CPU):  2.1182

 OpenFAST terminated normally.



======================================================================
CASE: 5MW_Land_DLL_WTurb_WS09_Seed03
FST : 5MW_Land_DLL_WTurb\OpenFAST_Case_Outputs\WS09\Seed03\5MW_Land_DLL_WTurb_WS09_Seed03.fst
======================================================================


**************************************************************************************************
OpenFAST

Copyright (C) 2026 National Renewable Energy Laboratory
Copyright (C) 2026 Envision Energy USA LTD

This program is licensed under Apache License Version 2.0 and comes with ABSOLUTELY NO WARRANTY.
See the "LICENSE" file distributed with this software for details.
**************************************************************************************************

OpenFAST-v5.0.0
Compile Info:
 - Compiler: Intel(R) Fortran Compiler 20250302
 - Architecture: 64 bit
 - Precision: single
 - OpenMP: No
 - Date: Mar 13 2026
 - Time: 19:00:22
Execution Info:
 - Date: 09/06/2026
 - Time: 10:23:09+0200

OpenFAST input file heading:
    FAST Certification Test #18: NREL 5.0 MW Baseline Wind Turbine (Onshore)

 Running ElastoDyn.
 Running InflowWind.

   Reading a 31x31 grid (145 m wide, 17.5 m to 162.5 m above ground) with a characteristic wind
   speed of 9 m/s. This full-field file was generated by TurbSim (v2.00.07a-bjj, 14-Jun-2016) on
   02-Sep-2026 at 20:15:33.

   Processed 12323 time steps of 20-Hz grid-field data (616.1 seconds).
 Running AeroDyn.
   AeroDyn: projMod: 1
   Projection: legacy (NoSweepPitchTwist), BEM: legacy (2D)
Warning: Turning off Unsteady Aerodynamics because polar has constant data. (node 1, blade 1)
Warning: Turning off Unsteady Aerodynamics because polar has constant data. (node 2, blade 1)
Warning: Turning off Unsteady Aerodynamics because polar has constant data. (node 3, blade 1)
Warning: Turning off Unsteady Aerodynamics because polar has constant data. (node 4, blade 1)
Warning: Turning off Unsteady Aerodynamics because polar has constant data. (node 1, blade 2)
Warning: Turning off Unsteady Aerodynamics because polar has constant data. (node 2, blade 2)
Warning: Turning off Unsteady Aerodynamics because polar has constant data. (node 3, blade 2)
Warning: Turning off Unsteady Aerodynamics because polar has constant data. (node 4, blade 2)
Warning: Turning off Unsteady Aerodynamics because polar has constant data. (node 1, blade 3)
Warning: Turning off Unsteady Aerodynamics because polar has constant data. (node 2, blade 3)
Warning: Turning off Unsteady Aerodynamics because polar has constant data. (node 3, blade 3)
Warning: Turning off Unsteady Aerodynamics because polar has constant data. (node 4, blade 3)
 Running ServoDyn.
 Running ServoDyn Interface for Bladed Controllers (using Intel Visual Fortran for Windows).
Using legacy Bladed DLL interface.
 Time: 0 of 600 seconds.
                                                                                                  
 Time: 5 of 600 seconds.  Estimated final completion at 10:25:09 (in 0.001 days).
                                                                                                  
 Time: 10 of 600 seconds.  Estimated final completion at 10:25:05 (in 0.001 days).
                                                                                                  
 Time: 15 of 600 seconds.  Estimated final completion at 10:25:36 (in 0.002 days).
                                                                                                  
 Time: 20 of 600 seconds.  Estimated final completion at 10:28:07 (in 0.003 days).
                                                                                                  
 Time: 25 of 600 seconds.  Estimated final completion at 10:28:19 (in 0.003 days).
                                                                                                  
 Time: 30 of 600 seconds.  Estimated final completion at 10:28:51 (in 0.004 days).
                                                                                                  
 Time: 35 of 600 seconds.  Estimated final completion at 10:28:37 (in 0.004 days).
                                                                                                  
 Time: 40 of 600 seconds.  Estimated final completion at 10:28:35 (in 0.004 days).
                                                                                                  
 Time: 45 of 600 seconds.  Estimated final completion at 10:28:33 (in 0.004 days).
                                                                                                  
 Time: 50 of 600 seconds.  Estimated final completion at 10:28:38 (in 0.004 days).
                                                                                                  
 Time: 55 of 600 seconds.  Estimated final completion at 10:28:41 (in 0.004 days).
                                                                                                  
 Time: 60 of 600 seconds.  Estimated final completion at 10:28:51 (in 0.004 days).
                                                                                                  
 Time: 65 of 600 seconds.  Estimated final completion at 10:28:50 (in 0.004 days).
                                                                                                  
 Time: 70 of 600 seconds.  Estimated final completion at 10:29:01 (in 0.004 days).
                                                                                                  
 Time: 75 of 600 seconds.  Estimated final completion at 10:28:19 (in 0.003 days).
                                                                                                  
 Time: 80 of 600 seconds.  Estimated final completion at 10:28:31 (in 0.003 days).
                                                                                                  
 Time: 85 of 600 seconds.  Estimated final completion at 10:28:43 (in 0.003 days).
                                                                                                  
 Time: 90 of 600 seconds.  Estimated final completion at 10:28:46 (in 0.003 days).
                                                                                                  
 Time: 95 of 600 seconds.  Estimated final completion at 10:28:43 (in 0.003 days).
                                                                                                  
 Time: 100 of 600 seconds.  Estimated final completion at 10:28:31 (in 0.003 days).
                                                                                                  
 Time: 105 of 600 seconds.  Estimated final completion at 10:28:55 (in 0.003 days).
                                                                                                  
 Time: 110 of 600 seconds.  Estimated final completion at 10:28:58 (in 0.003 days).
                                                                                                  
 Time: 115 of 600 seconds.  Estimated final completion at 10:28:42 (in 0.003 days).
                                                                                                  
 Time: 120 of 600 seconds.  Estimated final completion at 10:28:43 (in 0.003 days).
                                                                                                  
 Time: 125 of 600 seconds.  Estimated final completion at 10:28:41 (in 0.003 days).
                                                                                                  
 Time: 130 of 600 seconds.  Estimated final completion at 10:28:50 (in 0.003 days).
                                                                                                  
 Time: 135 of 600 seconds.  Estimated final completion at 10:28:34 (in 0.003 days).
                                                                                                  
 Time: 140 of 600 seconds.  Estimated final completion at 10:28:52 (in 0.003 days).
                                                                                                  
 Time: 145 of 600 seconds.  Estimated final completion at 10:28:46 (in 0.003 days).
                                                                                                  
 Time: 150 of 600 seconds.  Estimated final completion at 10:28:47 (in 0.003 days).
                                                                                                  
 Time: 155 of 600 seconds.  Estimated final completion at 10:28:41 (in 0.003 days).
                                                                                                  
 Time: 160 of 600 seconds.  Estimated final completion at 10:28:37 (in 0.003 days).
                                                                                                  
 Time: 165 of 600 seconds.  Estimated final completion at 10:28:41 (in 0.003 days).
                                                                                                  
 Time: 170 of 600 seconds.  Estimated final completion at 10:28:38 (in 0.003 days).
                                                                                                  
 Time: 175 of 600 seconds.  Estimated final completion at 10:28:53 (in 0.003 days).
                                                                                                  
 Time: 180 of 600 seconds.  Estimated final completion at 10:28:23 (in 0.003 days).
                                                                                                  
 Time: 185 of 600 seconds.  Estimated final completion at 10:28:47 (in 0.003 days).
                                                                                                  
 Time: 190 of 600 seconds.  Estimated final completion at 10:28:25 (in 0.002 days).
                                                                                                  
 Time: 195 of 600 seconds.  Estimated final completion at 10:28:41 (in 0.003 days).
                                                                                                  
 Time: 200 of 600 seconds.  Estimated final completion at 10:28:42 (in 0.003 days).
                                                                                                  
 Time: 205 of 600 seconds.  Estimated final completion at 10:28:36 (in 0.003 days).
                                                                                                  
 Time: 210 of 600 seconds.  Estimated final completion at 10:28:32 (in 0.002 days).
                                                                                                  
 Time: 215 of 600 seconds.  Estimated final completion at 10:28:47 (in 0.003 days).
                                                                                                  
 Time: 220 of 600 seconds.  Estimated final completion at 10:28:34 (in 0.002 days).
                                                                                                  
 Time: 225 of 600 seconds.  Estimated final completion at 10:28:21 (in 0.002 days).
                                                                                                  
 Time: 230 of 600 seconds.  Estimated final completion at 10:28:39 (in 0.002 days).
                                                                                                  
 Time: 235 of 600 seconds.  Estimated final completion at 10:28:36 (in 0.002 days).
                                                                                                  
 Time: 240 of 600 seconds.  Estimated final completion at 10:28:40 (in 0.002 days).
                                                                                                  
 Time: 245 of 600 seconds.  Estimated final completion at 10:28:49 (in 0.002 days).
                                                                                                  
 Time: 250 of 600 seconds.  Estimated final completion at 10:28:47 (in 0.002 days).
                                                                                                  
 Time: 255 of 600 seconds.  Estimated final completion at 10:28:34 (in 0.002 days).
                                                                                                  
 Time: 260 of 600 seconds.  Estimated final completion at 10:28:34 (in 0.002 days).
                                                                                                  
 Time: 265 of 600 seconds.  Estimated final completion at 10:28:38 (in 0.002 days).
                                                                                                  
 Time: 270 of 600 seconds.  Estimated final completion at 10:28:51 (in 0.002 days).
                                                                                                  
 Time: 275 of 600 seconds.  Estimated final completion at 10:28:45 (in 0.002 days).
                                                                                                  
 Time: 280 of 600 seconds.  Estimated final completion at 10:28:49 (in 0.002 days).
                                                                                                  
 Time: 285 of 600 seconds.  Estimated final completion at 10:28:40 (in 0.002 days).
                                                                                                  
 Time: 290 of 600 seconds.  Estimated final completion at 10:28:48 (in 0.002 days).
                                                                                                  
 Time: 295 of 600 seconds.  Estimated final completion at 10:28:44 (in 0.002 days).
                                                                                                  
 Time: 300 of 600 seconds.  Estimated final completion at 10:28:32 (in 0.002 days).
                                                                                                  
 Time: 305 of 600 seconds.  Estimated final completion at 10:28:42 (in 0.002 days).
                                                                                                  
 Time: 310 of 600 seconds.  Estimated final completion at 10:28:42 (in 0.002 days).
                                                                                                  
 Time: 315 of 600 seconds.  Estimated final completion at 10:28:35 (in 0.002 days).
                                                                                                  
 Time: 320 of 600 seconds.  Estimated final completion at 10:28:36 (in 0.002 days).
                                                                                                  
 Time: 325 of 600 seconds.  Estimated final completion at 10:28:54 (in 0.002 days).
                                                                                                  
 Time: 330 of 600 seconds.  Estimated final completion at 10:28:40 (in 0.002 days).
                                                                                                  
 Time: 335 of 600 seconds.  Estimated final completion at 10:28:43 (in 0.002 days).
                                                                                                  
 Time: 340 of 600 seconds.  Estimated final completion at 10:28:37 (in 0.002 days).
                                                                                                  
 Time: 345 of 600 seconds.  Estimated final completion at 10:28:39 (in 0.002 days).
                                                                                                  
 Time: 350 of 600 seconds.  Estimated final completion at 10:28:38 (in 0.002 days).
                                                                                                  
 Time: 355 of 600 seconds.  Estimated final completion at 10:28:47 (in 0.002 days).
                                                                                                  
 Time: 360 of 600 seconds.  Estimated final completion at 10:28:46 (in 0.002 days).
                                                                                                  
 Time: 365 of 600 seconds.  Estimated final completion at 10:28:28 (in 0.001 days).
                                                                                                  
 Time: 370 of 600 seconds.  Estimated final completion at 10:28:37 (in 0.001 days).
                                                                                                  
 Time: 375 of 600 seconds.  Estimated final completion at 10:28:39 (in 0.001 days).
                                                                                                  
 Time: 380 of 600 seconds.  Estimated final completion at 10:28:45 (in 0.001 days).
                                                                                                  
 Time: 385 of 600 seconds.  Estimated final completion at 10:28:41 (in 0.001 days).
                                                                                                  
 Time: 390 of 600 seconds.  Estimated final completion at 10:28:45 (in 0.001 days).
                                                                                                  
 Time: 395 of 600 seconds.  Estimated final completion at 10:28:42 (in 0.001 days).
                                                                                                  
 Time: 400 of 600 seconds.  Estimated final completion at 10:28:45 (in 0.001 days).
                                                                                                  
 Time: 405 of 600 seconds.  Estimated final completion at 10:28:47 (in 0.001 days).
                                                                                                  
 Time: 410 of 600 seconds.  Estimated final completion at 10:28:44 (in 0.001 days).
                                                                                                  
 Time: 415 of 600 seconds.  Estimated final completion at 10:28:38 (in 0.001 days).
                                                                                                  
 Time: 420 of 600 seconds.  Estimated final completion at 10:28:35 (in 0.001 days).
                                                                                                  
 Time: 425 of 600 seconds.  Estimated final completion at 10:28:38 (in 0.001 days).
                                                                                                  
 Time: 430 of 600 seconds.  Estimated final completion at 10:28:50 (in 0.001 days).
                                                                                                  
 Time: 435 of 600 seconds.  Estimated final completion at 10:28:39 (in 0.001 days).
                                                                                                  
 Time: 440 of 600 seconds.  Estimated final completion at 10:28:40 (in 0.001 days).
                                                                                                  
 Time: 445 of 600 seconds.  Estimated final completion at 10:28:37 (in 0.001 days).
                                                                                                  
 Time: 450 of 600 seconds.  Estimated final completion at 10:28:42 (in 0.001 days).
                                                                                                  
 Time: 455 of 600 seconds.  Estimated final completion at 10:28:42 (in 0.001 days).
                                                                                                  
 Time: 460 of 600 seconds.  Estimated final completion at 10:28:46 (in 0.001 days).
                                                                                                  
 Time: 465 of 600 seconds.  Estimated final completion at 10:28:43 (in 0.001 days).
                                                                                                  
 Time: 470 of 600 seconds.  Estimated final completion at 10:28:46 (in 0.001 days).
                                                                                                  
 Time: 475 of 600 seconds.  Estimated final completion at 10:28:46 (in 0.001 days).
                                                                                                  
 Time: 480 of 600 seconds.  Estimated final completion at 10:28:42 (in 0.001 days).
                                                                                                  
 Time: 485 of 600 seconds.  Estimated final completion at 10:28:44 (in 0.001 days).
                                                                                                  
 Time: 490 of 600 seconds.  Estimated final completion at 10:28:43 (in 0.001 days).
                                                                                                  
 Time: 495 of 600 seconds.  Estimated final completion at 10:28:44 (in 0.001 days).
                                                                                                  
 Time: 500 of 600 seconds.  Estimated final completion at 10:28:41 (in 0.001 days).
                                                                                                  
 Time: 505 of 600 seconds.  Estimated final completion at 10:28:41 (in 0.001 days).
                                                                                                  
 Time: 510 of 600 seconds.  Estimated final completion at 10:28:41 (in 0.001 days).
                                                                                                  
 Time: 515 of 600 seconds.  Estimated final completion at 10:28:38 (in 0.001 days).
                                                                                                  
 Time: 520 of 600 seconds.  Estimated final completion at 10:28:34 (in 0.000 days).
                                                                                                  
 Time: 525 of 600 seconds.  Estimated final completion at 10:28:44 (in 0.001 days).
                                                                                                  
 Time: 530 of 600 seconds.  Estimated final completion at 10:28:44 (in 0.000 days).
                                                                                                  
 Time: 535 of 600 seconds.  Estimated final completion at 10:28:45 (in 0.000 days).
                                                                                                  
 Time: 540 of 600 seconds.  Estimated final completion at 10:28:43 (in 0.000 days).
                                                                                                  
 Time: 545 of 600 seconds.  Estimated final completion at 10:28:44 (in 0.000 days).
                                                                                                  
 Time: 550 of 600 seconds.  Estimated final completion at 10:28:44 (in 0.000 days).
                                                                                                  
 Time: 555 of 600 seconds.  Estimated final completion at 10:28:42 (in 0.000 days).
                                                                                                  
 Time: 560 of 600 seconds.  Estimated final completion at 10:28:42 (in 0.000 days).
                                                                                                  
 Time: 565 of 600 seconds.  Estimated final completion at 10:28:43 (in 0.000 days).
                                                                                                  
 Time: 570 of 600 seconds.  Estimated final completion at 10:28:44 (in 0.000 days).
                                                                                                  
 Time: 575 of 600 seconds.  Estimated final completion at 10:28:44 (in 0.000 days).
                                                                                                  
 Time: 580 of 600 seconds.  Estimated final completion at 10:28:44 (in 0.000 days).
                                                                                                  
 Time: 585 of 600 seconds.  Estimated final completion at 10:28:44 (in 0.000 days).
                                                                                                  
 Time: 590 of 600 seconds.  Estimated final completion at 10:28:43 (in 0.000 days).
                                                                                                  
 Time: 595 of 600 seconds.  Estimated final completion at 10:28:43 (in 0.000 days).
                                                                                                  
 Time: 600 of 600 seconds.  Estimated final completion at 10:28:43 (in 0.000 days).
                                                                                                  

 Total Real Time:       5.5576 minutes
 Total CPU Time:        4.8852 minutes
 Simulation CPU Time:   4.8828 minutes
 Simulated Time:        10 minutes
 Time Ratio (Sim/CPU):  2.048

 OpenFAST terminated normally.



======================================================================
CASE: 5MW_Land_DLL_WTurb_WS11_Seed01
FST : 5MW_Land_DLL_WTurb\OpenFAST_Case_Outputs\WS11\Seed01\5MW_Land_DLL_WTurb_WS11_Seed01.fst
======================================================================


**************************************************************************************************
OpenFAST

Copyright (C) 2026 National Renewable Energy Laboratory
Copyright (C) 2026 Envision Energy USA LTD

This program is licensed under Apache License Version 2.0 and comes with ABSOLUTELY NO WARRANTY.
See the "LICENSE" file distributed with this software for details.
**************************************************************************************************

OpenFAST-v5.0.0
Compile Info:
 - Compiler: Intel(R) Fortran Compiler 20250302
 - Architecture: 64 bit
 - Precision: single
 - OpenMP: No
 - Date: Mar 13 2026
 - Time: 19:00:22
Execution Info:
 - Date: 09/06/2026
 - Time: 10:28:43+0200

OpenFAST input file heading:
    FAST Certification Test #18: NREL 5.0 MW Baseline Wind Turbine (Onshore)

 Running ElastoDyn.
 Running InflowWind.

   Reading a 31x31 grid (145 m wide, 17.5 m to 162.5 m above ground) with a characteristic wind
   speed of 11 m/s. This full-field file was generated by TurbSim (v2.00.07a-bjj, 14-Jun-2016) on
   02-Sep-2026 at 20:16:41.

   Processed 12264 time steps of 20-Hz grid-field data (613.15 seconds).
 Running AeroDyn.
   AeroDyn: projMod: 1
   Projection: legacy (NoSweepPitchTwist), BEM: legacy (2D)
Warning: Turning off Unsteady Aerodynamics because polar has constant data. (node 1, blade 1)
Warning: Turning off Unsteady Aerodynamics because polar has constant data. (node 2, blade 1)
Warning: Turning off Unsteady Aerodynamics because polar has constant data. (node 3, blade 1)
Warning: Turning off Unsteady Aerodynamics because polar has constant data. (node 4, blade 1)
Warning: Turning off Unsteady Aerodynamics because polar has constant data. (node 1, blade 2)
Warning: Turning off Unsteady Aerodynamics because polar has constant data. (node 2, blade 2)
Warning: Turning off Unsteady Aerodynamics because polar has constant data. (node 3, blade 2)
Warning: Turning off Unsteady Aerodynamics because polar has constant data. (node 4, blade 2)
Warning: Turning off Unsteady Aerodynamics because polar has constant data. (node 1, blade 3)
Warning: Turning off Unsteady Aerodynamics because polar has constant data. (node 2, blade 3)
Warning: Turning off Unsteady Aerodynamics because polar has constant data. (node 3, blade 3)
Warning: Turning off Unsteady Aerodynamics because polar has constant data. (node 4, blade 3)
 Running ServoDyn.
 Running ServoDyn Interface for Bladed Controllers (using Intel Visual Fortran for Windows).
Using legacy Bladed DLL interface.
 Time: 0 of 600 seconds.
                                                                                                  
 Time: 5 of 600 seconds.  Estimated final completion at 10:30:44 (in 0.001 days).
                                                                                                  
 Time: 10 of 600 seconds.  Estimated final completion at 10:30:39 (in 0.001 days).
                                                                                                  
 Time: 15 of 600 seconds.  Estimated final completion at 10:31:10 (in 0.002 days).
                                                                                                  
 Time: 20 of 600 seconds.  Estimated final completion at 10:34:12 (in 0.004 days).
                                                                                                  
 Time: 25 of 600 seconds.  Estimated final completion at 10:33:29 (in 0.003 days).
                                                                                                  
 Time: 30 of 600 seconds.  Estimated final completion at 10:33:50 (in 0.003 days).
                                                                                                  
 Time: 35 of 600 seconds.  Estimated final completion at 10:33:47 (in 0.003 days).
                                                                                                  
 Time: 40 of 600 seconds.  Estimated final completion at 10:33:54 (in 0.003 days).
                                                                                                  
 Time: 45 of 600 seconds.  Estimated final completion at 10:34:08 (in 0.004 days).
                                                                                                  
 Time: 50 of 600 seconds.  Estimated final completion at 10:34:21 (in 0.004 days).
                                                                                                  
 Time: 55 of 600 seconds.  Estimated final completion at 10:34:27 (in 0.004 days).
                                                                                                  
 Time: 60 of 600 seconds.  Estimated final completion at 10:34:06 (in 0.003 days).
                                                                                                  
 Time: 65 of 600 seconds.  Estimated final completion at 10:34:13 (in 0.003 days).
                                                                                                  
 Time: 70 of 600 seconds.  Estimated final completion at 10:34:40 (in 0.004 days).
                                                                                                  
 Time: 75 of 600 seconds.  Estimated final completion at 10:34:22 (in 0.003 days).
                                                                                                  
 Time: 80 of 600 seconds.  Estimated final completion at 10:34:22 (in 0.003 days).
                                                                                                  
 Time: 85 of 600 seconds.  Estimated final completion at 10:34:08 (in 0.003 days).
                                                                                                  
 Time: 90 of 600 seconds.  Estimated final completion at 10:34:26 (in 0.003 days).
                                                                                                  
 Time: 95 of 600 seconds.  Estimated final completion at 10:34:25 (in 0.003 days).
                                                                                                  
 Time: 100 of 600 seconds.  Estimated final completion at 10:34:25 (in 0.003 days).
                                                                                                  
 Time: 105 of 600 seconds.  Estimated final completion at 10:34:46 (in 0.004 days).
                                                                                                  
 Time: 110 of 600 seconds.  Estimated final completion at 10:34:30 (in 0.003 days).
                                                                                                  
 Time: 115 of 600 seconds.  Estimated final completion at 10:34:18 (in 0.003 days).
                                                                                                  
 Time: 120 of 600 seconds.  Estimated final completion at 10:34:33 (in 0.003 days).
                                                                                                  
 Time: 125 of 600 seconds.  Estimated final completion at 10:34:31 (in 0.003 days).
                                                                                                  
 Time: 130 of 600 seconds.  Estimated final completion at 10:34:26 (in 0.003 days).
                                                                                                  
 Time: 135 of 600 seconds.  Estimated final completion at 10:34:32 (in 0.003 days).
                                                                                                  
 Time: 140 of 600 seconds.  Estimated final completion at 10:34:28 (in 0.003 days).
                                                                                                  
 Time: 145 of 600 seconds.  Estimated final completion at 10:34:37 (in 0.003 days).
                                                                                                  
 Time: 150 of 600 seconds.  Estimated final completion at 10:34:38 (in 0.003 days).
                                                                                                  
 Time: 155 of 600 seconds.  Estimated final completion at 10:34:13 (in 0.003 days).
                                                                                                  
 Time: 160 of 600 seconds.  Estimated final completion at 10:34:00 (in 0.003 days).
                                                                                                  
 Time: 165 of 600 seconds.  Estimated final completion at 10:33:55 (in 0.003 days).
                                                                                                  
 Time: 170 of 600 seconds.  Estimated final completion at 10:34:29 (in 0.003 days).
                                                                                                  
 Time: 175 of 600 seconds.  Estimated final completion at 10:34:31 (in 0.003 days).
                                                                                                  
 Time: 180 of 600 seconds.  Estimated final completion at 10:34:36 (in 0.003 days).
                                                                                                  
 Time: 185 of 600 seconds.  Estimated final completion at 10:34:34 (in 0.003 days).
                                                                                                  
 Time: 190 of 600 seconds.  Estimated final completion at 10:34:27 (in 0.003 days).
                                                                                                  
 Time: 195 of 600 seconds.  Estimated final completion at 10:34:28 (in 0.003 days).
                                                                                                  
 Time: 200 of 600 seconds.  Estimated final completion at 10:34:15 (in 0.003 days).
                                                                                                  
 Time: 205 of 600 seconds.  Estimated final completion at 10:34:39 (in 0.003 days).
                                                                                                  
 Time: 210 of 600 seconds.  Estimated final completion at 10:34:16 (in 0.003 days).
                                                                                                  
 Time: 215 of 600 seconds.  Estimated final completion at 10:34:27 (in 0.003 days).
                                                                                                  
 Time: 220 of 600 seconds.  Estimated final completion at 10:34:12 (in 0.002 days).
                                                                                                  
 Time: 225 of 600 seconds.  Estimated final completion at 10:34:22 (in 0.002 days).
                                                                                                  
 Time: 230 of 600 seconds.  Estimated final completion at 10:34:16 (in 0.002 days).
                                                                                                  
 Time: 235 of 600 seconds.  Estimated final completion at 10:34:48 (in 0.003 days).
                                                                                                  
 Time: 240 of 600 seconds.  Estimated final completion at 10:34:24 (in 0.002 days).
                                                                                                  
 Time: 245 of 600 seconds.  Estimated final completion at 10:34:36 (in 0.003 days).
                                                                                                  
 Time: 250 of 600 seconds.  Estimated final completion at 10:34:42 (in 0.003 days).
                                                                                                  
 Time: 255 of 600 seconds.  Estimated final completion at 10:34:18 (in 0.002 days).
                                                                                                  
 Time: 260 of 600 seconds.  Estimated final completion at 10:34:28 (in 0.002 days).
                                                                                                  
 Time: 265 of 600 seconds.  Estimated final completion at 10:34:18 (in 0.002 days).
                                                                                                  
 Time: 270 of 600 seconds.  Estimated final completion at 10:34:25 (in 0.002 days).
                                                                                                  
 Time: 275 of 600 seconds.  Estimated final completion at 10:34:19 (in 0.002 days).
                                                                                                  
 Time: 280 of 600 seconds.  Estimated final completion at 10:34:15 (in 0.002 days).
                                                                                                  
 Time: 285 of 600 seconds.  Estimated final completion at 10:34:04 (in 0.002 days).
                                                                                                  
 Time: 290 of 600 seconds.  Estimated final completion at 10:34:36 (in 0.002 days).
                                                                                                  
 Time: 295 of 600 seconds.  Estimated final completion at 10:34:27 (in 0.002 days).
                                                                                                  
 Time: 300 of 600 seconds.  Estimated final completion at 10:34:17 (in 0.002 days).
                                                                                                  
 Time: 305 of 600 seconds.  Estimated final completion at 10:34:31 (in 0.002 days).
                                                                                                  
 Time: 310 of 600 seconds.  Estimated final completion at 10:34:20 (in 0.002 days).
                                                                                                  
 Time: 315 of 600 seconds.  Estimated final completion at 10:34:33 (in 0.002 days).
                                                                                                  
 Time: 320 of 600 seconds.  Estimated final completion at 10:34:24 (in 0.002 days).
                                                                                                  
 Time: 325 of 600 seconds.  Estimated final completion at 10:34:26 (in 0.002 days).
                                                                                                  
 Time: 330 of 600 seconds.  Estimated final completion at 10:34:17 (in 0.002 days).
                                                                                                  
 Time: 335 of 600 seconds.  Estimated final completion at 10:34:36 (in 0.002 days).
                                                                                                  
 Time: 340 of 600 seconds.  Estimated final completion at 10:34:32 (in 0.002 days).
                                                                                                  
 Time: 345 of 600 seconds.  Estimated final completion at 10:34:22 (in 0.002 days).
                                                                                                  
 Time: 350 of 600 seconds.  Estimated final completion at 10:34:25 (in 0.002 days).
                                                                                                  
 Time: 355 of 600 seconds.  Estimated final completion at 10:34:21 (in 0.002 days).
                                                                                                  
 Time: 360 of 600 seconds.  Estimated final completion at 10:34:25 (in 0.002 days).
                                                                                                  
 Time: 365 of 600 seconds.  Estimated final completion at 10:34:20 (in 0.002 days).
                                                                                                  
 Time: 370 of 600 seconds.  Estimated final completion at 10:34:17 (in 0.001 days).
                                                                                                  
 Time: 375 of 600 seconds.  Estimated final completion at 10:34:19 (in 0.001 days).
                                                                                                  
 Time: 380 of 600 seconds.  Estimated final completion at 10:34:26 (in 0.001 days).
                                                                                                  
 Time: 385 of 600 seconds.  Estimated final completion at 10:34:23 (in 0.001 days).
                                                                                                  
 Time: 390 of 600 seconds.  Estimated final completion at 10:34:25 (in 0.001 days).
                                                                                                  
 Time: 395 of 600 seconds.  Estimated final completion at 10:34:31 (in 0.001 days).
                                                                                                  
 Time: 400 of 600 seconds.  Estimated final completion at 10:34:19 (in 0.001 days).
                                                                                                  
 Time: 405 of 600 seconds.  Estimated final completion at 10:34:33 (in 0.001 days).
                                                                                                  
 Time: 410 of 600 seconds.  Estimated final completion at 10:34:21 (in 0.001 days).
                                                                                                  
 Time: 415 of 600 seconds.  Estimated final completion at 10:34:27 (in 0.001 days).
                                                                                                  
 Time: 420 of 600 seconds.  Estimated final completion at 10:34:21 (in 0.001 days).
                                                                                                  
 Time: 425 of 600 seconds.  Estimated final completion at 10:34:24 (in 0.001 days).
                                                                                                  
 Time: 430 of 600 seconds.  Estimated final completion at 10:34:20 (in 0.001 days).
                                                                                                  
 Time: 435 of 600 seconds.  Estimated final completion at 10:34:32 (in 0.001 days).
                                                                                                  
 Time: 440 of 600 seconds.  Estimated final completion at 10:34:16 (in 0.001 days).
                                                                                                  
 Time: 445 of 600 seconds.  Estimated final completion at 10:34:20 (in 0.001 days).
                                                                                                  
 Time: 450 of 600 seconds.  Estimated final completion at 10:34:23 (in 0.001 days).
                                                                                                  
 Time: 455 of 600 seconds.  Estimated final completion at 10:34:26 (in 0.001 days).
                                                                                                  
 Time: 460 of 600 seconds.  Estimated final completion at 10:34:27 (in 0.001 days).
                                                                                                  
 Time: 465 of 600 seconds.  Estimated final completion at 10:34:20 (in 0.001 days).
                                                                                                  
 Time: 470 of 600 seconds.  Estimated final completion at 10:34:23 (in 0.001 days).
                                                                                                  
 Time: 475 of 600 seconds.  Estimated final completion at 10:34:19 (in 0.001 days).
                                                                                                  
 Time: 480 of 600 seconds.  Estimated final completion at 10:34:28 (in 0.001 days).
                                                                                                  
 Time: 485 of 600 seconds.  Estimated final completion at 10:34:18 (in 0.001 days).
                                                                                                  
 Time: 490 of 600 seconds.  Estimated final completion at 10:34:21 (in 0.001 days).
                                                                                                  
 Time: 495 of 600 seconds.  Estimated final completion at 10:34:21 (in 0.001 days).
                                                                                                  
 Time: 500 of 600 seconds.  Estimated final completion at 10:34:26 (in 0.001 days).
                                                                                                  
 Time: 505 of 600 seconds.  Estimated final completion at 10:34:27 (in 0.001 days).
                                                                                                  
 Time: 510 of 600 seconds.  Estimated final completion at 10:34:21 (in 0.001 days).
                                                                                                  
 Time: 515 of 600 seconds.  Estimated final completion at 10:34:24 (in 0.001 days).
                                                                                                  
 Time: 520 of 600 seconds.  Estimated final completion at 10:34:19 (in 0.000 days).
                                                                                                  
 Time: 525 of 600 seconds.  Estimated final completion at 10:34:24 (in 0.001 days).
                                                                                                  
 Time: 530 of 600 seconds.  Estimated final completion at 10:34:24 (in 0.000 days).
                                                                                                  
 Time: 535 of 600 seconds.  Estimated final completion at 10:34:23 (in 0.000 days).
                                                                                                  
 Time: 540 of 600 seconds.  Estimated final completion at 10:34:23 (in 0.000 days).
                                                                                                  
 Time: 545 of 600 seconds.  Estimated final completion at 10:34:23 (in 0.000 days).
                                                                                                  
 Time: 550 of 600 seconds.  Estimated final completion at 10:34:25 (in 0.000 days).
                                                                                                  
 Time: 555 of 600 seconds.  Estimated final completion at 10:34:23 (in 0.000 days).
                                                                                                  
 Time: 560 of 600 seconds.  Estimated final completion at 10:34:20 (in 0.000 days).
                                                                                                  
 Time: 565 of 600 seconds.  Estimated final completion at 10:34:24 (in 0.000 days).
                                                                                                  
 Time: 570 of 600 seconds.  Estimated final completion at 10:34:22 (in 0.000 days).
                                                                                                  
 Time: 575 of 600 seconds.  Estimated final completion at 10:34:23 (in 0.000 days).
                                                                                                  
 Time: 580 of 600 seconds.  Estimated final completion at 10:34:23 (in 0.000 days).
                                                                                                  
 Time: 585 of 600 seconds.  Estimated final completion at 10:34:23 (in 0.000 days).
                                                                                                  
 Time: 590 of 600 seconds.  Estimated final completion at 10:34:23 (in 0.000 days).
                                                                                                  
 Time: 595 of 600 seconds.  Estimated final completion at 10:34:23 (in 0.000 days).
                                                                                                  
 Time: 600 of 600 seconds.  Estimated final completion at 10:34:23 (in 0.000 days).
                                                                                                  

 Total Real Time:       5.6649 minutes
 Total CPU Time:        4.7602 minutes
 Simulation CPU Time:   4.7576 minutes
 Simulated Time:        10 minutes
 Time Ratio (Sim/CPU):  2.1019

 OpenFAST terminated normally.



======================================================================
CASE: 5MW_Land_DLL_WTurb_WS11_Seed02
FST : 5MW_Land_DLL_WTurb\OpenFAST_Case_Outputs\WS11\Seed02\5MW_Land_DLL_WTurb_WS11_Seed02.fst
======================================================================


**************************************************************************************************
OpenFAST

Copyright (C) 2026 National Renewable Energy Laboratory
Copyright (C) 2026 Envision Energy USA LTD

This program is licensed under Apache License Version 2.0 and comes with ABSOLUTELY NO WARRANTY.
See the "LICENSE" file distributed with this software for details.
**************************************************************************************************

OpenFAST-v5.0.0
Compile Info:
 - Compiler: Intel(R) Fortran Compiler 20250302
 - Architecture: 64 bit
 - Precision: single
 - OpenMP: No
 - Date: Mar 13 2026
 - Time: 19:00:22
Execution Info:
 - Date: 09/06/2026
 - Time: 10:34:23+0200

OpenFAST input file heading:
    FAST Certification Test #18: NREL 5.0 MW Baseline Wind Turbine (Onshore)

 Running ElastoDyn.
 Running InflowWind.

   Reading a 31x31 grid (145 m wide, 17.5 m to 162.5 m above ground) with a characteristic wind
   speed of 11 m/s. This full-field file was generated by TurbSim (v2.00.07a-bjj, 14-Jun-2016) on
   02-Sep-2026 at 20:17:49.

   Processed 12264 time steps of 20-Hz grid-field data (613.15 seconds).
 Running AeroDyn.
   AeroDyn: projMod: 1
   Projection: legacy (NoSweepPitchTwist), BEM: legacy (2D)
Warning: Turning off Unsteady Aerodynamics because polar has constant data. (node 1, blade 1)
Warning: Turning off Unsteady Aerodynamics because polar has constant data. (node 2, blade 1)
Warning: Turning off Unsteady Aerodynamics because polar has constant data. (node 3, blade 1)
Warning: Turning off Unsteady Aerodynamics because polar has constant data. (node 4, blade 1)
Warning: Turning off Unsteady Aerodynamics because polar has constant data. (node 1, blade 2)
Warning: Turning off Unsteady Aerodynamics because polar has constant data. (node 2, blade 2)
Warning: Turning off Unsteady Aerodynamics because polar has constant data. (node 3, blade 2)
Warning: Turning off Unsteady Aerodynamics because polar has constant data. (node 4, blade 2)
Warning: Turning off Unsteady Aerodynamics because polar has constant data. (node 1, blade 3)
Warning: Turning off Unsteady Aerodynamics because polar has constant data. (node 2, blade 3)
Warning: Turning off Unsteady Aerodynamics because polar has constant data. (node 3, blade 3)
Warning: Turning off Unsteady Aerodynamics because polar has constant data. (node 4, blade 3)
 Running ServoDyn.
 Running ServoDyn Interface for Bladed Controllers (using Intel Visual Fortran for Windows).
Using legacy Bladed DLL interface.
 Time: 0 of 600 seconds.
                                                                                                  
 Time: 5 of 600 seconds.  Estimated final completion at 10:36:21 (in 0.001 days).
                                                                                                  
 Time: 10 of 600 seconds.  Estimated final completion at 10:36:18 (in 0.001 days).
                                                                                                  
 Time: 15 of 600 seconds.  Estimated final completion at 10:36:36 (in 0.002 days).
                                                                                                  
 Time: 20 of 600 seconds.  Estimated final completion at 10:40:29 (in 0.004 days).
                                                                                                  
 Time: 25 of 600 seconds.  Estimated final completion at 10:40:24 (in 0.004 days).
                                                                                                  
 Time: 30 of 600 seconds.  Estimated final completion at 10:39:52 (in 0.004 days).
                                                                                                  
 Time: 35 of 600 seconds.  Estimated final completion at 10:39:37 (in 0.003 days).
                                                                                                  
 Time: 40 of 600 seconds.  Estimated final completion at 10:39:51 (in 0.004 days).
                                                                                                  
 Time: 45 of 600 seconds.  Estimated final completion at 10:40:08 (in 0.004 days).
                                                                                                  
 Time: 50 of 600 seconds.  Estimated final completion at 10:39:39 (in 0.003 days).
                                                                                                  
 Time: 55 of 600 seconds.  Estimated final completion at 10:39:58 (in 0.004 days).
                                                                                                  
 Time: 60 of 600 seconds.  Estimated final completion at 10:39:54 (in 0.003 days).
                                                                                                  
 Time: 65 of 600 seconds.  Estimated final completion at 10:40:12 (in 0.004 days).
                                                                                                  
 Time: 70 of 600 seconds.  Estimated final completion at 10:40:28 (in 0.004 days).
                                                                                                  
 Time: 75 of 600 seconds.  Estimated final completion at 10:40:14 (in 0.004 days).
                                                                                                  
 Time: 80 of 600 seconds.  Estimated final completion at 10:40:19 (in 0.004 days).
                                                                                                  
 Time: 85 of 600 seconds.  Estimated final completion at 10:40:02 (in 0.003 days).
                                                                                                  
 Time: 90 of 600 seconds.  Estimated final completion at 10:40:05 (in 0.003 days).
                                                                                                  
 Time: 95 of 600 seconds.  Estimated final completion at 10:39:51 (in 0.003 days).
                                                                                                  
 Time: 100 of 600 seconds.  Estimated final completion at 10:40:10 (in 0.003 days).
                                                                                                  
 Time: 105 of 600 seconds.  Estimated final completion at 10:40:02 (in 0.003 days).
                                                                                                  
 Time: 110 of 600 seconds.  Estimated final completion at 10:40:06 (in 0.003 days).
                                                                                                  
 Time: 115 of 600 seconds.  Estimated final completion at 10:40:01 (in 0.003 days).
                                                                                                  
 Time: 120 of 600 seconds.  Estimated final completion at 10:39:51 (in 0.003 days).
                                                                                                  
 Time: 125 of 600 seconds.  Estimated final completion at 10:39:59 (in 0.003 days).
                                                                                                  
 Time: 130 of 600 seconds.  Estimated final completion at 10:40:21 (in 0.003 days).
                                                                                                  
 Time: 135 of 600 seconds.  Estimated final completion at 10:40:05 (in 0.003 days).
                                                                                                  
 Time: 140 of 600 seconds.  Estimated final completion at 10:40:05 (in 0.003 days).
                                                                                                  
 Time: 145 of 600 seconds.  Estimated final completion at 10:39:55 (in 0.003 days).
                                                                                                  
 Time: 150 of 600 seconds.  Estimated final completion at 10:40:04 (in 0.003 days).
                                                                                                  
 Time: 155 of 600 seconds.  Estimated final completion at 10:40:10 (in 0.003 days).
                                                                                                  
 Time: 160 of 600 seconds.  Estimated final completion at 10:40:15 (in 0.003 days).
                                                                                                  
 Time: 165 of 600 seconds.  Estimated final completion at 10:40:08 (in 0.003 days).
                                                                                                  
 Time: 170 of 600 seconds.  Estimated final completion at 10:39:39 (in 0.003 days).
                                                                                                  
 Time: 175 of 600 seconds.  Estimated final completion at 10:40:31 (in 0.003 days).
                                                                                                  
 Time: 180 of 600 seconds.  Estimated final completion at 10:40:10 (in 0.003 days).
                                                                                                  
 Time: 185 of 600 seconds.  Estimated final completion at 10:40:17 (in 0.003 days).
                                                                                                  
 Time: 190 of 600 seconds.  Estimated final completion at 10:40:14 (in 0.003 days).
                                                                                                  
 Time: 195 of 600 seconds.  Estimated final completion at 10:39:58 (in 0.003 days).
                                                                                                  
 Time: 200 of 600 seconds.  Estimated final completion at 10:40:23 (in 0.003 days).
                                                                                                  
 Time: 205 of 600 seconds.  Estimated final completion at 10:39:56 (in 0.003 days).
                                                                                                  
 Time: 210 of 600 seconds.  Estimated final completion at 10:40:10 (in 0.003 days).
                                                                                                  
 Time: 215 of 600 seconds.  Estimated final completion at 10:40:21 (in 0.003 days).
                                                                                                  
 Time: 220 of 600 seconds.  Estimated final completion at 10:40:02 (in 0.003 days).
                                                                                                  
 Time: 225 of 600 seconds.  Estimated final completion at 10:40:14 (in 0.003 days).
                                                                                                  
 Time: 230 of 600 seconds.  Estimated final completion at 10:39:59 (in 0.002 days).
                                                                                                  
 Time: 235 of 600 seconds.  Estimated final completion at 10:40:23 (in 0.003 days).
                                                                                                  
 Time: 240 of 600 seconds.  Estimated final completion at 10:40:03 (in 0.002 days).
                                                                                                  
 Time: 245 of 600 seconds.  Estimated final completion at 10:40:04 (in 0.002 days).
                                                                                                  
 Time: 250 of 600 seconds.  Estimated final completion at 10:40:00 (in 0.002 days).
                                                                                                  
 Time: 255 of 600 seconds.  Estimated final completion at 10:40:25 (in 0.003 days).
                                                                                                  
 Time: 260 of 600 seconds.  Estimated final completion at 10:39:54 (in 0.002 days).
                                                                                                  
 Time: 265 of 600 seconds.  Estimated final completion at 10:40:10 (in 0.002 days).
                                                                                                  
 Time: 270 of 600 seconds.  Estimated final completion at 10:40:34 (in 0.003 days).
                                                                                                  
 Time: 275 of 600 seconds.  Estimated final completion at 10:40:02 (in 0.002 days).
                                                                                                  
 Time: 280 of 600 seconds.  Estimated final completion at 10:40:42 (in 0.003 days).
                                                                                                  
 Time: 285 of 600 seconds.  Estimated final completion at 10:39:55 (in 0.002 days).
                                                                                                  
 Time: 290 of 600 seconds.  Estimated final completion at 10:40:04 (in 0.002 days).
                                                                                                  
 Time: 295 of 600 seconds.  Estimated final completion at 10:40:19 (in 0.002 days).
                                                                                                  
 Time: 300 of 600 seconds.  Estimated final completion at 10:40:12 (in 0.002 days).
                                                                                                  
 Time: 305 of 600 seconds.  Estimated final completion at 10:40:09 (in 0.002 days).
                                                                                                  
 Time: 310 of 600 seconds.  Estimated final completion at 10:40:02 (in 0.002 days).
                                                                                                  
 Time: 315 of 600 seconds.  Estimated final completion at 10:40:14 (in 0.002 days).
                                                                                                  
 Time: 320 of 600 seconds.  Estimated final completion at 10:40:00 (in 0.002 days).
                                                                                                  
 Time: 325 of 600 seconds.  Estimated final completion at 10:40:16 (in 0.002 days).
                                                                                                  
 Time: 330 of 600 seconds.  Estimated final completion at 10:39:57 (in 0.002 days).
                                                                                                  
 Time: 335 of 600 seconds.  Estimated final completion at 10:39:55 (in 0.002 days).
                                                                                                  
 Time: 340 of 600 seconds.  Estimated final completion at 10:40:09 (in 0.002 days).
                                                                                                  
 Time: 345 of 600 seconds.  Estimated final completion at 10:40:11 (in 0.002 days).
                                                                                                  
 Time: 350 of 600 seconds.  Estimated final completion at 10:40:16 (in 0.002 days).
                                                                                                  
 Time: 355 of 600 seconds.  Estimated final completion at 10:39:58 (in 0.002 days).
                                                                                                  
 Time: 360 of 600 seconds.  Estimated final completion at 10:40:14 (in 0.002 days).
                                                                                                  
 Time: 365 of 600 seconds.  Estimated final completion at 10:40:10 (in 0.002 days).
                                                                                                  
 Time: 370 of 600 seconds.  Estimated final completion at 10:40:12 (in 0.002 days).
                                                                                                  
 Time: 375 of 600 seconds.  Estimated final completion at 10:40:03 (in 0.001 days).
                                                                                                  
 Time: 380 of 600 seconds.  Estimated final completion at 10:39:58 (in 0.001 days).
                                                                                                  
 Time: 385 of 600 seconds.  Estimated final completion at 10:40:02 (in 0.001 days).
                                                                                                  
 Time: 390 of 600 seconds.  Estimated final completion at 10:40:05 (in 0.001 days).
                                                                                                  
 Time: 395 of 600 seconds.  Estimated final completion at 10:40:06 (in 0.001 days).
                                                                                                  
 Time: 400 of 600 seconds.  Estimated final completion at 10:40:14 (in 0.001 days).
                                                                                                  
 Time: 405 of 600 seconds.  Estimated final completion at 10:40:15 (in 0.001 days).
                                                                                                  
 Time: 410 of 600 seconds.  Estimated final completion at 10:40:07 (in 0.001 days).
                                                                                                  
 Time: 415 of 600 seconds.  Estimated final completion at 10:40:08 (in 0.001 days).
                                                                                                  
 Time: 420 of 600 seconds.  Estimated final completion at 10:40:04 (in 0.001 days).
                                                                                                  
 Time: 425 of 600 seconds.  Estimated final completion at 10:40:09 (in 0.001 days).
                                                                                                  
 Time: 430 of 600 seconds.  Estimated final completion at 10:40:03 (in 0.001 days).
                                                                                                  
 Time: 435 of 600 seconds.  Estimated final completion at 10:40:12 (in 0.001 days).
                                                                                                  
 Time: 440 of 600 seconds.  Estimated final completion at 10:40:00 (in 0.001 days).
                                                                                                  
 Time: 445 of 600 seconds.  Estimated final completion at 10:40:11 (in 0.001 days).
                                                                                                  
 Time: 450 of 600 seconds.  Estimated final completion at 10:40:11 (in 0.001 days).
                                                                                                  
 Time: 455 of 600 seconds.  Estimated final completion at 10:40:06 (in 0.001 days).
                                                                                                  
 Time: 460 of 600 seconds.  Estimated final completion at 10:40:03 (in 0.001 days).
                                                                                                  
 Time: 465 of 600 seconds.  Estimated final completion at 10:40:06 (in 0.001 days).
                                                                                                  
 Time: 470 of 600 seconds.  Estimated final completion at 10:40:07 (in 0.001 days).
                                                                                                  
 Time: 475 of 600 seconds.  Estimated final completion at 10:40:08 (in 0.001 days).
                                                                                                  
 Time: 480 of 600 seconds.  Estimated final completion at 10:40:05 (in 0.001 days).
                                                                                                  
 Time: 485 of 600 seconds.  Estimated final completion at 10:40:03 (in 0.001 days).
                                                                                                  
 Time: 490 of 600 seconds.  Estimated final completion at 10:40:04 (in 0.001 days).
                                                                                                  
 Time: 495 of 600 seconds.  Estimated final completion at 10:40:06 (in 0.001 days).
                                                                                                  
 Time: 500 of 600 seconds.  Estimated final completion at 10:40:06 (in 0.001 days).
                                                                                                  
 Time: 505 of 600 seconds.  Estimated final completion at 10:40:08 (in 0.001 days).
                                                                                                  
 Time: 510 of 600 seconds.  Estimated final completion at 10:40:00 (in 0.001 days).
                                                                                                  
 Time: 515 of 600 seconds.  Estimated final completion at 10:40:05 (in 0.001 days).
                                                                                                  
 Time: 520 of 600 seconds.  Estimated final completion at 10:40:04 (in 0.001 days).
                                                                                                  
 Time: 525 of 600 seconds.  Estimated final completion at 10:40:06 (in 0.001 days).
                                                                                                  
 Time: 530 of 600 seconds.  Estimated final completion at 10:40:05 (in 0.000 days).
                                                                                                  
 Time: 535 of 600 seconds.  Estimated final completion at 10:40:06 (in 0.000 days).
                                                                                                  
 Time: 540 of 600 seconds.  Estimated final completion at 10:40:04 (in 0.000 days).
                                                                                                  
 Time: 545 of 600 seconds.  Estimated final completion at 10:40:06 (in 0.000 days).
                                                                                                  
 Time: 550 of 600 seconds.  Estimated final completion at 10:40:06 (in 0.000 days).
                                                                                                  
 Time: 555 of 600 seconds.  Estimated final completion at 10:40:07 (in 0.000 days).
                                                                                                  
 Time: 560 of 600 seconds.  Estimated final completion at 10:40:04 (in 0.000 days).
                                                                                                  
 Time: 565 of 600 seconds.  Estimated final completion at 10:40:06 (in 0.000 days).
                                                                                                  
 Time: 570 of 600 seconds.  Estimated final completion at 10:40:06 (in 0.000 days).
                                                                                                  
 Time: 575 of 600 seconds.  Estimated final completion at 10:40:05 (in 0.000 days).
                                                                                                  
 Time: 580 of 600 seconds.  Estimated final completion at 10:40:06 (in 0.000 days).
                                                                                                  
 Time: 585 of 600 seconds.  Estimated final completion at 10:40:05 (in 0.000 days).
                                                                                                  
 Time: 590 of 600 seconds.  Estimated final completion at 10:40:06 (in 0.000 days).
                                                                                                  
 Time: 595 of 600 seconds.  Estimated final completion at 10:40:06 (in 0.000 days).
                                                                                                  
 Time: 600 of 600 seconds.  Estimated final completion at 10:40:06 (in 0.000 days).
                                                                                                  

 Total Real Time:       5.7132 minutes
 Total CPU Time:        4.7378 minutes
 Simulation CPU Time:   4.7352 minutes
 Simulated Time:        10 minutes
 Time Ratio (Sim/CPU):  2.1119

 OpenFAST terminated normally.



======================================================================
CASE: 5MW_Land_DLL_WTurb_WS11_Seed03
FST : 5MW_Land_DLL_WTurb\OpenFAST_Case_Outputs\WS11\Seed03\5MW_Land_DLL_WTurb_WS11_Seed03.fst
======================================================================


**************************************************************************************************
OpenFAST

Copyright (C) 2026 National Renewable Energy Laboratory
Copyright (C) 2026 Envision Energy USA LTD

This program is licensed under Apache License Version 2.0 and comes with ABSOLUTELY NO WARRANTY.
See the "LICENSE" file distributed with this software for details.
**************************************************************************************************

OpenFAST-v5.0.0
Compile Info:
 - Compiler: Intel(R) Fortran Compiler 20250302
 - Architecture: 64 bit
 - Precision: single
 - OpenMP: No
 - Date: Mar 13 2026
 - Time: 19:00:22
Execution Info:
 - Date: 09/06/2026
 - Time: 10:40:06+0200

OpenFAST input file heading:
    FAST Certification Test #18: NREL 5.0 MW Baseline Wind Turbine (Onshore)

 Running ElastoDyn.
 Running InflowWind.

   Reading a 31x31 grid (145 m wide, 17.5 m to 162.5 m above ground) with a characteristic wind
   speed of 11 m/s. This full-field file was generated by TurbSim (v2.00.07a-bjj, 14-Jun-2016) on
   02-Sep-2026 at 20:18:55.

   Processed 12264 time steps of 20-Hz grid-field data (613.15 seconds).
 Running AeroDyn.
   AeroDyn: projMod: 1
   Projection: legacy (NoSweepPitchTwist), BEM: legacy (2D)
Warning: Turning off Unsteady Aerodynamics because polar has constant data. (node 1, blade 1)
Warning: Turning off Unsteady Aerodynamics because polar has constant data. (node 2, blade 1)
Warning: Turning off Unsteady Aerodynamics because polar has constant data. (node 3, blade 1)
Warning: Turning off Unsteady Aerodynamics because polar has constant data. (node 4, blade 1)
Warning: Turning off Unsteady Aerodynamics because polar has constant data. (node 1, blade 2)
Warning: Turning off Unsteady Aerodynamics because polar has constant data. (node 2, blade 2)
Warning: Turning off Unsteady Aerodynamics because polar has constant data. (node 3, blade 2)
Warning: Turning off Unsteady Aerodynamics because polar has constant data. (node 4, blade 2)
Warning: Turning off Unsteady Aerodynamics because polar has constant data. (node 1, blade 3)
Warning: Turning off Unsteady Aerodynamics because polar has constant data. (node 2, blade 3)
Warning: Turning off Unsteady Aerodynamics because polar has constant data. (node 3, blade 3)
Warning: Turning off Unsteady Aerodynamics because polar has constant data. (node 4, blade 3)
 Running ServoDyn.
 Running ServoDyn Interface for Bladed Controllers (using Intel Visual Fortran for Windows).
Using legacy Bladed DLL interface.
 Time: 0 of 600 seconds.
                                                                                                  
 Time: 5 of 600 seconds.  Estimated final completion at 10:42:10 (in 0.001 days).
                                                                                                  
 Time: 10 of 600 seconds.  Estimated final completion at 10:42:04 (in 0.001 days).
                                                                                                  
 Time: 15 of 600 seconds.  Estimated final completion at 10:44:35 (in 0.003 days).
                                                                                                  
 Time: 20 of 600 seconds.  Estimated final completion at 10:45:23 (in 0.004 days).
                                                                                                  
 Time: 25 of 600 seconds.  Estimated final completion at 10:46:06 (in 0.004 days).
                                                                                                  
 Time: 30 of 600 seconds.  Estimated final completion at 10:45:58 (in 0.004 days).
                                                                                                  
 Time: 35 of 600 seconds.  Estimated final completion at 10:45:37 (in 0.004 days).
                                                                                                  
 Time: 40 of 600 seconds.  Estimated final completion at 10:45:32 (in 0.004 days).
                                                                                                  
 Time: 45 of 600 seconds.  Estimated final completion at 10:46:12 (in 0.004 days).
                                                                                                  
 Time: 50 of 600 seconds.  Estimated final completion at 10:46:08 (in 0.004 days).
                                                                                                  
 Time: 55 of 600 seconds.  Estimated final completion at 10:45:33 (in 0.003 days).
                                                                                                  
 Time: 60 of 600 seconds.  Estimated final completion at 10:46:17 (in 0.004 days).
                                                                                                  
 Time: 65 of 600 seconds.  Estimated final completion at 10:45:43 (in 0.004 days).
                                                                                                  
 Time: 70 of 600 seconds.  Estimated final completion at 10:45:52 (in 0.004 days).
                                                                                                  
 Time: 75 of 600 seconds.  Estimated final completion at 10:45:25 (in 0.003 days).
                                                                                                  
 Time: 80 of 600 seconds.  Estimated final completion at 10:45:34 (in 0.003 days).
                                                                                                  
 Time: 85 of 600 seconds.  Estimated final completion at 10:45:28 (in 0.003 days).
                                                                                                  
 Time: 90 of 600 seconds.  Estimated final completion at 10:45:34 (in 0.003 days).
                                                                                                  
 Time: 95 of 600 seconds.  Estimated final completion at 10:45:34 (in 0.003 days).
                                                                                                  
 Time: 100 of 600 seconds.  Estimated final completion at 10:45:56 (in 0.003 days).
                                                                                                  
 Time: 105 of 600 seconds.  Estimated final completion at 10:46:03 (in 0.003 days).
                                                                                                  
 Time: 110 of 600 seconds.  Estimated final completion at 10:45:57 (in 0.003 days).
                                                                                                  
 Time: 115 of 600 seconds.  Estimated final completion at 10:46:05 (in 0.003 days).
                                                                                                  
 Time: 120 of 600 seconds.  Estimated final completion at 10:45:27 (in 0.003 days).
                                                                                                  
 Time: 125 of 600 seconds.  Estimated final completion at 10:45:57 (in 0.003 days).
                                                                                                  
 Time: 130 of 600 seconds.  Estimated final completion at 10:45:39 (in 0.003 days).
                                                                                                  
 Time: 135 of 600 seconds.  Estimated final completion at 10:45:53 (in 0.003 days).
                                                                                                  
 Time: 140 of 600 seconds.  Estimated final completion at 10:45:29 (in 0.003 days).
                                                                                                  
 Time: 145 of 600 seconds.  Estimated final completion at 10:46:05 (in 0.003 days).
                                                                                                  
 Time: 150 of 600 seconds.  Estimated final completion at 10:45:56 (in 0.003 days).
                                                                                                  
 Time: 155 of 600 seconds.  Estimated final completion at 10:46:01 (in 0.003 days).
                                                                                                  
 Time: 160 of 600 seconds.  Estimated final completion at 10:45:59 (in 0.003 days).
                                                                                                  
 Time: 165 of 600 seconds.  Estimated final completion at 10:45:47 (in 0.003 days).
                                                                                                  
 Time: 170 of 600 seconds.  Estimated final completion at 10:45:56 (in 0.003 days).
                                                                                                  
 Time: 175 of 600 seconds.  Estimated final completion at 10:45:36 (in 0.003 days).
                                                                                                  
 Time: 180 of 600 seconds.  Estimated final completion at 10:45:54 (in 0.003 days).
                                                                                                  
 Time: 185 of 600 seconds.  Estimated final completion at 10:45:44 (in 0.003 days).
                                                                                                  
 Time: 190 of 600 seconds.  Estimated final completion at 10:46:05 (in 0.003 days).
                                                                                                  
 Time: 195 of 600 seconds.  Estimated final completion at 10:45:55 (in 0.003 days).
                                                                                                  
 Time: 200 of 600 seconds.  Estimated final completion at 10:45:40 (in 0.003 days).
                                                                                                  
 Time: 205 of 600 seconds.  Estimated final completion at 10:45:57 (in 0.003 days).
                                                                                                  
 Time: 210 of 600 seconds.  Estimated final completion at 10:45:56 (in 0.003 days).
                                                                                                  
 Time: 215 of 600 seconds.  Estimated final completion at 10:45:53 (in 0.003 days).
                                                                                                  
 Time: 220 of 600 seconds.  Estimated final completion at 10:45:46 (in 0.003 days).
                                                                                                  
 Time: 225 of 600 seconds.  Estimated final completion at 10:45:28 (in 0.002 days).
                                                                                                  
 Time: 230 of 600 seconds.  Estimated final completion at 10:45:50 (in 0.002 days).
                                                                                                  
 Time: 235 of 600 seconds.  Estimated final completion at 10:45:44 (in 0.002 days).
                                                                                                  
 Time: 240 of 600 seconds.  Estimated final completion at 10:45:30 (in 0.002 days).
                                                                                                  
 Time: 245 of 600 seconds.  Estimated final completion at 10:45:58 (in 0.002 days).
                                                                                                  
 Time: 250 of 600 seconds.  Estimated final completion at 10:45:49 (in 0.002 days).
                                                                                                  
 Time: 255 of 600 seconds.  Estimated final completion at 10:45:36 (in 0.002 days).
                                                                                                  
 Time: 260 of 600 seconds.  Estimated final completion at 10:45:57 (in 0.002 days).
                                                                                                  
 Time: 265 of 600 seconds.  Estimated final completion at 10:45:54 (in 0.002 days).
                                                                                                  
 Time: 270 of 600 seconds.  Estimated final completion at 10:45:60 (in 0.002 days).
                                                                                                  
 Time: 275 of 600 seconds.  Estimated final completion at 10:46:03 (in 0.002 days).
                                                                                                  
 Time: 280 of 600 seconds.  Estimated final completion at 10:45:52 (in 0.002 days).
                                                                                                  
 Time: 285 of 600 seconds.  Estimated final completion at 10:45:46 (in 0.002 days).
                                                                                                  
 Time: 290 of 600 seconds.  Estimated final completion at 10:46:08 (in 0.002 days).
                                                                                                  
 Time: 295 of 600 seconds.  Estimated final completion at 10:45:56 (in 0.002 days).
                                                                                                  
 Time: 300 of 600 seconds.  Estimated final completion at 10:45:46 (in 0.002 days).
                                                                                                  
 Time: 305 of 600 seconds.  Estimated final completion at 10:45:14 (in 0.002 days).
                                                                                                  
 Time: 310 of 600 seconds.  Estimated final completion at 10:45:25 (in 0.002 days).
                                                                                                  
 Time: 315 of 600 seconds.  Estimated final completion at 10:45:48 (in 0.002 days).
                                                                                                  
 Time: 320 of 600 seconds.  Estimated final completion at 10:45:42 (in 0.002 days).
                                                                                                  
 Time: 325 of 600 seconds.  Estimated final completion at 10:45:39 (in 0.002 days).
                                                                                                  
 Time: 330 of 600 seconds.  Estimated final completion at 10:45:57 (in 0.002 days).
                                                                                                  
 Time: 335 of 600 seconds.  Estimated final completion at 10:45:51 (in 0.002 days).
                                                                                                  
 Time: 340 of 600 seconds.  Estimated final completion at 10:45:44 (in 0.002 days).
                                                                                                  
 Time: 345 of 600 seconds.  Estimated final completion at 10:45:57 (in 0.002 days).
                                                                                                  
 Time: 350 of 600 seconds.  Estimated final completion at 10:45:34 (in 0.002 days).
                                                                                                  
 Time: 355 of 600 seconds.  Estimated final completion at 10:45:51 (in 0.002 days).
                                                                                                  
 Time: 360 of 600 seconds.  Estimated final completion at 10:46:08 (in 0.002 days).
                                                                                                  
 Time: 365 of 600 seconds.  Estimated final completion at 10:45:47 (in 0.002 days).
                                                                                                  
 Time: 370 of 600 seconds.  Estimated final completion at 10:45:53 (in 0.002 days).
                                                                                                  
 Time: 375 of 600 seconds.  Estimated final completion at 10:45:48 (in 0.002 days).
                                                                                                  
 Time: 380 of 600 seconds.  Estimated final completion at 10:45:35 (in 0.001 days).
                                                                                                  
 Time: 385 of 600 seconds.  Estimated final completion at 10:45:43 (in 0.001 days).
                                                                                                  
 Time: 390 of 600 seconds.  Estimated final completion at 10:45:51 (in 0.001 days).
                                                                                                  
 Time: 395 of 600 seconds.  Estimated final completion at 10:45:39 (in 0.001 days).
                                                                                                  
 Time: 400 of 600 seconds.  Estimated final completion at 10:45:46 (in 0.001 days).
                                                                                                  
 Time: 405 of 600 seconds.  Estimated final completion at 10:45:43 (in 0.001 days).
                                                                                                  
 Time: 410 of 600 seconds.  Estimated final completion at 10:45:52 (in 0.001 days).
                                                                                                  
 Time: 415 of 600 seconds.  Estimated final completion at 10:45:41 (in 0.001 days).
                                                                                                  
 Time: 420 of 600 seconds.  Estimated final completion at 10:45:44 (in 0.001 days).
                                                                                                  
 Time: 425 of 600 seconds.  Estimated final completion at 10:45:56 (in 0.001 days).
                                                                                                  
 Time: 430 of 600 seconds.  Estimated final completion at 10:45:46 (in 0.001 days).
                                                                                                  
 Time: 435 of 600 seconds.  Estimated final completion at 10:45:53 (in 0.001 days).
                                                                                                  
 Time: 440 of 600 seconds.  Estimated final completion at 10:45:50 (in 0.001 days).
                                                                                                  
 Time: 445 of 600 seconds.  Estimated final completion at 10:45:49 (in 0.001 days).
                                                                                                  
 Time: 450 of 600 seconds.  Estimated final completion at 10:45:43 (in 0.001 days).
                                                                                                  
 Time: 455 of 600 seconds.  Estimated final completion at 10:45:52 (in 0.001 days).
                                                                                                  
 Time: 460 of 600 seconds.  Estimated final completion at 10:45:47 (in 0.001 days).
                                                                                                  
 Time: 465 of 600 seconds.  Estimated final completion at 10:45:50 (in 0.001 days).
                                                                                                  
 Time: 470 of 600 seconds.  Estimated final completion at 10:45:45 (in 0.001 days).
                                                                                                  
 Time: 475 of 600 seconds.  Estimated final completion at 10:45:48 (in 0.001 days).
                                                                                                  
 Time: 480 of 600 seconds.  Estimated final completion at 10:45:49 (in 0.001 days).
                                                                                                  
 Time: 485 of 600 seconds.  Estimated final completion at 10:45:50 (in 0.001 days).
                                                                                                  
 Time: 490 of 600 seconds.  Estimated final completion at 10:45:50 (in 0.001 days).
                                                                                                  
 Time: 495 of 600 seconds.  Estimated final completion at 10:45:51 (in 0.001 days).
                                                                                                  
 Time: 500 of 600 seconds.  Estimated final completion at 10:45:49 (in 0.001 days).
                                                                                                  
 Time: 505 of 600 seconds.  Estimated final completion at 10:45:50 (in 0.001 days).
                                                                                                  
 Time: 510 of 600 seconds.  Estimated final completion at 10:45:49 (in 0.001 days).
                                                                                                  
 Time: 515 of 600 seconds.  Estimated final completion at 10:45:47 (in 0.001 days).
                                                                                                  
 Time: 520 of 600 seconds.  Estimated final completion at 10:45:49 (in 0.001 days).
                                                                                                  
 Time: 525 of 600 seconds.  Estimated final completion at 10:45:50 (in 0.001 days).
                                                                                                  
 Time: 530 of 600 seconds.  Estimated final completion at 10:45:47 (in 0.000 days).
                                                                                                  
 Time: 535 of 600 seconds.  Estimated final completion at 10:45:48 (in 0.000 days).
                                                                                                  
 Time: 540 of 600 seconds.  Estimated final completion at 10:45:48 (in 0.000 days).
                                                                                                  
 Time: 545 of 600 seconds.  Estimated final completion at 10:45:49 (in 0.000 days).
                                                                                                  
 Time: 550 of 600 seconds.  Estimated final completion at 10:45:47 (in 0.000 days).
                                                                                                  
 Time: 555 of 600 seconds.  Estimated final completion at 10:45:49 (in 0.000 days).
                                                                                                  
 Time: 560 of 600 seconds.  Estimated final completion at 10:45:46 (in 0.000 days).
                                                                                                  
 Time: 565 of 600 seconds.  Estimated final completion at 10:45:49 (in 0.000 days).
                                                                                                  
 Time: 570 of 600 seconds.  Estimated final completion at 10:45:47 (in 0.000 days).
                                                                                                  
 Time: 575 of 600 seconds.  Estimated final completion at 10:45:49 (in 0.000 days).
                                                                                                  
 Time: 580 of 600 seconds.  Estimated final completion at 10:45:48 (in 0.000 days).
                                                                                                  
 Time: 585 of 600 seconds.  Estimated final completion at 10:45:47 (in 0.000 days).
                                                                                                  
 Time: 590 of 600 seconds.  Estimated final completion at 10:45:48 (in 0.000 days).
                                                                                                  
 Time: 595 of 600 seconds.  Estimated final completion at 10:45:48 (in 0.000 days).
                                                                                                  
 Time: 600 of 600 seconds.  Estimated final completion at 10:45:48 (in 0.000 days).
                                                                                                  

 Total Real Time:       5.7001 minutes
 Total CPU Time:        4.7307 minutes
 Simulation CPU Time:   4.7255 minutes
 Simulated Time:        10 minutes
 Time Ratio (Sim/CPU):  2.1162

 OpenFAST terminated normally.



======================================================================
CASE: 5MW_Land_DLL_WTurb_WS11_Seed04
FST : 5MW_Land_DLL_WTurb\OpenFAST_Case_Outputs\WS11\Seed04\5MW_Land_DLL_WTurb_WS11_Seed04.fst
======================================================================


**************************************************************************************************
OpenFAST

Copyright (C) 2026 National Renewable Energy Laboratory
Copyright (C) 2026 Envision Energy USA LTD

This program is licensed under Apache License Version 2.0 and comes with ABSOLUTELY NO WARRANTY.
See the "LICENSE" file distributed with this software for details.
**************************************************************************************************

OpenFAST-v5.0.0
Compile Info:
 - Compiler: Intel(R) Fortran Compiler 20250302
 - Architecture: 64 bit
 - Precision: single
 - OpenMP: No
 - Date: Mar 13 2026
 - Time: 19:00:22
Execution Info:
 - Date: 09/06/2026
 - Time: 10:45:48+0200

OpenFAST input file heading:
    FAST Certification Test #18: NREL 5.0 MW Baseline Wind Turbine (Onshore)

 Running ElastoDyn.
 Running InflowWind.

   Reading a 31x31 grid (145 m wide, 17.5 m to 162.5 m above ground) with a characteristic wind
   speed of 11 m/s. This full-field file was generated by TurbSim (v2.00.07a-bjj, 14-Jun-2016) on
   02-Sep-2026 at 20:20:03.

   Processed 12264 time steps of 20-Hz grid-field data (613.15 seconds).
 Running AeroDyn.
   AeroDyn: projMod: 1
   Projection: legacy (NoSweepPitchTwist), BEM: legacy (2D)
Warning: Turning off Unsteady Aerodynamics because polar has constant data. (node 1, blade 1)
Warning: Turning off Unsteady Aerodynamics because polar has constant data. (node 2, blade 1)
Warning: Turning off Unsteady Aerodynamics because polar has constant data. (node 3, blade 1)
Warning: Turning off Unsteady Aerodynamics because polar has constant data. (node 4, blade 1)
Warning: Turning off Unsteady Aerodynamics because polar has constant data. (node 1, blade 2)
Warning: Turning off Unsteady Aerodynamics because polar has constant data. (node 2, blade 2)
Warning: Turning off Unsteady Aerodynamics because polar has constant data. (node 3, blade 2)
Warning: Turning off Unsteady Aerodynamics because polar has constant data. (node 4, blade 2)
Warning: Turning off Unsteady Aerodynamics because polar has constant data. (node 1, blade 3)
Warning: Turning off Unsteady Aerodynamics because polar has constant data. (node 2, blade 3)
Warning: Turning off Unsteady Aerodynamics because polar has constant data. (node 3, blade 3)
Warning: Turning off Unsteady Aerodynamics because polar has constant data. (node 4, blade 3)
 Running ServoDyn.
 Running ServoDyn Interface for Bladed Controllers (using Intel Visual Fortran for Windows).
Using legacy Bladed DLL interface.
 Time: 0 of 600 seconds.
                                                                                                  
 Time: 5 of 600 seconds.  Estimated final completion at 10:47:48 (in 0.001 days).
                                                                                                  
 Time: 10 of 600 seconds.  Estimated final completion at 10:47:46 (in 0.001 days).
                                                                                                  
 Time: 15 of 600 seconds.  Estimated final completion at 10:48:24 (in 0.002 days).
                                                                                                  
 Time: 20 of 600 seconds.  Estimated final completion at 10:51:14 (in 0.004 days).
                                                                                                  
 Time: 25 of 600 seconds.  Estimated final completion at 10:51:23 (in 0.004 days).
                                                                                                  
 Time: 30 of 600 seconds.  Estimated final completion at 10:51:11 (in 0.004 days).
                                                                                                  
 Time: 35 of 600 seconds.  Estimated final completion at 10:51:15 (in 0.004 days).
                                                                                                  
 Time: 40 of 600 seconds.  Estimated final completion at 10:51:55 (in 0.004 days).
                                                                                                  
 Time: 45 of 600 seconds.  Estimated final completion at 10:51:29 (in 0.004 days).
                                                                                                  
 Time: 50 of 600 seconds.  Estimated final completion at 10:51:15 (in 0.004 days).
                                                                                                  
 Time: 55 of 600 seconds.  Estimated final completion at 10:51:12 (in 0.003 days).
                                                                                                  
 Time: 60 of 600 seconds.  Estimated final completion at 10:51:25 (in 0.004 days).
                                                                                                  
 Time: 65 of 600 seconds.  Estimated final completion at 10:51:15 (in 0.003 days).
                                                                                                  
 Time: 70 of 600 seconds.  Estimated final completion at 10:51:17 (in 0.003 days).
                                                                                                  
 Time: 75 of 600 seconds.  Estimated final completion at 10:51:26 (in 0.003 days).
                                                                                                  
 Time: 80 of 600 seconds.  Estimated final completion at 10:51:15 (in 0.003 days).
                                                                                                  
 Time: 85 of 600 seconds.  Estimated final completion at 10:51:33 (in 0.003 days).
                                                                                                  
 Time: 90 of 600 seconds.  Estimated final completion at 10:50:59 (in 0.003 days).
                                                                                                  
 Time: 95 of 600 seconds.  Estimated final completion at 10:51:24 (in 0.003 days).
                                                                                                  
 Time: 100 of 600 seconds.  Estimated final completion at 10:51:04 (in 0.003 days).
                                                                                                  
 Time: 105 of 600 seconds.  Estimated final completion at 10:51:38 (in 0.003 days).
                                                                                                  
 Time: 110 of 600 seconds.  Estimated final completion at 10:51:47 (in 0.003 days).
                                                                                                  
 Time: 115 of 600 seconds.  Estimated final completion at 10:51:29 (in 0.003 days).
                                                                                                  
 Time: 120 of 600 seconds.  Estimated final completion at 10:51:19 (in 0.003 days).
                                                                                                  
 Time: 125 of 600 seconds.  Estimated final completion at 10:51:25 (in 0.003 days).
                                                                                                  
 Time: 130 of 600 seconds.  Estimated final completion at 10:51:24 (in 0.003 days).
                                                                                                  
 Time: 135 of 600 seconds.  Estimated final completion at 10:51:24 (in 0.003 days).
                                                                                                  
 Time: 140 of 600 seconds.  Estimated final completion at 10:51:44 (in 0.003 days).
                                                                                                  
 Time: 145 of 600 seconds.  Estimated final completion at 10:51:24 (in 0.003 days).
                                                                                                  
 Time: 150 of 600 seconds.  Estimated final completion at 10:51:34 (in 0.003 days).
                                                                                                  
 Time: 155 of 600 seconds.  Estimated final completion at 10:51:25 (in 0.003 days).
                                                                                                  
 Time: 160 of 600 seconds.  Estimated final completion at 10:51:26 (in 0.003 days).
                                                                                                  
 Time: 165 of 600 seconds.  Estimated final completion at 10:51:23 (in 0.003 days).
                                                                                                  
 Time: 170 of 600 seconds.  Estimated final completion at 10:51:31 (in 0.003 days).
                                                                                                  
 Time: 175 of 600 seconds.  Estimated final completion at 10:51:29 (in 0.003 days).
                                                                                                  
 Time: 180 of 600 seconds.  Estimated final completion at 10:51:33 (in 0.003 days).
                                                                                                  
 Time: 185 of 600 seconds.  Estimated final completion at 10:51:35 (in 0.003 days).
                                                                                                  
 Time: 190 of 600 seconds.  Estimated final completion at 10:51:21 (in 0.003 days).
                                                                                                  
 Time: 195 of 600 seconds.  Estimated final completion at 10:51:31 (in 0.003 days).
                                                                                                  
 Time: 200 of 600 seconds.  Estimated final completion at 10:51:15 (in 0.003 days).
                                                                                                  
 Time: 205 of 600 seconds.  Estimated final completion at 10:51:22 (in 0.003 days).
                                                                                                  
 Time: 210 of 600 seconds.  Estimated final completion at 10:51:28 (in 0.003 days).
                                                                                                  
 Time: 215 of 600 seconds.  Estimated final completion at 10:51:20 (in 0.002 days).
                                                                                                  
 Time: 220 of 600 seconds.  Estimated final completion at 10:51:22 (in 0.002 days).
                                                                                                  
 Time: 225 of 600 seconds.  Estimated final completion at 10:51:23 (in 0.002 days).
                                                                                                  
 Time: 230 of 600 seconds.  Estimated final completion at 10:51:41 (in 0.003 days).
                                                                                                  
 Time: 235 of 600 seconds.  Estimated final completion at 10:51:30 (in 0.002 days).
                                                                                                  
 Time: 240 of 600 seconds.  Estimated final completion at 10:51:32 (in 0.002 days).
                                                                                                  
 Time: 245 of 600 seconds.  Estimated final completion at 10:51:23 (in 0.002 days).
                                                                                                  
 Time: 250 of 600 seconds.  Estimated final completion at 10:51:30 (in 0.002 days).
                                                                                                  
 Time: 255 of 600 seconds.  Estimated final completion at 10:51:47 (in 0.003 days).
                                                                                                  
 Time: 260 of 600 seconds.  Estimated final completion at 10:51:17 (in 0.002 days).
                                                                                                  
 Time: 265 of 600 seconds.  Estimated final completion at 10:51:41 (in 0.002 days).
                                                                                                  
 Time: 270 of 600 seconds.  Estimated final completion at 10:51:24 (in 0.002 days).
                                                                                                  
 Time: 275 of 600 seconds.  Estimated final completion at 10:51:24 (in 0.002 days).
                                                                                                  
 Time: 280 of 600 seconds.  Estimated final completion at 10:51:31 (in 0.002 days).
                                                                                                  
 Time: 285 of 600 seconds.  Estimated final completion at 10:51:23 (in 0.002 days).
                                                                                                  
 Time: 290 of 600 seconds.  Estimated final completion at 10:51:25 (in 0.002 days).
                                                                                                  
 Time: 295 of 600 seconds.  Estimated final completion at 10:51:28 (in 0.002 days).
                                                                                                  
 Time: 300 of 600 seconds.  Estimated final completion at 10:51:16 (in 0.002 days).
                                                                                                  
 Time: 305 of 600 seconds.  Estimated final completion at 10:51:16 (in 0.002 days).
                                                                                                  
 Time: 310 of 600 seconds.  Estimated final completion at 10:51:23 (in 0.002 days).
                                                                                                  
 Time: 315 of 600 seconds.  Estimated final completion at 10:51:28 (in 0.002 days).
                                                                                                  
 Time: 320 of 600 seconds.  Estimated final completion at 10:51:22 (in 0.002 days).
                                                                                                  
 Time: 325 of 600 seconds.  Estimated final completion at 10:51:29 (in 0.002 days).
                                                                                                  
 Time: 330 of 600 seconds.  Estimated final completion at 10:51:20 (in 0.002 days).
                                                                                                  
 Time: 335 of 600 seconds.  Estimated final completion at 10:51:29 (in 0.002 days).
                                                                                                  
 Time: 340 of 600 seconds.  Estimated final completion at 10:51:27 (in 0.002 days).
                                                                                                  
 Time: 345 of 600 seconds.  Estimated final completion at 10:51:23 (in 0.002 days).
                                                                                                  
 Time: 350 of 600 seconds.  Estimated final completion at 10:51:21 (in 0.002 days).
                                                                                                  
 Time: 355 of 600 seconds.  Estimated final completion at 10:51:28 (in 0.002 days).
                                                                                                  
 Time: 360 of 600 seconds.  Estimated final completion at 10:51:28 (in 0.002 days).
                                                                                                  
 Time: 365 of 600 seconds.  Estimated final completion at 10:51:20 (in 0.001 days).
                                                                                                  
 Time: 370 of 600 seconds.  Estimated final completion at 10:51:31 (in 0.002 days).
                                                                                                  
 Time: 375 of 600 seconds.  Estimated final completion at 10:51:18 (in 0.001 days).
                                                                                                  
 Time: 380 of 600 seconds.  Estimated final completion at 10:51:32 (in 0.002 days).
                                                                                                  
 Time: 385 of 600 seconds.  Estimated final completion at 10:51:27 (in 0.001 days).
                                                                                                  
 Time: 390 of 600 seconds.  Estimated final completion at 10:51:23 (in 0.001 days).
                                                                                                  
 Time: 395 of 600 seconds.  Estimated final completion at 10:51:26 (in 0.001 days).
                                                                                                  
 Time: 400 of 600 seconds.  Estimated final completion at 10:51:27 (in 0.001 days).
                                                                                                  
 Time: 405 of 600 seconds.  Estimated final completion at 10:51:32 (in 0.001 days).
                                                                                                  
 Time: 410 of 600 seconds.  Estimated final completion at 10:51:24 (in 0.001 days).
                                                                                                  
 Time: 415 of 600 seconds.  Estimated final completion at 10:51:31 (in 0.001 days).
                                                                                                  
 Time: 420 of 600 seconds.  Estimated final completion at 10:51:25 (in 0.001 days).
                                                                                                  
 Time: 425 of 600 seconds.  Estimated final completion at 10:51:27 (in 0.001 days).
                                                                                                  
 Time: 430 of 600 seconds.  Estimated final completion at 10:51:24 (in 0.001 days).
                                                                                                  
 Time: 435 of 600 seconds.  Estimated final completion at 10:51:35 (in 0.001 days).
                                                                                                  
 Time: 440 of 600 seconds.  Estimated final completion at 10:51:19 (in 0.001 days).
                                                                                                  
 Time: 445 of 600 seconds.  Estimated final completion at 10:51:37 (in 0.001 days).
                                                                                                  
 Time: 450 of 600 seconds.  Estimated final completion at 10:51:24 (in 0.001 days).
                                                                                                  
 Time: 455 of 600 seconds.  Estimated final completion at 10:51:24 (in 0.001 days).
                                                                                                  
 Time: 460 of 600 seconds.  Estimated final completion at 10:51:22 (in 0.001 days).
                                                                                                  
 Time: 465 of 600 seconds.  Estimated final completion at 10:51:26 (in 0.001 days).
                                                                                                  
 Time: 470 of 600 seconds.  Estimated final completion at 10:51:24 (in 0.001 days).
                                                                                                  
 Time: 475 of 600 seconds.  Estimated final completion at 10:51:26 (in 0.001 days).
                                                                                                  
 Time: 480 of 600 seconds.  Estimated final completion at 10:51:25 (in 0.001 days).
                                                                                                  
 Time: 485 of 600 seconds.  Estimated final completion at 10:51:23 (in 0.001 days).
                                                                                                  
 Time: 490 of 600 seconds.  Estimated final completion at 10:51:29 (in 0.001 days).
                                                                                                  
 Time: 495 of 600 seconds.  Estimated final completion at 10:51:23 (in 0.001 days).
                                                                                                  
 Time: 500 of 600 seconds.  Estimated final completion at 10:51:29 (in 0.001 days).
                                                                                                  
 Time: 505 of 600 seconds.  Estimated final completion at 10:51:24 (in 0.001 days).
                                                                                                  
 Time: 510 of 600 seconds.  Estimated final completion at 10:51:29 (in 0.001 days).
                                                                                                  
 Time: 515 of 600 seconds.  Estimated final completion at 10:51:25 (in 0.001 days).
                                                                                                  
 Time: 520 of 600 seconds.  Estimated final completion at 10:51:29 (in 0.001 days).
                                                                                                  
 Time: 525 of 600 seconds.  Estimated final completion at 10:51:29 (in 0.001 days).
                                                                                                  
 Time: 530 of 600 seconds.  Estimated final completion at 10:51:26 (in 0.000 days).
                                                                                                  
 Time: 535 of 600 seconds.  Estimated final completion at 10:51:26 (in 0.000 days).
                                                                                                  
 Time: 540 of 600 seconds.  Estimated final completion at 10:51:26 (in 0.000 days).
                                                                                                  
 Time: 545 of 600 seconds.  Estimated final completion at 10:51:26 (in 0.000 days).
                                                                                                  
 Time: 550 of 600 seconds.  Estimated final completion at 10:51:27 (in 0.000 days).
                                                                                                  
 Time: 555 of 600 seconds.  Estimated final completion at 10:51:26 (in 0.000 days).
                                                                                                  
 Time: 560 of 600 seconds.  Estimated final completion at 10:51:25 (in 0.000 days).
                                                                                                  
 Time: 565 of 600 seconds.  Estimated final completion at 10:51:26 (in 0.000 days).
                                                                                                  
 Time: 570 of 600 seconds.  Estimated final completion at 10:51:27 (in 0.000 days).
                                                                                                  
 Time: 575 of 600 seconds.  Estimated final completion at 10:51:26 (in 0.000 days).
                                                                                                  
 Time: 580 of 600 seconds.  Estimated final completion at 10:51:27 (in 0.000 days).
                                                                                                  
 Time: 585 of 600 seconds.  Estimated final completion at 10:51:27 (in 0.000 days).
                                                                                                  
 Time: 590 of 600 seconds.  Estimated final completion at 10:51:26 (in 0.000 days).
                                                                                                  
 Time: 595 of 600 seconds.  Estimated final completion at 10:51:26 (in 0.000 days).
                                                                                                  
 Time: 600 of 600 seconds.  Estimated final completion at 10:51:26 (in 0.000 days).
                                                                                                  

 Total Real Time:       5.6396 minutes
 Total CPU Time:        4.7456 minutes
 Simulation CPU Time:   4.7427 minutes
 Simulated Time:        10 minutes
 Time Ratio (Sim/CPU):  2.1085

 OpenFAST terminated normally.



======================================================================
CASE: 5MW_Land_DLL_WTurb_WS11_Seed05
FST : 5MW_Land_DLL_WTurb\OpenFAST_Case_Outputs\WS11\Seed05\5MW_Land_DLL_WTurb_WS11_Seed05.fst
======================================================================


**************************************************************************************************
OpenFAST

Copyright (C) 2026 National Renewable Energy Laboratory
Copyright (C) 2026 Envision Energy USA LTD

This program is licensed under Apache License Version 2.0 and comes with ABSOLUTELY NO WARRANTY.
See the "LICENSE" file distributed with this software for details.
**************************************************************************************************

OpenFAST-v5.0.0
Compile Info:
 - Compiler: Intel(R) Fortran Compiler 20250302
 - Architecture: 64 bit
 - Precision: single
 - OpenMP: No
 - Date: Mar 13 2026
 - Time: 19:00:22
Execution Info:
 - Date: 09/06/2026
 - Time: 10:51:26+0200

OpenFAST input file heading:
    FAST Certification Test #18: NREL 5.0 MW Baseline Wind Turbine (Onshore)

 Running ElastoDyn.
 Running InflowWind.

   Reading a 31x31 grid (145 m wide, 17.5 m to 162.5 m above ground) with a characteristic wind
   speed of 11 m/s. This full-field file was generated by TurbSim (v2.00.07a-bjj, 14-Jun-2016) on
   02-Sep-2026 at 20:21:11.

   Processed 12264 time steps of 20-Hz grid-field data (613.15 seconds).
 Running AeroDyn.
   AeroDyn: projMod: 1
   Projection: legacy (NoSweepPitchTwist), BEM: legacy (2D)
Warning: Turning off Unsteady Aerodynamics because polar has constant data. (node 1, blade 1)
Warning: Turning off Unsteady Aerodynamics because polar has constant data. (node 2, blade 1)
Warning: Turning off Unsteady Aerodynamics because polar has constant data. (node 3, blade 1)
Warning: Turning off Unsteady Aerodynamics because polar has constant data. (node 4, blade 1)
Warning: Turning off Unsteady Aerodynamics because polar has constant data. (node 1, blade 2)
Warning: Turning off Unsteady Aerodynamics because polar has constant data. (node 2, blade 2)
Warning: Turning off Unsteady Aerodynamics because polar has constant data. (node 3, blade 2)
Warning: Turning off Unsteady Aerodynamics because polar has constant data. (node 4, blade 2)
Warning: Turning off Unsteady Aerodynamics because polar has constant data. (node 1, blade 3)
Warning: Turning off Unsteady Aerodynamics because polar has constant data. (node 2, blade 3)
Warning: Turning off Unsteady Aerodynamics because polar has constant data. (node 3, blade 3)
Warning: Turning off Unsteady Aerodynamics because polar has constant data. (node 4, blade 3)
 Running ServoDyn.
 Running ServoDyn Interface for Bladed Controllers (using Intel Visual Fortran for Windows).
Using legacy Bladed DLL interface.
 Time: 0 of 600 seconds.
                                                                                                  
 Time: 5 of 600 seconds.  Estimated final completion at 10:53:27 (in 0.001 days).
                                                                                                  
 Time: 10 of 600 seconds.  Estimated final completion at 10:53:22 (in 0.001 days).
                                                                                                  
 Time: 15 of 600 seconds.  Estimated final completion at 10:54:08 (in 0.002 days).
                                                                                                  
 Time: 20 of 600 seconds.  Estimated final completion at 10:56:56 (in 0.004 days).
                                                                                                  
 Time: 25 of 600 seconds.  Estimated final completion at 10:56:57 (in 0.004 days).
                                                                                                  
 Time: 30 of 600 seconds.  Estimated final completion at 10:57:11 (in 0.004 days).
                                                                                                  
 Time: 35 of 600 seconds.  Estimated final completion at 10:57:17 (in 0.004 days).
                                                                                                  
 Time: 40 of 600 seconds.  Estimated final completion at 10:57:04 (in 0.004 days).
                                                                                                  
 Time: 45 of 600 seconds.  Estimated final completion at 10:57:22 (in 0.004 days).
                                                                                                  
 Time: 50 of 600 seconds.  Estimated final completion at 10:57:43 (in 0.004 days).
                                                                                                  
 Time: 55 of 600 seconds.  Estimated final completion at 10:57:28 (in 0.004 days).
                                                                                                  
 Time: 60 of 600 seconds.  Estimated final completion at 10:57:13 (in 0.004 days).
                                                                                                  
 Time: 65 of 600 seconds.  Estimated final completion at 10:56:50 (in 0.003 days).
                                                                                                  
 Time: 70 of 600 seconds.  Estimated final completion at 10:57:12 (in 0.004 days).
                                                                                                  
 Time: 75 of 600 seconds.  Estimated final completion at 10:57:05 (in 0.003 days).
                                                                                                  
 Time: 80 of 600 seconds.  Estimated final completion at 10:57:07 (in 0.003 days).
                                                                                                  
 Time: 85 of 600 seconds.  Estimated final completion at 10:56:52 (in 0.003 days).
                                                                                                  
 Time: 90 of 600 seconds.  Estimated final completion at 10:56:50 (in 0.003 days).
                                                                                                  
 Time: 95 of 600 seconds.  Estimated final completion at 10:56:44 (in 0.003 days).
                                                                                                  
 Time: 100 of 600 seconds.  Estimated final completion at 10:56:56 (in 0.003 days).
                                                                                                  
 Time: 105 of 600 seconds.  Estimated final completion at 10:57:01 (in 0.003 days).
                                                                                                  
 Time: 110 of 600 seconds.  Estimated final completion at 10:56:46 (in 0.003 days).
                                                                                                  
 Time: 115 of 600 seconds.  Estimated final completion at 10:57:14 (in 0.003 days).
                                                                                                  
 Time: 120 of 600 seconds.  Estimated final completion at 10:56:59 (in 0.003 days).
                                                                                                  
 Time: 125 of 600 seconds.  Estimated final completion at 10:56:54 (in 0.003 days).
                                                                                                  
 Time: 130 of 600 seconds.  Estimated final completion at 10:57:17 (in 0.003 days).
                                                                                                  
 Time: 135 of 600 seconds.  Estimated final completion at 10:57:15 (in 0.003 days).
                                                                                                  
 Time: 140 of 600 seconds.  Estimated final completion at 10:57:28 (in 0.003 days).
                                                                                                  
 Time: 145 of 600 seconds.  Estimated final completion at 10:57:17 (in 0.003 days).
                                                                                                  
 Time: 150 of 600 seconds.  Estimated final completion at 10:56:51 (in 0.003 days).
                                                                                                  
 Time: 155 of 600 seconds.  Estimated final completion at 10:57:02 (in 0.003 days).
                                                                                                  
 Time: 160 of 600 seconds.  Estimated final completion at 10:57:09 (in 0.003 days).
                                                                                                  
 Time: 165 of 600 seconds.  Estimated final completion at 10:56:41 (in 0.003 days).
                                                                                                  
 Time: 170 of 600 seconds.  Estimated final completion at 10:56:56 (in 0.003 days).
                                                                                                  
 Time: 175 of 600 seconds.  Estimated final completion at 10:57:28 (in 0.003 days).
                                                                                                  
 Time: 180 of 600 seconds.  Estimated final completion at 10:56:51 (in 0.003 days).
                                                                                                  
 Time: 185 of 600 seconds.  Estimated final completion at 10:57:06 (in 0.003 days).
                                                                                                  
 Time: 190 of 600 seconds.  Estimated final completion at 10:56:60 (in 0.003 days).
                                                                                                  
 Time: 195 of 600 seconds.  Estimated final completion at 10:56:60 (in 0.003 days).
                                                                                                  
 Time: 200 of 600 seconds.  Estimated final completion at 10:57:06 (in 0.003 days).
                                                                                                  
 Time: 205 of 600 seconds.  Estimated final completion at 10:56:48 (in 0.002 days).
                                                                                                  
 Time: 210 of 600 seconds.  Estimated final completion at 10:57:18 (in 0.003 days).
                                                                                                  
 Time: 215 of 600 seconds.  Estimated final completion at 10:56:59 (in 0.002 days).
                                                                                                  
 Time: 220 of 600 seconds.  Estimated final completion at 10:57:01 (in 0.002 days).
                                                                                                  
 Time: 225 of 600 seconds.  Estimated final completion at 10:57:02 (in 0.002 days).
                                                                                                  
 Time: 230 of 600 seconds.  Estimated final completion at 10:57:14 (in 0.003 days).
                                                                                                  
 Time: 235 of 600 seconds.  Estimated final completion at 10:56:50 (in 0.002 days).
                                                                                                  
 Time: 240 of 600 seconds.  Estimated final completion at 10:57:09 (in 0.002 days).
                                                                                                  
 Time: 245 of 600 seconds.  Estimated final completion at 10:56:57 (in 0.002 days).
                                                                                                  
 Time: 250 of 600 seconds.  Estimated final completion at 10:57:16 (in 0.002 days).
                                                                                                  
 Time: 255 of 600 seconds.  Estimated final completion at 10:56:55 (in 0.002 days).
                                                                                                  
 Time: 260 of 600 seconds.  Estimated final completion at 10:56:57 (in 0.002 days).
                                                                                                  
 Time: 265 of 600 seconds.  Estimated final completion at 10:57:20 (in 0.002 days).
                                                                                                  
 Time: 270 of 600 seconds.  Estimated final completion at 10:56:53 (in 0.002 days).
                                                                                                  
 Time: 275 of 600 seconds.  Estimated final completion at 10:56:52 (in 0.002 days).
                                                                                                  
 Time: 280 of 600 seconds.  Estimated final completion at 10:56:48 (in 0.002 days).
                                                                                                  
 Time: 285 of 600 seconds.  Estimated final completion at 10:57:11 (in 0.002 days).
                                                                                                  
 Time: 290 of 600 seconds.  Estimated final completion at 10:57:10 (in 0.002 days).
                                                                                                  
 Time: 295 of 600 seconds.  Estimated final completion at 10:57:09 (in 0.002 days).
                                                                                                  
 Time: 300 of 600 seconds.  Estimated final completion at 10:56:55 (in 0.002 days).
                                                                                                  
 Time: 305 of 600 seconds.  Estimated final completion at 10:57:04 (in 0.002 days).
                                                                                                  
 Time: 310 of 600 seconds.  Estimated final completion at 10:56:57 (in 0.002 days).
                                                                                                  
 Time: 315 of 600 seconds.  Estimated final completion at 10:57:05 (in 0.002 days).
                                                                                                  
 Time: 320 of 600 seconds.  Estimated final completion at 10:56:47 (in 0.002 days).
                                                                                                  
 Time: 325 of 600 seconds.  Estimated final completion at 10:57:06 (in 0.002 days).
                                                                                                  
 Time: 330 of 600 seconds.  Estimated final completion at 10:57:04 (in 0.002 days).
                                                                                                  
 Time: 335 of 600 seconds.  Estimated final completion at 10:56:55 (in 0.002 days).
                                                                                                  
 Time: 340 of 600 seconds.  Estimated final completion at 10:57:05 (in 0.002 days).
                                                                                                  
 Time: 345 of 600 seconds.  Estimated final completion at 10:57:05 (in 0.002 days).
                                                                                                  
 Time: 350 of 600 seconds.  Estimated final completion at 10:57:04 (in 0.002 days).
                                                                                                  
 Time: 355 of 600 seconds.  Estimated final completion at 10:57:04 (in 0.002 days).
                                                                                                  
 Time: 360 of 600 seconds.  Estimated final completion at 10:57:17 (in 0.002 days).
                                                                                                  
 Time: 365 of 600 seconds.  Estimated final completion at 10:56:58 (in 0.001 days).
                                                                                                  
 Time: 370 of 600 seconds.  Estimated final completion at 10:57:07 (in 0.002 days).
                                                                                                  
 Time: 375 of 600 seconds.  Estimated final completion at 10:56:49 (in 0.001 days).
                                                                                                  
 Time: 380 of 600 seconds.  Estimated final completion at 10:57:08 (in 0.002 days).
                                                                                                  
 Time: 385 of 600 seconds.  Estimated final completion at 10:56:59 (in 0.001 days).
                                                                                                  
 Time: 390 of 600 seconds.  Estimated final completion at 10:57:08 (in 0.001 days).
                                                                                                  
 Time: 395 of 600 seconds.  Estimated final completion at 10:57:05 (in 0.001 days).
                                                                                                  
 Time: 400 of 600 seconds.  Estimated final completion at 10:57:11 (in 0.001 days).
                                                                                                  
 Time: 405 of 600 seconds.  Estimated final completion at 10:57:09 (in 0.001 days).
                                                                                                  
 Time: 410 of 600 seconds.  Estimated final completion at 10:56:59 (in 0.001 days).
                                                                                                  
 Time: 415 of 600 seconds.  Estimated final completion at 10:57:09 (in 0.001 days).
                                                                                                  
 Time: 420 of 600 seconds.  Estimated final completion at 10:57:04 (in 0.001 days).
                                                                                                  
 Time: 425 of 600 seconds.  Estimated final completion at 10:57:07 (in 0.001 days).
                                                                                                  
 Time: 430 of 600 seconds.  Estimated final completion at 10:57:06 (in 0.001 days).
                                                                                                  
 Time: 435 of 600 seconds.  Estimated final completion at 10:57:06 (in 0.001 days).
                                                                                                  
 Time: 440 of 600 seconds.  Estimated final completion at 10:57:05 (in 0.001 days).
                                                                                                  
 Time: 445 of 600 seconds.  Estimated final completion at 10:57:01 (in 0.001 days).
                                                                                                  
 Time: 450 of 600 seconds.  Estimated final completion at 10:57:12 (in 0.001 days).
                                                                                                  
 Time: 455 of 600 seconds.  Estimated final completion at 10:57:03 (in 0.001 days).
                                                                                                  
 Time: 460 of 600 seconds.  Estimated final completion at 10:57:03 (in 0.001 days).
                                                                                                  
 Time: 465 of 600 seconds.  Estimated final completion at 10:57:04 (in 0.001 days).
                                                                                                  
 Time: 470 of 600 seconds.  Estimated final completion at 10:57:06 (in 0.001 days).
                                                                                                  
 Time: 475 of 600 seconds.  Estimated final completion at 10:57:05 (in 0.001 days).
                                                                                                  
 Time: 480 of 600 seconds.  Estimated final completion at 10:57:05 (in 0.001 days).
                                                                                                  
 Time: 485 of 600 seconds.  Estimated final completion at 10:56:59 (in 0.001 days).
                                                                                                  
 Time: 490 of 600 seconds.  Estimated final completion at 10:57:10 (in 0.001 days).
                                                                                                  
 Time: 495 of 600 seconds.  Estimated final completion at 10:57:05 (in 0.001 days).
                                                                                                  
 Time: 500 of 600 seconds.  Estimated final completion at 10:57:04 (in 0.001 days).
                                                                                                  
 Time: 505 of 600 seconds.  Estimated final completion at 10:57:04 (in 0.001 days).
                                                                                                  
 Time: 510 of 600 seconds.  Estimated final completion at 10:56:33 (in 0.000 days).
                                                                                                  
 Time: 515 of 600 seconds.  Estimated final completion at 10:56:33 (in 0.000 days).
                                                                                                  
 Time: 520 of 600 seconds.  Estimated final completion at 10:56:35 (in 0.000 days).
                                                                                                  
 Time: 525 of 600 seconds.  Estimated final completion at 10:56:38 (in 0.000 days).
                                                                                                  
 Time: 530 of 600 seconds.  Estimated final completion at 10:56:38 (in 0.000 days).
                                                                                                  
 Time: 535 of 600 seconds.  Estimated final completion at 10:56:38 (in 0.000 days).
                                                                                                  
 Time: 540 of 600 seconds.  Estimated final completion at 10:56:38 (in 0.000 days).
                                                                                                  
 Time: 545 of 600 seconds.  Estimated final completion at 10:56:38 (in 0.000 days).
                                                                                                  
 Time: 550 of 600 seconds.  Estimated final completion at 10:56:38 (in 0.000 days).
                                                                                                  
 Time: 555 of 600 seconds.  Estimated final completion at 10:56:38 (in 0.000 days).
                                                                                                  
 Time: 560 of 600 seconds.  Estimated final completion at 10:56:38 (in 0.000 days).
                                                                                                  
 Time: 565 of 600 seconds.  Estimated final completion at 10:56:38 (in 0.000 days).
                                                                                                  
 Time: 570 of 600 seconds.  Estimated final completion at 10:56:38 (in 0.000 days).
                                                                                                  
 Time: 575 of 600 seconds.  Estimated final completion at 10:56:38 (in 0.000 days).
                                                                                                  
 Time: 580 of 600 seconds.  Estimated final completion at 10:56:38 (in 0.000 days).
                                                                                                  
 Time: 585 of 600 seconds.  Estimated final completion at 10:56:38 (in 0.000 days).
                                                                                                  
 Time: 590 of 600 seconds.  Estimated final completion at 10:56:41 (in 0.000 days).
                                                                                                  
 Time: 595 of 600 seconds.  Estimated final completion at 10:56:44 (in 0.000 days).
                                                                                                  
 Time: 600 of 600 seconds.  Estimated final completion at 10:56:44 (in 0.000 days).
                                                                                                  

 Total Real Time:       5.2946 minutes
 Total CPU Time:        4.5151 minutes
 Simulation CPU Time:   4.5125 minutes
 Simulated Time:        10 minutes
 Time Ratio (Sim/CPU):  2.2161

 OpenFAST terminated normally.



======================================================================
CASE: 5MW_Land_DLL_WTurb_WS11_Seed06
FST : 5MW_Land_DLL_WTurb\OpenFAST_Case_Outputs\WS11\Seed06\5MW_Land_DLL_WTurb_WS11_Seed06.fst
======================================================================


**************************************************************************************************
OpenFAST

Copyright (C) 2026 National Renewable Energy Laboratory
Copyright (C) 2026 Envision Energy USA LTD

This program is licensed under Apache License Version 2.0 and comes with ABSOLUTELY NO WARRANTY.
See the "LICENSE" file distributed with this software for details.
**************************************************************************************************

OpenFAST-v5.0.0
Compile Info:
 - Compiler: Intel(R) Fortran Compiler 20250302
 - Architecture: 64 bit
 - Precision: single
 - OpenMP: No
 - Date: Mar 13 2026
 - Time: 19:00:22
Execution Info:
 - Date: 09/06/2026
 - Time: 10:56:44+0200

OpenFAST input file heading:
    FAST Certification Test #18: NREL 5.0 MW Baseline Wind Turbine (Onshore)

 Running ElastoDyn.
 Running InflowWind.

   Reading a 31x31 grid (145 m wide, 17.5 m to 162.5 m above ground) with a characteristic wind
   speed of 11 m/s. This full-field file was generated by TurbSim (v2.00.07a-bjj, 14-Jun-2016) on
   02-Sep-2026 at 20:43:58.

   Processed 12264 time steps of 20-Hz grid-field data (613.15 seconds).
 Running AeroDyn.
   AeroDyn: projMod: 1
   Projection: legacy (NoSweepPitchTwist), BEM: legacy (2D)
Warning: Turning off Unsteady Aerodynamics because polar has constant data. (node 1, blade 1)
Warning: Turning off Unsteady Aerodynamics because polar has constant data. (node 2, blade 1)
Warning: Turning off Unsteady Aerodynamics because polar has constant data. (node 3, blade 1)
Warning: Turning off Unsteady Aerodynamics because polar has constant data. (node 4, blade 1)
Warning: Turning off Unsteady Aerodynamics because polar has constant data. (node 1, blade 2)
Warning: Turning off Unsteady Aerodynamics because polar has constant data. (node 2, blade 2)
Warning: Turning off Unsteady Aerodynamics because polar has constant data. (node 3, blade 2)
Warning: Turning off Unsteady Aerodynamics because polar has constant data. (node 4, blade 2)
Warning: Turning off Unsteady Aerodynamics because polar has constant data. (node 1, blade 3)
Warning: Turning off Unsteady Aerodynamics because polar has constant data. (node 2, blade 3)
Warning: Turning off Unsteady Aerodynamics because polar has constant data. (node 3, blade 3)
Warning: Turning off Unsteady Aerodynamics because polar has constant data. (node 4, blade 3)
 Running ServoDyn.
 Running ServoDyn Interface for Bladed Controllers (using Intel Visual Fortran for Windows).
Using legacy Bladed DLL interface.
 Time: 0 of 600 seconds.
                                                                                                  
 Time: 5 of 600 seconds.  Estimated final completion at 10:59:43 (in 0.002 days).
                                                                                                  
 Time: 10 of 600 seconds.  Estimated final completion at 11:00:34 (in 0.003 days).
                                                                                                  
 Time: 15 of 600 seconds.  Estimated final completion at 11:04:37 (in 0.005 days).
                                                                                                  
 Time: 20 of 600 seconds.  Estimated final completion at 11:01:12 (in 0.003 days).
                                                                                                  
 Time: 25 of 600 seconds.  Estimated final completion at 11:03:04 (in 0.004 days).
                                                                                                  
 Time: 30 of 600 seconds.  Estimated final completion at 11:05:29 (in 0.006 days).
                                                                                                  
 Time: 35 of 600 seconds.  Estimated final completion at 11:04:52 (in 0.005 days).
                                                                                                  
 Time: 40 of 600 seconds.  Estimated final completion at 11:04:59 (in 0.005 days).
                                                                                                  
 Time: 45 of 600 seconds.  Estimated final completion at 11:05:20 (in 0.006 days).
                                                                                                  
 Time: 50 of 600 seconds.  Estimated final completion at 11:04:39 (in 0.005 days).
                                                                                                  
 Time: 55 of 600 seconds.  Estimated final completion at 11:04:13 (in 0.005 days).
                                                                                                  
 Time: 60 of 600 seconds.  Estimated final completion at 11:04:34 (in 0.005 days).
                                                                                                  
 Time: 65 of 600 seconds.  Estimated final completion at 11:04:42 (in 0.005 days).
                                                                                                  
 Time: 70 of 600 seconds.  Estimated final completion at 11:04:17 (in 0.005 days).
                                                                                                  
 Time: 75 of 600 seconds.  Estimated final completion at 11:05:11 (in 0.005 days).
                                                                                                  
 Time: 80 of 600 seconds.  Estimated final completion at 11:05:21 (in 0.005 days).
                                                                                                  
 Time: 85 of 600 seconds.  Estimated final completion at 11:04:59 (in 0.005 days).
                                                                                                  
 Time: 90 of 600 seconds.  Estimated final completion at 11:05:05 (in 0.005 days).
                                                                                                  
 Time: 95 of 600 seconds.  Estimated final completion at 11:04:10 (in 0.004 days).
                                                                                                  
 Time: 100 of 600 seconds.  Estimated final completion at 11:05:10 (in 0.005 days).
                                                                                                  
 Time: 105 of 600 seconds.  Estimated final completion at 11:04:38 (in 0.005 days).
                                                                                                  
 Time: 110 of 600 seconds.  Estimated final completion at 11:05:13 (in 0.005 days).
                                                                                                  
 Time: 115 of 600 seconds.  Estimated final completion at 11:05:27 (in 0.005 days).
                                                                                                  
 Time: 120 of 600 seconds.  Estimated final completion at 11:03:12 (in 0.003 days).
                                                                                                  
 Time: 125 of 600 seconds.  Estimated final completion at 11:00:10 (in 0.001 days).
                                                                                                  
 Time: 130 of 600 seconds.  Estimated final completion at 11:00:16 (in 0.001 days).
                                                                                                  
 Time: 135 of 600 seconds.  Estimated final completion at 11:00:11 (in 0.001 days).
                                                                                                  
 Time: 140 of 600 seconds.  Estimated final completion at 11:00:21 (in 0.001 days).
                                                                                                  
 Time: 145 of 600 seconds.  Estimated final completion at 11:00:13 (in 0.001 days).
                                                                                                  
 Time: 150 of 600 seconds.  Estimated final completion at 11:00:11 (in 0.001 days).
                                                                                                  
 Time: 155 of 600 seconds.  Estimated final completion at 11:00:21 (in 0.001 days).
                                                                                                  
 Time: 160 of 600 seconds.  Estimated final completion at 11:00:40 (in 0.002 days).
                                                                                                  
 Time: 165 of 600 seconds.  Estimated final completion at 11:00:37 (in 0.002 days).
                                                                                                  
 Time: 170 of 600 seconds.  Estimated final completion at 11:00:33 (in 0.001 days).
                                                                                                  
 Time: 175 of 600 seconds.  Estimated final completion at 11:00:33 (in 0.001 days).
                                                                                                  
 Time: 180 of 600 seconds.  Estimated final completion at 11:00:35 (in 0.001 days).
                                                                                                  
 Time: 185 of 600 seconds.  Estimated final completion at 11:00:34 (in 0.001 days).
                                                                                                  
 Time: 190 of 600 seconds.  Estimated final completion at 11:00:32 (in 0.001 days).
                                                                                                  
 Time: 195 of 600 seconds.  Estimated final completion at 11:00:33 (in 0.001 days).
                                                                                                  
 Time: 200 of 600 seconds.  Estimated final completion at 11:00:34 (in 0.001 days).
                                                                                                  
 Time: 205 of 600 seconds.  Estimated final completion at 11:00:33 (in 0.001 days).
                                                                                                  
 Time: 210 of 600 seconds.  Estimated final completion at 11:00:36 (in 0.001 days).
                                                                                                  
 Time: 215 of 600 seconds.  Estimated final completion at 11:00:36 (in 0.001 days).
                                                                                                  
 Time: 220 of 600 seconds.  Estimated final completion at 11:00:34 (in 0.001 days).
                                                                                                  
 Time: 225 of 600 seconds.  Estimated final completion at 11:00:33 (in 0.001 days).
                                                                                                  
 Time: 230 of 600 seconds.  Estimated final completion at 11:00:33 (in 0.001 days).
                                                                                                  
 Time: 235 of 600 seconds.  Estimated final completion at 11:01:23 (in 0.002 days).
                                                                                                  
 Time: 240 of 600 seconds.  Estimated final completion at 11:03:43 (in 0.003 days).
                                                                                                  
 Time: 245 of 600 seconds.  Estimated final completion at 11:03:54 (in 0.003 days).
                                                                                                  
 Time: 250 of 600 seconds.  Estimated final completion at 11:03:42 (in 0.003 days).
                                                                                                  
 Time: 255 of 600 seconds.  Estimated final completion at 11:03:56 (in 0.003 days).
                                                                                                  
 Time: 260 of 600 seconds.  Estimated final completion at 11:03:42 (in 0.003 days).
                                                                                                  
 Time: 265 of 600 seconds.  Estimated final completion at 11:04:08 (in 0.003 days).
                                                                                                  
 Time: 270 of 600 seconds.  Estimated final completion at 11:03:44 (in 0.003 days).
                                                                                                  
 Time: 275 of 600 seconds.  Estimated final completion at 11:03:28 (in 0.003 days).
                                                                                                  
 Time: 280 of 600 seconds.  Estimated final completion at 11:03:26 (in 0.003 days).
                                                                                                  
 Time: 285 of 600 seconds.  Estimated final completion at 11:03:56 (in 0.003 days).
                                                                                                  
 Time: 290 of 600 seconds.  Estimated final completion at 11:04:06 (in 0.003 days).
                                                                                                  
 Time: 295 of 600 seconds.  Estimated final completion at 11:03:44 (in 0.003 days).
                                                                                                  
 Time: 300 of 600 seconds.  Estimated final completion at 11:03:45 (in 0.003 days).
                                                                                                  
 Time: 305 of 600 seconds.  Estimated final completion at 11:03:41 (in 0.003 days).
                                                                                                  
 Time: 310 of 600 seconds.  Estimated final completion at 11:04:03 (in 0.003 days).
                                                                                                  
 Time: 315 of 600 seconds.  Estimated final completion at 11:03:45 (in 0.003 days).
                                                                                                  
 Time: 320 of 600 seconds.  Estimated final completion at 11:03:52 (in 0.003 days).
                                                                                                  
 Time: 325 of 600 seconds.  Estimated final completion at 11:03:47 (in 0.003 days).
                                                                                                  
 Time: 330 of 600 seconds.  Estimated final completion at 11:03:55 (in 0.003 days).
                                                                                                  
 Time: 335 of 600 seconds.  Estimated final completion at 11:03:59 (in 0.003 days).
                                                                                                  
 Time: 340 of 600 seconds.  Estimated final completion at 11:03:47 (in 0.002 days).
                                                                                                  
 Time: 345 of 600 seconds.  Estimated final completion at 11:03:41 (in 0.002 days).
                                                                                                  
 Time: 350 of 600 seconds.  Estimated final completion at 11:03:53 (in 0.002 days).
                                                                                                  
 Time: 355 of 600 seconds.  Estimated final completion at 11:04:03 (in 0.002 days).
                                                                                                  
 Time: 360 of 600 seconds.  Estimated final completion at 11:03:47 (in 0.002 days).
                                                                                                  
 Time: 365 of 600 seconds.  Estimated final completion at 11:03:52 (in 0.002 days).
                                                                                                  
 Time: 370 of 600 seconds.  Estimated final completion at 11:03:33 (in 0.002 days).
                                                                                                  
 Time: 375 of 600 seconds.  Estimated final completion at 11:03:58 (in 0.002 days).
                                                                                                  
 Time: 380 of 600 seconds.  Estimated final completion at 11:03:48 (in 0.002 days).
                                                                                                  
 Time: 385 of 600 seconds.  Estimated final completion at 11:03:50 (in 0.002 days).
                                                                                                  
 Time: 390 of 600 seconds.  Estimated final completion at 11:03:40 (in 0.002 days).
                                                                                                  
 Time: 395 of 600 seconds.  Estimated final completion at 11:03:49 (in 0.002 days).
                                                                                                  
 Time: 400 of 600 seconds.  Estimated final completion at 11:03:53 (in 0.002 days).
                                                                                                  
 Time: 405 of 600 seconds.  Estimated final completion at 11:03:46 (in 0.002 days).
                                                                                                  
 Time: 410 of 600 seconds.  Estimated final completion at 11:03:54 (in 0.002 days).
                                                                                                  
 Time: 415 of 600 seconds.  Estimated final completion at 11:03:33 (in 0.002 days).
                                                                                                  
 Time: 420 of 600 seconds.  Estimated final completion at 11:03:56 (in 0.002 days).
                                                                                                  
 Time: 425 of 600 seconds.  Estimated final completion at 11:03:41 (in 0.002 days).
                                                                                                  
 Time: 430 of 600 seconds.  Estimated final completion at 11:03:53 (in 0.002 days).
                                                                                                  
 Time: 435 of 600 seconds.  Estimated final completion at 11:03:46 (in 0.002 days).
                                                                                                  
 Time: 440 of 600 seconds.  Estimated final completion at 11:03:45 (in 0.001 days).
                                                                                                  
 Time: 445 of 600 seconds.  Estimated final completion at 11:03:50 (in 0.001 days).
                                                                                                  
 Time: 450 of 600 seconds.  Estimated final completion at 11:03:46 (in 0.001 days).
                                                                                                  
 Time: 455 of 600 seconds.  Estimated final completion at 11:03:53 (in 0.001 days).
                                                                                                  
 Time: 460 of 600 seconds.  Estimated final completion at 11:03:41 (in 0.001 days).
                                                                                                  
 Time: 465 of 600 seconds.  Estimated final completion at 11:03:52 (in 0.001 days).
                                                                                                  
 Time: 470 of 600 seconds.  Estimated final completion at 11:03:43 (in 0.001 days).
                                                                                                  
 Time: 475 of 600 seconds.  Estimated final completion at 11:03:52 (in 0.001 days).
                                                                                                  
 Time: 480 of 600 seconds.  Estimated final completion at 11:03:43 (in 0.001 days).
                                                                                                  
 Time: 485 of 600 seconds.  Estimated final completion at 11:03:47 (in 0.001 days).
                                                                                                  
 Time: 490 of 600 seconds.  Estimated final completion at 11:03:41 (in 0.001 days).
                                                                                                  
 Time: 495 of 600 seconds.  Estimated final completion at 11:03:49 (in 0.001 days).
                                                                                                  
 Time: 500 of 600 seconds.  Estimated final completion at 11:03:40 (in 0.001 days).
                                                                                                  
 Time: 505 of 600 seconds.  Estimated final completion at 11:03:50 (in 0.001 days).
                                                                                                  
 Time: 510 of 600 seconds.  Estimated final completion at 11:03:45 (in 0.001 days).
                                                                                                  
 Time: 515 of 600 seconds.  Estimated final completion at 11:03:47 (in 0.001 days).
                                                                                                  
 Time: 520 of 600 seconds.  Estimated final completion at 11:03:43 (in 0.001 days).
                                                                                                  
 Time: 525 of 600 seconds.  Estimated final completion at 11:03:46 (in 0.001 days).
                                                                                                  
 Time: 530 of 600 seconds.  Estimated final completion at 11:03:48 (in 0.001 days).
                                                                                                  
 Time: 535 of 600 seconds.  Estimated final completion at 11:03:47 (in 0.001 days).
                                                                                                  
 Time: 540 of 600 seconds.  Estimated final completion at 11:03:46 (in 0.001 days).
                                                                                                  
 Time: 545 of 600 seconds.  Estimated final completion at 11:03:46 (in 0.001 days).
                                                                                                  
 Time: 550 of 600 seconds.  Estimated final completion at 11:03:47 (in 0.000 days).
                                                                                                  
 Time: 555 of 600 seconds.  Estimated final completion at 11:03:49 (in 0.000 days).
                                                                                                  
 Time: 560 of 600 seconds.  Estimated final completion at 11:03:48 (in 0.000 days).
                                                                                                  
 Time: 565 of 600 seconds.  Estimated final completion at 11:03:46 (in 0.000 days).
                                                                                                  
 Time: 570 of 600 seconds.  Estimated final completion at 11:03:49 (in 0.000 days).
                                                                                                  
 Time: 575 of 600 seconds.  Estimated final completion at 11:03:47 (in 0.000 days).
                                                                                                  
 Time: 580 of 600 seconds.  Estimated final completion at 11:03:48 (in 0.000 days).
                                                                                                  
 Time: 585 of 600 seconds.  Estimated final completion at 11:03:46 (in 0.000 days).
                                                                                                  
 Time: 590 of 600 seconds.  Estimated final completion at 11:03:47 (in 0.000 days).
                                                                                                  
 Time: 595 of 600 seconds.  Estimated final completion at 11:03:47 (in 0.000 days).
                                                                                                  
 Time: 600 of 600 seconds.  Estimated final completion at 11:03:47 (in 0.000 days).
                                                                                                  

 Total Real Time:       7.0516 minutes
 Total CPU Time:        6.0987 minutes
 Simulation CPU Time:   6.0945 minutes
 Simulated Time:        10 minutes
 Time Ratio (Sim/CPU):  1.6408

 OpenFAST terminated normally.



======================================================================
CASE: 5MW_Land_DLL_WTurb_WS13_Seed01
FST : 5MW_Land_DLL_WTurb\OpenFAST_Case_Outputs\WS13\Seed01\5MW_Land_DLL_WTurb_WS13_Seed01.fst
======================================================================


**************************************************************************************************
OpenFAST

Copyright (C) 2026 National Renewable Energy Laboratory
Copyright (C) 2026 Envision Energy USA LTD

This program is licensed under Apache License Version 2.0 and comes with ABSOLUTELY NO WARRANTY.
See the "LICENSE" file distributed with this software for details.
**************************************************************************************************

OpenFAST-v5.0.0
Compile Info:
 - Compiler: Intel(R) Fortran Compiler 20250302
 - Architecture: 64 bit
 - Precision: single
 - OpenMP: No
 - Date: Mar 13 2026
 - Time: 19:00:22
Execution Info:
 - Date: 09/06/2026
 - Time: 11:03:47+0200

OpenFAST input file heading:
    FAST Certification Test #18: NREL 5.0 MW Baseline Wind Turbine (Onshore)

 Running ElastoDyn.
 Running InflowWind.

   Reading a 31x31 grid (145 m wide, 17.5 m to 162.5 m above ground) with a characteristic wind
   speed of 13 m/s. This full-field file was generated by TurbSim (v2.00.07a-bjj, 14-Jun-2016) on
   02-Sep-2026 at 20:48:07.

   Processed 12224 time steps of 20-Hz grid-field data (611.15 seconds).
 Running AeroDyn.
   AeroDyn: projMod: 1
   Projection: legacy (NoSweepPitchTwist), BEM: legacy (2D)
Warning: Turning off Unsteady Aerodynamics because polar has constant data. (node 1, blade 1)
Warning: Turning off Unsteady Aerodynamics because polar has constant data. (node 2, blade 1)
Warning: Turning off Unsteady Aerodynamics because polar has constant data. (node 3, blade 1)
Warning: Turning off Unsteady Aerodynamics because polar has constant data. (node 4, blade 1)
Warning: Turning off Unsteady Aerodynamics because polar has constant data. (node 1, blade 2)
Warning: Turning off Unsteady Aerodynamics because polar has constant data. (node 2, blade 2)
Warning: Turning off Unsteady Aerodynamics because polar has constant data. (node 3, blade 2)
Warning: Turning off Unsteady Aerodynamics because polar has constant data. (node 4, blade 2)
Warning: Turning off Unsteady Aerodynamics because polar has constant data. (node 1, blade 3)
Warning: Turning off Unsteady Aerodynamics because polar has constant data. (node 2, blade 3)
Warning: Turning off Unsteady Aerodynamics because polar has constant data. (node 3, blade 3)
Warning: Turning off Unsteady Aerodynamics because polar has constant data. (node 4, blade 3)
 Running ServoDyn.
 Running ServoDyn Interface for Bladed Controllers (using Intel Visual Fortran for Windows).
Using legacy Bladed DLL interface.
 Time: 0 of 600 seconds.
                                                                                                  
 Time: 5 of 600 seconds.  Estimated final completion at 11:06:54 (in 0.002 days).
                                                                                                  
 Time: 10 of 600 seconds.  Estimated final completion at 11:08:53 (in 0.003 days).
                                                                                                  
 Time: 15 of 600 seconds.  Estimated final completion at 11:11:45 (in 0.005 days).
                                                                                                  
 Time: 20 of 600 seconds.  Estimated final completion at 11:11:55 (in 0.006 days).
                                                                                                  
 Time: 25 of 600 seconds.  Estimated final completion at 11:12:50 (in 0.006 days).
                                                                                                  
 Time: 30 of 600 seconds.  Estimated final completion at 11:12:07 (in 0.006 days).
                                                                                                  
 Time: 35 of 600 seconds.  Estimated final completion at 11:12:29 (in 0.006 days).
                                                                                                  
 Time: 40 of 600 seconds.  Estimated final completion at 11:11:13 (in 0.005 days).
                                                                                                  
 Time: 45 of 600 seconds.  Estimated final completion at 11:12:39 (in 0.006 days).
                                                                                                  
 Time: 50 of 600 seconds.  Estimated final completion at 11:12:40 (in 0.006 days).
                                                                                                  
 Time: 55 of 600 seconds.  Estimated final completion at 11:12:18 (in 0.005 days).
                                                                                                  
 Time: 60 of 600 seconds.  Estimated final completion at 11:12:25 (in 0.005 days).
                                                                                                  
 Time: 65 of 600 seconds.  Estimated final completion at 11:11:49 (in 0.005 days).
                                                                                                  
 Time: 70 of 600 seconds.  Estimated final completion at 11:12:01 (in 0.005 days).
                                                                                                  
 Time: 75 of 600 seconds.  Estimated final completion at 11:12:19 (in 0.005 days).
                                                                                                  
 Time: 80 of 600 seconds.  Estimated final completion at 11:12:23 (in 0.005 days).
                                                                                                  
 Time: 85 of 600 seconds.  Estimated final completion at 11:12:21 (in 0.005 days).
                                                                                                  
 Time: 90 of 600 seconds.  Estimated final completion at 11:11:58 (in 0.005 days).
                                                                                                  
 Time: 95 of 600 seconds.  Estimated final completion at 11:12:12 (in 0.005 days).
                                                                                                  
 Time: 100 of 600 seconds.  Estimated final completion at 11:12:31 (in 0.005 days).
                                                                                                  
 Time: 105 of 600 seconds.  Estimated final completion at 11:12:09 (in 0.005 days).
                                                                                                  
 Time: 110 of 600 seconds.  Estimated final completion at 11:12:08 (in 0.005 days).
                                                                                                  
 Time: 115 of 600 seconds.  Estimated final completion at 11:12:03 (in 0.005 days).
                                                                                                  
 Time: 120 of 600 seconds.  Estimated final completion at 11:12:09 (in 0.005 days).
                                                                                                  
 Time: 125 of 600 seconds.  Estimated final completion at 11:12:26 (in 0.005 days).
                                                                                                  
 Time: 130 of 600 seconds.  Estimated final completion at 11:12:30 (in 0.005 days).
                                                                                                  
 Time: 135 of 600 seconds.  Estimated final completion at 11:12:23 (in 0.005 days).
                                                                                                  
 Time: 140 of 600 seconds.  Estimated final completion at 11:11:59 (in 0.004 days).
                                                                                                  
 Time: 145 of 600 seconds.  Estimated final completion at 11:12:14 (in 0.004 days).
                                                                                                  
 Time: 150 of 600 seconds.  Estimated final completion at 11:12:25 (in 0.005 days).
                                                                                                  
 Time: 155 of 600 seconds.  Estimated final completion at 11:12:51 (in 0.005 days).
                                                                                                  
 Time: 160 of 600 seconds.  Estimated final completion at 11:12:28 (in 0.004 days).
                                                                                                  
 Time: 165 of 600 seconds.  Estimated final completion at 11:12:47 (in 0.005 days).
                                                                                                  
 Time: 170 of 600 seconds.  Estimated final completion at 11:12:25 (in 0.004 days).
                                                                                                  
 Time: 175 of 600 seconds.  Estimated final completion at 11:11:48 (in 0.004 days).
                                                                                                  
 Time: 180 of 600 seconds.  Estimated final completion at 11:12:29 (in 0.004 days).
                                                                                                  
 Time: 185 of 600 seconds.  Estimated final completion at 11:12:13 (in 0.004 days).
                                                                                                  
 Time: 190 of 600 seconds.  Estimated final completion at 11:12:14 (in 0.004 days).
                                                                                                  
 Time: 195 of 600 seconds.  Estimated final completion at 11:12:10 (in 0.004 days).
                                                                                                  
 Time: 200 of 600 seconds.  Estimated final completion at 11:11:53 (in 0.004 days).
                                                                                                  
 Time: 205 of 600 seconds.  Estimated final completion at 11:12:24 (in 0.004 days).
                                                                                                  
 Time: 210 of 600 seconds.  Estimated final completion at 11:12:17 (in 0.004 days).
                                                                                                  
 Time: 215 of 600 seconds.  Estimated final completion at 11:12:34 (in 0.004 days).
                                                                                                  
 Time: 220 of 600 seconds.  Estimated final completion at 11:12:46 (in 0.004 days).
                                                                                                  
 Time: 225 of 600 seconds.  Estimated final completion at 11:12:24 (in 0.004 days).
                                                                                                  
 Time: 230 of 600 seconds.  Estimated final completion at 11:12:44 (in 0.004 days).
                                                                                                  
 Time: 235 of 600 seconds.  Estimated final completion at 11:12:22 (in 0.004 days).
                                                                                                  
 Time: 240 of 600 seconds.  Estimated final completion at 11:11:52 (in 0.003 days).
                                                                                                  
 Time: 245 of 600 seconds.  Estimated final completion at 11:12:31 (in 0.004 days).
                                                                                                  
 Time: 250 of 600 seconds.  Estimated final completion at 11:11:57 (in 0.003 days).
                                                                                                  
 Time: 255 of 600 seconds.  Estimated final completion at 11:11:37 (in 0.003 days).
                                                                                                  
 Time: 260 of 600 seconds.  Estimated final completion at 11:12:08 (in 0.003 days).
                                                                                                  
 Time: 265 of 600 seconds.  Estimated final completion at 11:12:55 (in 0.004 days).
                                                                                                  
 Time: 270 of 600 seconds.  Estimated final completion at 11:12:25 (in 0.003 days).
                                                                                                  
 Time: 275 of 600 seconds.  Estimated final completion at 11:12:42 (in 0.003 days).
                                                                                                  
 Time: 280 of 600 seconds.  Estimated final completion at 11:12:32 (in 0.003 days).
                                                                                                  
 Time: 285 of 600 seconds.  Estimated final completion at 11:12:46 (in 0.003 days).
                                                                                                  
 Time: 290 of 600 seconds.  Estimated final completion at 11:12:42 (in 0.003 days).
                                                                                                  
 Time: 295 of 600 seconds.  Estimated final completion at 11:12:15 (in 0.003 days).
                                                                                                  
 Time: 300 of 600 seconds.  Estimated final completion at 11:11:13 (in 0.002 days).
                                                                                                  
 Time: 305 of 600 seconds.  Estimated final completion at 11:09:17 (in 0.001 days).
                                                                                                  
 Time: 310 of 600 seconds.  Estimated final completion at 11:09:14 (in 0.001 days).
                                                                                                  
 Time: 315 of 600 seconds.  Estimated final completion at 11:09:23 (in 0.001 days).
                                                                                                  
 Time: 320 of 600 seconds.  Estimated final completion at 11:09:28 (in 0.001 days).
                                                                                                  
 Time: 325 of 600 seconds.  Estimated final completion at 11:09:31 (in 0.001 days).
                                                                                                  
 Time: 330 of 600 seconds.  Estimated final completion at 11:09:29 (in 0.001 days).
                                                                                                  
 Time: 335 of 600 seconds.  Estimated final completion at 11:09:29 (in 0.001 days).
                                                                                                  
 Time: 340 of 600 seconds.  Estimated final completion at 11:09:30 (in 0.001 days).
                                                                                                  
 Time: 345 of 600 seconds.  Estimated final completion at 11:09:29 (in 0.001 days).
                                                                                                  
 Time: 350 of 600 seconds.  Estimated final completion at 11:09:28 (in 0.001 days).
                                                                                                  
 Time: 355 of 600 seconds.  Estimated final completion at 11:09:29 (in 0.001 days).
                                                                                                  
 Time: 360 of 600 seconds.  Estimated final completion at 11:09:29 (in 0.001 days).
                                                                                                  
 Time: 365 of 600 seconds.  Estimated final completion at 11:09:29 (in 0.001 days).
                                                                                                  
 Time: 370 of 600 seconds.  Estimated final completion at 11:09:29 (in 0.001 days).
                                                                                                  
 Time: 375 of 600 seconds.  Estimated final completion at 11:09:28 (in 0.001 days).
                                                                                                  
 Time: 380 of 600 seconds.  Estimated final completion at 11:09:29 (in 0.001 days).
                                                                                                  
 Time: 385 of 600 seconds.  Estimated final completion at 11:09:29 (in 0.001 days).
                                                                                                  
 Time: 390 of 600 seconds.  Estimated final completion at 11:09:31 (in 0.001 days).
                                                                                                  
 Time: 395 of 600 seconds.  Estimated final completion at 11:11:15 (in 0.002 days).
                                                                                                  
 Time: 400 of 600 seconds.  Estimated final completion at 11:11:27 (in 0.002 days).
                                                                                                  
 Time: 405 of 600 seconds.  Estimated final completion at 11:11:37 (in 0.002 days).
                                                                                                  
 Time: 410 of 600 seconds.  Estimated final completion at 11:11:42 (in 0.002 days).
                                                                                                  
 Time: 415 of 600 seconds.  Estimated final completion at 11:11:30 (in 0.002 days).
                                                                                                  
 Time: 420 of 600 seconds.  Estimated final completion at 11:11:24 (in 0.002 days).
                                                                                                  
 Time: 425 of 600 seconds.  Estimated final completion at 11:11:45 (in 0.002 days).
                                                                                                  
 Time: 430 of 600 seconds.  Estimated final completion at 11:11:38 (in 0.002 days).
                                                                                                  
 Time: 435 of 600 seconds.  Estimated final completion at 11:11:29 (in 0.002 days).
                                                                                                  
 Time: 440 of 600 seconds.  Estimated final completion at 11:11:25 (in 0.002 days).
                                                                                                  
 Time: 445 of 600 seconds.  Estimated final completion at 11:11:23 (in 0.001 days).
                                                                                                  
 Time: 450 of 600 seconds.  Estimated final completion at 11:11:28 (in 0.001 days).
                                                                                                  
 Time: 455 of 600 seconds.  Estimated final completion at 11:11:34 (in 0.002 days).
                                                                                                  
 Time: 460 of 600 seconds.  Estimated final completion at 11:11:38 (in 0.001 days).
                                                                                                  
 Time: 465 of 600 seconds.  Estimated final completion at 11:11:23 (in 0.001 days).
                                                                                                  
 Time: 470 of 600 seconds.  Estimated final completion at 11:11:46 (in 0.001 days).
                                                                                                  
 Time: 475 of 600 seconds.  Estimated final completion at 11:11:36 (in 0.001 days).
                                                                                                  
 Time: 480 of 600 seconds.  Estimated final completion at 11:11:22 (in 0.001 days).
                                                                                                  
 Time: 485 of 600 seconds.  Estimated final completion at 11:11:36 (in 0.001 days).
                                                                                                  
 Time: 490 of 600 seconds.  Estimated final completion at 11:11:29 (in 0.001 days).
                                                                                                  
 Time: 495 of 600 seconds.  Estimated final completion at 11:11:31 (in 0.001 days).
                                                                                                  
 Time: 500 of 600 seconds.  Estimated final completion at 11:11:26 (in 0.001 days).
                                                                                                  
 Time: 505 of 600 seconds.  Estimated final completion at 11:11:21 (in 0.001 days).
                                                                                                  
 Time: 510 of 600 seconds.  Estimated final completion at 11:11:34 (in 0.001 days).
                                                                                                  
 Time: 515 of 600 seconds.  Estimated final completion at 11:11:26 (in 0.001 days).
                                                                                                  
 Time: 520 of 600 seconds.  Estimated final completion at 11:11:25 (in 0.001 days).
                                                                                                  
 Time: 525 of 600 seconds.  Estimated final completion at 11:11:22 (in 0.001 days).
                                                                                                  
 Time: 530 of 600 seconds.  Estimated final completion at 11:11:27 (in 0.001 days).
                                                                                                  
 Time: 535 of 600 seconds.  Estimated final completion at 11:11:29 (in 0.001 days).
                                                                                                  
 Time: 540 of 600 seconds.  Estimated final completion at 11:11:30 (in 0.001 days).
                                                                                                  
 Time: 545 of 600 seconds.  Estimated final completion at 11:11:30 (in 0.001 days).
                                                                                                  
 Time: 550 of 600 seconds.  Estimated final completion at 11:11:27 (in 0.000 days).
                                                                                                  
 Time: 555 of 600 seconds.  Estimated final completion at 11:11:28 (in 0.000 days).
                                                                                                  
 Time: 560 of 600 seconds.  Estimated final completion at 11:11:28 (in 0.000 days).
                                                                                                  
 Time: 565 of 600 seconds.  Estimated final completion at 11:11:32 (in 0.000 days).
                                                                                                  
 Time: 570 of 600 seconds.  Estimated final completion at 11:11:29 (in 0.000 days).
                                                                                                  
 Time: 575 of 600 seconds.  Estimated final completion at 11:11:29 (in 0.000 days).
                                                                                                  
 Time: 580 of 600 seconds.  Estimated final completion at 11:11:28 (in 0.000 days).
                                                                                                  
 Time: 585 of 600 seconds.  Estimated final completion at 11:11:29 (in 0.000 days).
                                                                                                  
 Time: 590 of 600 seconds.  Estimated final completion at 11:11:29 (in 0.000 days).
                                                                                                  
 Time: 595 of 600 seconds.  Estimated final completion at 11:11:29 (in 0.000 days).
                                                                                                  
 Time: 600 of 600 seconds.  Estimated final completion at 11:11:29 (in 0.000 days).
                                                                                                  

 Total Real Time:       7.6938 minutes
 Total CPU Time:        6.332 minutes
 Simulation CPU Time:   6.3279 minutes
 Simulated Time:        10 minutes
 Time Ratio (Sim/CPU):  1.5803

 OpenFAST terminated normally.



======================================================================
CASE: 5MW_Land_DLL_WTurb_WS13_Seed02
FST : 5MW_Land_DLL_WTurb\OpenFAST_Case_Outputs\WS13\Seed02\5MW_Land_DLL_WTurb_WS13_Seed02.fst
======================================================================


**************************************************************************************************
OpenFAST

Copyright (C) 2026 National Renewable Energy Laboratory
Copyright (C) 2026 Envision Energy USA LTD

This program is licensed under Apache License Version 2.0 and comes with ABSOLUTELY NO WARRANTY.
See the "LICENSE" file distributed with this software for details.
**************************************************************************************************

OpenFAST-v5.0.0
Compile Info:
 - Compiler: Intel(R) Fortran Compiler 20250302
 - Architecture: 64 bit
 - Precision: single
 - OpenMP: No
 - Date: Mar 13 2026
 - Time: 19:00:22
Execution Info:
 - Date: 09/06/2026
 - Time: 11:11:29+0200

OpenFAST input file heading:
    FAST Certification Test #18: NREL 5.0 MW Baseline Wind Turbine (Onshore)

 Running ElastoDyn.
 Running InflowWind.

   Reading a 31x31 grid (145 m wide, 17.5 m to 162.5 m above ground) with a characteristic wind
   speed of 13 m/s. This full-field file was generated by TurbSim (v2.00.07a-bjj, 14-Jun-2016) on
   02-Sep-2026 at 20:52:23.

   Processed 12224 time steps of 20-Hz grid-field data (611.15 seconds).
 Running AeroDyn.
   AeroDyn: projMod: 1
   Projection: legacy (NoSweepPitchTwist), BEM: legacy (2D)
Warning: Turning off Unsteady Aerodynamics because polar has constant data. (node 1, blade 1)
Warning: Turning off Unsteady Aerodynamics because polar has constant data. (node 2, blade 1)
Warning: Turning off Unsteady Aerodynamics because polar has constant data. (node 3, blade 1)
Warning: Turning off Unsteady Aerodynamics because polar has constant data. (node 4, blade 1)
Warning: Turning off Unsteady Aerodynamics because polar has constant data. (node 1, blade 2)
Warning: Turning off Unsteady Aerodynamics because polar has constant data. (node 2, blade 2)
Warning: Turning off Unsteady Aerodynamics because polar has constant data. (node 3, blade 2)
Warning: Turning off Unsteady Aerodynamics because polar has constant data. (node 4, blade 2)
Warning: Turning off Unsteady Aerodynamics because polar has constant data. (node 1, blade 3)
Warning: Turning off Unsteady Aerodynamics because polar has constant data. (node 2, blade 3)
Warning: Turning off Unsteady Aerodynamics because polar has constant data. (node 3, blade 3)
Warning: Turning off Unsteady Aerodynamics because polar has constant data. (node 4, blade 3)
 Running ServoDyn.
 Running ServoDyn Interface for Bladed Controllers (using Intel Visual Fortran for Windows).
Using legacy Bladed DLL interface.
 Time: 0 of 600 seconds.
                                                                                                  
 Time: 5 of 600 seconds.  Estimated final completion at 11:14:36 (in 0.002 days).
                                                                                                  
 Time: 10 of 600 seconds.  Estimated final completion at 11:15:24 (in 0.003 days).
                                                                                                  
 Time: 15 of 600 seconds.  Estimated final completion at 11:19:38 (in 0.006 days).
                                                                                                  
 Time: 20 of 600 seconds.  Estimated final completion at 11:19:31 (in 0.005 days).
                                                                                                  
 Time: 25 of 600 seconds.  Estimated final completion at 11:19:02 (in 0.005 days).
                                                                                                  
 Time: 30 of 600 seconds.  Estimated final completion at 11:18:43 (in 0.005 days).
                                                                                                  
 Time: 35 of 600 seconds.  Estimated final completion at 11:19:46 (in 0.005 days).
                                                                                                  
 Time: 40 of 600 seconds.  Estimated final completion at 11:19:17 (in 0.005 days).
                                                                                                  
 Time: 45 of 600 seconds.  Estimated final completion at 11:19:45 (in 0.005 days).
                                                                                                  
 Time: 50 of 600 seconds.  Estimated final completion at 11:18:38 (in 0.005 days).
                                                                                                  
 Time: 55 of 600 seconds.  Estimated final completion at 11:19:22 (in 0.005 days).
                                                                                                  
 Time: 60 of 600 seconds.  Estimated final completion at 11:19:20 (in 0.005 days).
                                                                                                  
 Time: 65 of 600 seconds.  Estimated final completion at 11:18:49 (in 0.005 days).
                                                                                                  
 Time: 70 of 600 seconds.  Estimated final completion at 11:19:13 (in 0.005 days).
                                                                                                  
 Time: 75 of 600 seconds.  Estimated final completion at 11:19:23 (in 0.005 days).
                                                                                                  
 Time: 80 of 600 seconds.  Estimated final completion at 11:19:04 (in 0.005 days).
                                                                                                  
 Time: 85 of 600 seconds.  Estimated final completion at 11:19:43 (in 0.005 days).
                                                                                                  
 Time: 90 of 600 seconds.  Estimated final completion at 11:18:56 (in 0.004 days).
                                                                                                  
 Time: 95 of 600 seconds.  Estimated final completion at 11:19:17 (in 0.005 days).
                                                                                                  
 Time: 100 of 600 seconds.  Estimated final completion at 11:19:17 (in 0.005 days).
                                                                                                  
 Time: 105 of 600 seconds.  Estimated final completion at 11:19:01 (in 0.004 days).
                                                                                                  
 Time: 110 of 600 seconds.  Estimated final completion at 11:19:26 (in 0.005 days).
                                                                                                  
 Time: 115 of 600 seconds.  Estimated final completion at 11:19:36 (in 0.005 days).
                                                                                                  
 Time: 120 of 600 seconds.  Estimated final completion at 11:19:27 (in 0.004 days).
                                                                                                  
 Time: 125 of 600 seconds.  Estimated final completion at 11:19:17 (in 0.004 days).
                                                                                                  
 Time: 130 of 600 seconds.  Estimated final completion at 11:19:21 (in 0.004 days).
                                                                                                  
 Time: 135 of 600 seconds.  Estimated final completion at 11:19:14 (in 0.004 days).
                                                                                                  
 Time: 140 of 600 seconds.  Estimated final completion at 11:19:30 (in 0.004 days).
                                                                                                  
 Time: 145 of 600 seconds.  Estimated final completion at 11:19:04 (in 0.004 days).
                                                                                                  
 Time: 150 of 600 seconds.  Estimated final completion at 11:19:32 (in 0.004 days).
                                                                                                  
 Time: 155 of 600 seconds.  Estimated final completion at 11:19:28 (in 0.004 days).
                                                                                                  
 Time: 160 of 600 seconds.  Estimated final completion at 11:19:29 (in 0.004 days).
                                                                                                  
 Time: 165 of 600 seconds.  Estimated final completion at 11:19:48 (in 0.004 days).
                                                                                                  
 Time: 170 of 600 seconds.  Estimated final completion at 11:19:10 (in 0.004 days).
                                                                                                  
 Time: 175 of 600 seconds.  Estimated final completion at 11:19:50 (in 0.004 days).
                                                                                                  
 Time: 180 of 600 seconds.  Estimated final completion at 11:19:29 (in 0.004 days).
                                                                                                  
 Time: 185 of 600 seconds.  Estimated final completion at 11:19:57 (in 0.004 days).
                                                                                                  
 Time: 190 of 600 seconds.  Estimated final completion at 11:19:46 (in 0.004 days).
                                                                                                  
 Time: 195 of 600 seconds.  Estimated final completion at 11:19:16 (in 0.004 days).
                                                                                                  
 Time: 200 of 600 seconds.  Estimated final completion at 11:19:38 (in 0.004 days).
                                                                                                  
 Time: 205 of 600 seconds.  Estimated final completion at 11:19:38 (in 0.004 days).
                                                                                                  
 Time: 210 of 600 seconds.  Estimated final completion at 11:19:50 (in 0.004 days).
                                                                                                  
 Time: 215 of 600 seconds.  Estimated final completion at 11:19:16 (in 0.003 days).
                                                                                                  
 Time: 220 of 600 seconds.  Estimated final completion at 11:19:34 (in 0.004 days).
                                                                                                  
 Time: 225 of 600 seconds.  Estimated final completion at 11:19:11 (in 0.003 days).
                                                                                                  
 Time: 230 of 600 seconds.  Estimated final completion at 11:19:37 (in 0.004 days).
                                                                                                  
 Time: 235 of 600 seconds.  Estimated final completion at 11:19:11 (in 0.003 days).
                                                                                                  
 Time: 240 of 600 seconds.  Estimated final completion at 11:19:24 (in 0.003 days).
                                                                                                  
 Time: 245 of 600 seconds.  Estimated final completion at 11:19:31 (in 0.003 days).
                                                                                                  
 Time: 250 of 600 seconds.  Estimated final completion at 11:19:38 (in 0.003 days).
                                                                                                  
 Time: 255 of 600 seconds.  Estimated final completion at 11:19:00 (in 0.003 days).
                                                                                                  
 Time: 260 of 600 seconds.  Estimated final completion at 11:19:19 (in 0.003 days).
                                                                                                  
 Time: 265 of 600 seconds.  Estimated final completion at 11:19:23 (in 0.003 days).
                                                                                                  
 Time: 270 of 600 seconds.  Estimated final completion at 11:19:21 (in 0.003 days).
                                                                                                  
 Time: 275 of 600 seconds.  Estimated final completion at 11:19:11 (in 0.003 days).
                                                                                                  
 Time: 280 of 600 seconds.  Estimated final completion at 11:19:39 (in 0.003 days).
                                                                                                  
 Time: 285 of 600 seconds.  Estimated final completion at 11:19:21 (in 0.003 days).
                                                                                                  
 Time: 290 of 600 seconds.  Estimated final completion at 11:19:17 (in 0.003 days).
                                                                                                  
 Time: 295 of 600 seconds.  Estimated final completion at 11:19:17 (in 0.003 days).
                                                                                                  
 Time: 300 of 600 seconds.  Estimated final completion at 11:19:26 (in 0.003 days).
                                                                                                  
 Time: 305 of 600 seconds.  Estimated final completion at 11:19:23 (in 0.003 days).
                                                                                                  
 Time: 310 of 600 seconds.  Estimated final completion at 11:19:36 (in 0.003 days).
                                                                                                  
 Time: 315 of 600 seconds.  Estimated final completion at 11:19:09 (in 0.002 days).
                                                                                                  
 Time: 320 of 600 seconds.  Estimated final completion at 11:16:46 (in 0.001 days).
                                                                                                  
 Time: 325 of 600 seconds.  Estimated final completion at 11:16:46 (in 0.001 days).
                                                                                                  
 Time: 330 of 600 seconds.  Estimated final completion at 11:18:24 (in 0.002 days).
                                                                                                  
 Time: 335 of 600 seconds.  Estimated final completion at 11:19:30 (in 0.003 days).
                                                                                                  
 Time: 340 of 600 seconds.  Estimated final completion at 11:19:28 (in 0.003 days).
                                                                                                  
 Time: 345 of 600 seconds.  Estimated final completion at 11:19:27 (in 0.002 days).
                                                                                                  
 Time: 350 of 600 seconds.  Estimated final completion at 11:19:13 (in 0.002 days).
                                                                                                  
 Time: 355 of 600 seconds.  Estimated final completion at 11:19:39 (in 0.003 days).
                                                                                                  
 Time: 360 of 600 seconds.  Estimated final completion at 11:19:19 (in 0.002 days).
                                                                                                  
 Time: 365 of 600 seconds.  Estimated final completion at 11:18:36 (in 0.002 days).
                                                                                                  
 Time: 370 of 600 seconds.  Estimated final completion at 11:17:07 (in 0.001 days).
                                                                                                  
 Time: 375 of 600 seconds.  Estimated final completion at 11:17:06 (in 0.001 days).
                                                                                                  
 Time: 380 of 600 seconds.  Estimated final completion at 11:17:07 (in 0.001 days).
                                                                                                  
 Time: 385 of 600 seconds.  Estimated final completion at 11:17:12 (in 0.001 days).
                                                                                                  
 Time: 390 of 600 seconds.  Estimated final completion at 11:17:18 (in 0.001 days).
                                                                                                  
 Time: 395 of 600 seconds.  Estimated final completion at 11:17:18 (in 0.001 days).
                                                                                                  
 Time: 400 of 600 seconds.  Estimated final completion at 11:17:19 (in 0.001 days).
                                                                                                  
 Time: 405 of 600 seconds.  Estimated final completion at 11:17:18 (in 0.001 days).
                                                                                                  
 Time: 410 of 600 seconds.  Estimated final completion at 11:17:19 (in 0.001 days).
                                                                                                  
 Time: 415 of 600 seconds.  Estimated final completion at 11:17:18 (in 0.001 days).
                                                                                                  
 Time: 420 of 600 seconds.  Estimated final completion at 11:17:19 (in 0.001 days).
                                                                                                  
 Time: 425 of 600 seconds.  Estimated final completion at 11:17:18 (in 0.001 days).
                                                                                                  
 Time: 430 of 600 seconds.  Estimated final completion at 11:17:19 (in 0.001 days).
                                                                                                  
 Time: 435 of 600 seconds.  Estimated final completion at 11:17:18 (in 0.001 days).
                                                                                                  
 Time: 440 of 600 seconds.  Estimated final completion at 11:17:18 (in 0.001 days).
                                                                                                  
 Time: 445 of 600 seconds.  Estimated final completion at 11:17:19 (in 0.001 days).
                                                                                                  
 Time: 450 of 600 seconds.  Estimated final completion at 11:17:18 (in 0.001 days).
                                                                                                  
 Time: 455 of 600 seconds.  Estimated final completion at 11:17:18 (in 0.000 days).
                                                                                                  
 Time: 460 of 600 seconds.  Estimated final completion at 11:17:19 (in 0.000 days).
                                                                                                  
 Time: 465 of 600 seconds.  Estimated final completion at 11:17:19 (in 0.000 days).
                                                                                                  
 Time: 470 of 600 seconds.  Estimated final completion at 11:17:18 (in 0.000 days).
                                                                                                  
 Time: 475 of 600 seconds.  Estimated final completion at 11:17:19 (in 0.000 days).
                                                                                                  
 Time: 480 of 600 seconds.  Estimated final completion at 11:17:19 (in 0.000 days).
                                                                                                  
 Time: 485 of 600 seconds.  Estimated final completion at 11:17:19 (in 0.000 days).
                                                                                                  
 Time: 490 of 600 seconds.  Estimated final completion at 11:17:19 (in 0.000 days).
                                                                                                  
 Time: 495 of 600 seconds.  Estimated final completion at 11:18:16 (in 0.001 days).
                                                                                                  
 Time: 500 of 600 seconds.  Estimated final completion at 11:18:13 (in 0.001 days).
                                                                                                  
 Time: 505 of 600 seconds.  Estimated final completion at 11:18:14 (in 0.001 days).
                                                                                                  
 Time: 510 of 600 seconds.  Estimated final completion at 11:18:09 (in 0.001 days).
                                                                                                  
 Time: 515 of 600 seconds.  Estimated final completion at 11:18:12 (in 0.001 days).
                                                                                                  
 Time: 520 of 600 seconds.  Estimated final completion at 11:18:12 (in 0.001 days).
                                                                                                  
 Time: 525 of 600 seconds.  Estimated final completion at 11:18:17 (in 0.001 days).
                                                                                                  
 Time: 530 of 600 seconds.  Estimated final completion at 11:18:08 (in 0.001 days).
                                                                                                  
 Time: 535 of 600 seconds.  Estimated final completion at 11:18:11 (in 0.001 days).
                                                                                                  
 Time: 540 of 600 seconds.  Estimated final completion at 11:18:13 (in 0.001 days).
                                                                                                  
 Time: 545 of 600 seconds.  Estimated final completion at 11:18:14 (in 0.001 days).
                                                                                                  
 Time: 550 of 600 seconds.  Estimated final completion at 11:18:08 (in 0.000 days).
                                                                                                  
 Time: 555 of 600 seconds.  Estimated final completion at 11:18:12 (in 0.000 days).
                                                                                                  
 Time: 560 of 600 seconds.  Estimated final completion at 11:18:13 (in 0.000 days).
                                                                                                  
 Time: 565 of 600 seconds.  Estimated final completion at 11:18:11 (in 0.000 days).
                                                                                                  
 Time: 570 of 600 seconds.  Estimated final completion at 11:18:13 (in 0.000 days).
                                                                                                  
 Time: 575 of 600 seconds.  Estimated final completion at 11:18:14 (in 0.000 days).
                                                                                                  
 Time: 580 of 600 seconds.  Estimated final completion at 11:18:13 (in 0.000 days).
                                                                                                  
 Time: 585 of 600 seconds.  Estimated final completion at 11:18:13 (in 0.000 days).
                                                                                                  
 Time: 590 of 600 seconds.  Estimated final completion at 11:18:13 (in 0.000 days).
                                                                                                  
 Time: 595 of 600 seconds.  Estimated final completion at 11:18:13 (in 0.000 days).
                                                                                                  
 Time: 600 of 600 seconds.  Estimated final completion at 11:18:13 (in 0.000 days).
                                                                                                  

 Total Real Time:       6.7303 minutes
 Total CPU Time:        6.0969 minutes
 Simulation CPU Time:   6.0938 minutes
 Simulated Time:        10 minutes
 Time Ratio (Sim/CPU):  1.641

 OpenFAST terminated normally.



======================================================================
CASE: 5MW_Land_DLL_WTurb_WS13_Seed03
FST : 5MW_Land_DLL_WTurb\OpenFAST_Case_Outputs\WS13\Seed03\5MW_Land_DLL_WTurb_WS13_Seed03.fst
======================================================================


**************************************************************************************************
OpenFAST

Copyright (C) 2026 National Renewable Energy Laboratory
Copyright (C) 2026 Envision Energy USA LTD

This program is licensed under Apache License Version 2.0 and comes with ABSOLUTELY NO WARRANTY.
See the "LICENSE" file distributed with this software for details.
**************************************************************************************************

OpenFAST-v5.0.0
Compile Info:
 - Compiler: Intel(R) Fortran Compiler 20250302
 - Architecture: 64 bit
 - Precision: single
 - OpenMP: No
 - Date: Mar 13 2026
 - Time: 19:00:22
Execution Info:
 - Date: 09/06/2026
 - Time: 11:18:13+0200

OpenFAST input file heading:
    FAST Certification Test #18: NREL 5.0 MW Baseline Wind Turbine (Onshore)

 Running ElastoDyn.
 Running InflowWind.

   Reading a 31x31 grid (145 m wide, 17.5 m to 162.5 m above ground) with a characteristic wind
   speed of 13 m/s. This full-field file was generated by TurbSim (v2.00.07a-bjj, 14-Jun-2016) on
   02-Sep-2026 at 20:56:42.

   Processed 12224 time steps of 20-Hz grid-field data (611.15 seconds).
 Running AeroDyn.
   AeroDyn: projMod: 1
   Projection: legacy (NoSweepPitchTwist), BEM: legacy (2D)
Warning: Turning off Unsteady Aerodynamics because polar has constant data. (node 1, blade 1)
Warning: Turning off Unsteady Aerodynamics because polar has constant data. (node 2, blade 1)
Warning: Turning off Unsteady Aerodynamics because polar has constant data. (node 3, blade 1)
Warning: Turning off Unsteady Aerodynamics because polar has constant data. (node 4, blade 1)
Warning: Turning off Unsteady Aerodynamics because polar has constant data. (node 1, blade 2)
Warning: Turning off Unsteady Aerodynamics because polar has constant data. (node 2, blade 2)
Warning: Turning off Unsteady Aerodynamics because polar has constant data. (node 3, blade 2)
Warning: Turning off Unsteady Aerodynamics because polar has constant data. (node 4, blade 2)
Warning: Turning off Unsteady Aerodynamics because polar has constant data. (node 1, blade 3)
Warning: Turning off Unsteady Aerodynamics because polar has constant data. (node 2, blade 3)
Warning: Turning off Unsteady Aerodynamics because polar has constant data. (node 3, blade 3)
Warning: Turning off Unsteady Aerodynamics because polar has constant data. (node 4, blade 3)
 Running ServoDyn.
 Running ServoDyn Interface for Bladed Controllers (using Intel Visual Fortran for Windows).
Using legacy Bladed DLL interface.
 Time: 0 of 600 seconds.
                                                                                                  
 Time: 5 of 600 seconds.  Estimated final completion at 11:21:19 (in 0.002 days).
                                                                                                  
 Time: 10 of 600 seconds.  Estimated final completion at 11:22:28 (in 0.003 days).
                                                                                                  
 Time: 15 of 600 seconds.  Estimated final completion at 11:26:17 (in 0.006 days).
                                                                                                  
 Time: 20 of 600 seconds.  Estimated final completion at 11:26:48 (in 0.006 days).
                                                                                                  
 Time: 25 of 600 seconds.  Estimated final completion at 11:27:04 (in 0.006 days).
                                                                                                  
 Time: 30 of 600 seconds.  Estimated final completion at 11:26:41 (in 0.006 days).
                                                                                                  
 Time: 35 of 600 seconds.  Estimated final completion at 11:27:15 (in 0.006 days).
                                                                                                  
 Time: 40 of 600 seconds.  Estimated final completion at 11:26:35 (in 0.005 days).
                                                                                                  
 Time: 45 of 600 seconds.  Estimated final completion at 11:26:21 (in 0.005 days).
                                                                                                  
 Time: 50 of 600 seconds.  Estimated final completion at 11:26:51 (in 0.006 days).
                                                                                                  
 Time: 55 of 600 seconds.  Estimated final completion at 11:26:17 (in 0.005 days).
                                                                                                  
 Time: 60 of 600 seconds.  Estimated final completion at 11:26:55 (in 0.005 days).
                                                                                                  
 Time: 65 of 600 seconds.  Estimated final completion at 11:26:20 (in 0.005 days).
                                                                                                  
 Time: 70 of 600 seconds.  Estimated final completion at 11:26:27 (in 0.005 days).
                                                                                                  
 Time: 75 of 600 seconds.  Estimated final completion at 11:26:46 (in 0.005 days).
                                                                                                  
 Time: 80 of 600 seconds.  Estimated final completion at 11:26:24 (in 0.005 days).
                                                                                                  
 Time: 85 of 600 seconds.  Estimated final completion at 11:27:24 (in 0.006 days).
                                                                                                  
 Time: 90 of 600 seconds.  Estimated final completion at 11:26:19 (in 0.005 days).
                                                                                                  
 Time: 95 of 600 seconds.  Estimated final completion at 11:26:10 (in 0.005 days).
                                                                                                  
 Time: 100 of 600 seconds.  Estimated final completion at 11:27:03 (in 0.005 days).
                                                                                                  
 Time: 105 of 600 seconds.  Estimated final completion at 11:26:37 (in 0.005 days).
                                                                                                  
 Time: 110 of 600 seconds.  Estimated final completion at 11:26:47 (in 0.005 days).
                                                                                                  
 Time: 115 of 600 seconds.  Estimated final completion at 11:26:40 (in 0.005 days).
                                                                                                  
 Time: 120 of 600 seconds.  Estimated final completion at 11:26:22 (in 0.005 days).
                                                                                                  
 Time: 125 of 600 seconds.  Estimated final completion at 11:26:35 (in 0.005 days).
                                                                                                  
 Time: 130 of 600 seconds.  Estimated final completion at 11:21:51 (in 0.001 days).
                                                                                                  
 Time: 135 of 600 seconds.  Estimated final completion at 11:21:56 (in 0.001 days).
                                                                                                  
 Time: 140 of 600 seconds.  Estimated final completion at 11:21:50 (in 0.001 days).
                                                                                                  
 Time: 145 of 600 seconds.  Estimated final completion at 11:21:50 (in 0.001 days).
                                                                                                  
 Time: 150 of 600 seconds.  Estimated final completion at 11:21:49 (in 0.001 days).
                                                                                                  
 Time: 155 of 600 seconds.  Estimated final completion at 11:21:47 (in 0.001 days).
                                                                                                  
 Time: 160 of 600 seconds.  Estimated final completion at 11:21:48 (in 0.001 days).
                                                                                                  
 Time: 165 of 600 seconds.  Estimated final completion at 11:21:56 (in 0.001 days).
                                                                                                  
 Time: 170 of 600 seconds.  Estimated final completion at 11:22:15 (in 0.001 days).
                                                                                                  
 Time: 175 of 600 seconds.  Estimated final completion at 11:22:12 (in 0.001 days).
                                                                                                  
 Time: 180 of 600 seconds.  Estimated final completion at 11:22:11 (in 0.001 days).
                                                                                                  
 Time: 185 of 600 seconds.  Estimated final completion at 11:22:12 (in 0.001 days).
                                                                                                  
 Time: 190 of 600 seconds.  Estimated final completion at 11:22:12 (in 0.001 days).
                                                                                                  
 Time: 195 of 600 seconds.  Estimated final completion at 11:22:12 (in 0.001 days).
                                                                                                  
 Time: 200 of 600 seconds.  Estimated final completion at 11:22:12 (in 0.001 days).
                                                                                                  
 Time: 205 of 600 seconds.  Estimated final completion at 11:22:16 (in 0.001 days).
                                                                                                  
 Time: 210 of 600 seconds.  Estimated final completion at 11:22:12 (in 0.001 days).
                                                                                                  
 Time: 215 of 600 seconds.  Estimated final completion at 11:22:13 (in 0.001 days).
                                                                                                  
 Time: 220 of 600 seconds.  Estimated final completion at 11:22:12 (in 0.001 days).
                                                                                                  
 Time: 225 of 600 seconds.  Estimated final completion at 11:22:12 (in 0.001 days).
                                                                                                  
 Time: 230 of 600 seconds.  Estimated final completion at 11:22:12 (in 0.001 days).
                                                                                                  
 Time: 235 of 600 seconds.  Estimated final completion at 11:22:13 (in 0.001 days).
                                                                                                  
 Time: 240 of 600 seconds.  Estimated final completion at 11:22:14 (in 0.001 days).
                                                                                                  
 Time: 245 of 600 seconds.  Estimated final completion at 11:22:14 (in 0.001 days).
                                                                                                  
 Time: 250 of 600 seconds.  Estimated final completion at 11:21:59 (in 0.001 days).
                                                                                                  
 Time: 255 of 600 seconds.  Estimated final completion at 11:21:53 (in 0.001 days).
                                                                                                  
 Time: 260 of 600 seconds.  Estimated final completion at 11:21:54 (in 0.001 days).
                                                                                                  
 Time: 265 of 600 seconds.  Estimated final completion at 11:21:58 (in 0.001 days).
                                                                                                  
 Time: 270 of 600 seconds.  Estimated final completion at 11:21:55 (in 0.001 days).
                                                                                                  
 Time: 275 of 600 seconds.  Estimated final completion at 11:22:14 (in 0.001 days).
                                                                                                  
 Time: 280 of 600 seconds.  Estimated final completion at 11:22:14 (in 0.001 days).
                                                                                                  
 Time: 285 of 600 seconds.  Estimated final completion at 11:22:02 (in 0.001 days).
                                                                                                  
 Time: 290 of 600 seconds.  Estimated final completion at 11:21:56 (in 0.001 days).
                                                                                                  
 Time: 295 of 600 seconds.  Estimated final completion at 11:21:55 (in 0.001 days).
                                                                                                  
 Time: 300 of 600 seconds.  Estimated final completion at 11:21:54 (in 0.001 days).
                                                                                                  
 Time: 305 of 600 seconds.  Estimated final completion at 11:21:55 (in 0.001 days).
                                                                                                  
 Time: 310 of 600 seconds.  Estimated final completion at 11:22:04 (in 0.001 days).
                                                                                                  
 Time: 315 of 600 seconds.  Estimated final completion at 11:22:09 (in 0.001 days).
                                                                                                  
 Time: 320 of 600 seconds.  Estimated final completion at 11:22:10 (in 0.001 days).
                                                                                                  
 Time: 325 of 600 seconds.  Estimated final completion at 11:22:09 (in 0.001 days).
                                                                                                  
 Time: 330 of 600 seconds.  Estimated final completion at 11:22:11 (in 0.001 days).
                                                                                                  
 Time: 335 of 600 seconds.  Estimated final completion at 11:22:10 (in 0.001 days).
                                                                                                  
 Time: 340 of 600 seconds.  Estimated final completion at 11:22:10 (in 0.001 days).
                                                                                                  
 Time: 345 of 600 seconds.  Estimated final completion at 11:22:13 (in 0.001 days).
                                                                                                  
 Time: 350 of 600 seconds.  Estimated final completion at 11:22:11 (in 0.001 days).
                                                                                                  
 Time: 355 of 600 seconds.  Estimated final completion at 11:22:12 (in 0.001 days).
                                                                                                  
 Time: 360 of 600 seconds.  Estimated final completion at 11:22:12 (in 0.001 days).
                                                                                                  
 Time: 365 of 600 seconds.  Estimated final completion at 11:22:10 (in 0.001 days).
                                                                                                  
 Time: 370 of 600 seconds.  Estimated final completion at 11:22:09 (in 0.001 days).
                                                                                                  
 Time: 375 of 600 seconds.  Estimated final completion at 11:22:11 (in 0.001 days).
                                                                                                  
 Time: 380 of 600 seconds.  Estimated final completion at 11:22:11 (in 0.001 days).
                                                                                                  
 Time: 385 of 600 seconds.  Estimated final completion at 11:22:09 (in 0.001 days).
                                                                                                  
 Time: 390 of 600 seconds.  Estimated final completion at 11:22:11 (in 0.001 days).
                                                                                                  
 Time: 395 of 600 seconds.  Estimated final completion at 11:22:10 (in 0.001 days).
                                                                                                  
 Time: 400 of 600 seconds.  Estimated final completion at 11:22:11 (in 0.001 days).
                                                                                                  
 Time: 405 of 600 seconds.  Estimated final completion at 11:22:10 (in 0.001 days).
                                                                                                  
 Time: 410 of 600 seconds.  Estimated final completion at 11:22:10 (in 0.001 days).
                                                                                                  
 Time: 415 of 600 seconds.  Estimated final completion at 11:22:11 (in 0.001 days).
                                                                                                  
 Time: 420 of 600 seconds.  Estimated final completion at 11:22:10 (in 0.001 days).
                                                                                                  
 Time: 425 of 600 seconds.  Estimated final completion at 11:22:10 (in 0.001 days).
                                                                                                  
 Time: 430 of 600 seconds.  Estimated final completion at 11:22:11 (in 0.001 days).
                                                                                                  
 Time: 435 of 600 seconds.  Estimated final completion at 11:22:10 (in 0.001 days).
                                                                                                  
 Time: 440 of 600 seconds.  Estimated final completion at 11:22:11 (in 0.001 days).
                                                                                                  
 Time: 445 of 600 seconds.  Estimated final completion at 11:22:11 (in 0.001 days).
                                                                                                  
 Time: 450 of 600 seconds.  Estimated final completion at 11:22:12 (in 0.001 days).
                                                                                                  
 Time: 455 of 600 seconds.  Estimated final completion at 11:23:11 (in 0.001 days).
                                                                                                  
 Time: 460 of 600 seconds.  Estimated final completion at 11:22:56 (in 0.001 days).
                                                                                                  
 Time: 465 of 600 seconds.  Estimated final completion at 11:22:07 (in 0.000 days).
                                                                                                  
 Time: 470 of 600 seconds.  Estimated final completion at 11:22:11 (in 0.000 days).
                                                                                                  
 Time: 475 of 600 seconds.  Estimated final completion at 11:22:15 (in 0.000 days).
                                                                                                  
 Time: 480 of 600 seconds.  Estimated final completion at 11:22:14 (in 0.000 days).
                                                                                                  
 Time: 485 of 600 seconds.  Estimated final completion at 11:22:14 (in 0.000 days).
                                                                                                  
 Time: 490 of 600 seconds.  Estimated final completion at 11:22:14 (in 0.000 days).
                                                                                                  
 Time: 495 of 600 seconds.  Estimated final completion at 11:22:14 (in 0.000 days).
                                                                                                  
 Time: 500 of 600 seconds.  Estimated final completion at 11:22:29 (in 0.001 days).
                                                                                                  
 Time: 505 of 600 seconds.  Estimated final completion at 11:23:07 (in 0.001 days).
                                                                                                  
 Time: 510 of 600 seconds.  Estimated final completion at 11:23:11 (in 0.001 days).
                                                                                                  
 Time: 515 of 600 seconds.  Estimated final completion at 11:22:41 (in 0.001 days).
                                                                                                  
 Time: 520 of 600 seconds.  Estimated final completion at 11:22:16 (in 0.000 days).
                                                                                                  
 Time: 525 of 600 seconds.  Estimated final completion at 11:22:16 (in 0.000 days).
                                                                                                  
 Time: 530 of 600 seconds.  Estimated final completion at 11:22:16 (in 0.000 days).
                                                                                                  
 Time: 535 of 600 seconds.  Estimated final completion at 11:22:16 (in 0.000 days).
                                                                                                  
 Time: 540 of 600 seconds.  Estimated final completion at 11:22:17 (in 0.000 days).
                                                                                                  
 Time: 545 of 600 seconds.  Estimated final completion at 11:22:17 (in 0.000 days).
                                                                                                  
 Time: 550 of 600 seconds.  Estimated final completion at 11:22:17 (in 0.000 days).
                                                                                                  
 Time: 555 of 600 seconds.  Estimated final completion at 11:22:19 (in 0.000 days).
                                                                                                  
 Time: 560 of 600 seconds.  Estimated final completion at 11:22:19 (in 0.000 days).
                                                                                                  
 Time: 565 of 600 seconds.  Estimated final completion at 11:22:19 (in 0.000 days).
                                                                                                  
 Time: 570 of 600 seconds.  Estimated final completion at 11:22:19 (in 0.000 days).
                                                                                                  
 Time: 575 of 600 seconds.  Estimated final completion at 11:22:19 (in 0.000 days).
                                                                                                  
 Time: 580 of 600 seconds.  Estimated final completion at 11:22:19 (in 0.000 days).
                                                                                                  
 Time: 585 of 600 seconds.  Estimated final completion at 11:22:19 (in 0.000 days).
                                                                                                  
 Time: 590 of 600 seconds.  Estimated final completion at 11:22:19 (in 0.000 days).
                                                                                                  
 Time: 595 of 600 seconds.  Estimated final completion at 11:22:19 (in 0.000 days).
                                                                                                  
 Time: 600 of 600 seconds.  Estimated final completion at 11:22:19 (in 0.000 days).
                                                                                                  

 Total Real Time:       4.1021 minutes
 Total CPU Time:        3.7833 minutes
 Simulation CPU Time:   3.7794 minutes
 Simulated Time:        10 minutes
 Time Ratio (Sim/CPU):  2.6459

 OpenFAST terminated normally.



======================================================================
CASE: 5MW_Land_DLL_WTurb_WS13_Seed04
FST : 5MW_Land_DLL_WTurb\OpenFAST_Case_Outputs\WS13\Seed04\5MW_Land_DLL_WTurb_WS13_Seed04.fst
======================================================================


**************************************************************************************************
OpenFAST

Copyright (C) 2026 National Renewable Energy Laboratory
Copyright (C) 2026 Envision Energy USA LTD

This program is licensed under Apache License Version 2.0 and comes with ABSOLUTELY NO WARRANTY.
See the "LICENSE" file distributed with this software for details.
**************************************************************************************************

OpenFAST-v5.0.0
Compile Info:
 - Compiler: Intel(R) Fortran Compiler 20250302
 - Architecture: 64 bit
 - Precision: single
 - OpenMP: No
 - Date: Mar 13 2026
 - Time: 19:00:22
Execution Info:
 - Date: 09/06/2026
 - Time: 11:22:19+0200

OpenFAST input file heading:
    FAST Certification Test #18: NREL 5.0 MW Baseline Wind Turbine (Onshore)

 Running ElastoDyn.
 Running InflowWind.

   Reading a 31x31 grid (145 m wide, 17.5 m to 162.5 m above ground) with a characteristic wind
   speed of 13 m/s. This full-field file was generated by TurbSim (v2.00.07a-bjj, 14-Jun-2016) on
   02-Sep-2026 at 21:01:42.

   Processed 12224 time steps of 20-Hz grid-field data (611.15 seconds).
 Running AeroDyn.
   AeroDyn: projMod: 1
   Projection: legacy (NoSweepPitchTwist), BEM: legacy (2D)
Warning: Turning off Unsteady Aerodynamics because polar has constant data. (node 1, blade 1)
Warning: Turning off Unsteady Aerodynamics because polar has constant data. (node 2, blade 1)
Warning: Turning off Unsteady Aerodynamics because polar has constant data. (node 3, blade 1)
Warning: Turning off Unsteady Aerodynamics because polar has constant data. (node 4, blade 1)
Warning: Turning off Unsteady Aerodynamics because polar has constant data. (node 1, blade 2)
Warning: Turning off Unsteady Aerodynamics because polar has constant data. (node 2, blade 2)
Warning: Turning off Unsteady Aerodynamics because polar has constant data. (node 3, blade 2)
Warning: Turning off Unsteady Aerodynamics because polar has constant data. (node 4, blade 2)
Warning: Turning off Unsteady Aerodynamics because polar has constant data. (node 1, blade 3)
Warning: Turning off Unsteady Aerodynamics because polar has constant data. (node 2, blade 3)
Warning: Turning off Unsteady Aerodynamics because polar has constant data. (node 3, blade 3)
Warning: Turning off Unsteady Aerodynamics because polar has constant data. (node 4, blade 3)
 Running ServoDyn.
 Running ServoDyn Interface for Bladed Controllers (using Intel Visual Fortran for Windows).
Using legacy Bladed DLL interface.
 Time: 0 of 600 seconds.
                                                                                                  
 Time: 5 of 600 seconds.  Estimated final completion at 11:25:25 (in 0.002 days).
                                                                                                  
 Time: 10 of 600 seconds.  Estimated final completion at 11:25:18 (in 0.002 days).
                                                                                                  
 Time: 15 of 600 seconds.  Estimated final completion at 11:25:13 (in 0.002 days).
                                                                                                  
 Time: 20 of 600 seconds.  Estimated final completion at 11:25:17 (in 0.002 days).
                                                                                                  
 Time: 25 of 600 seconds.  Estimated final completion at 11:25:18 (in 0.002 days).
                                                                                                  
 Time: 30 of 600 seconds.  Estimated final completion at 11:25:16 (in 0.002 days).
                                                                                                  
 Time: 35 of 600 seconds.  Estimated final completion at 11:25:16 (in 0.002 days).
                                                                                                  
 Time: 40 of 600 seconds.  Estimated final completion at 11:25:16 (in 0.002 days).
                                                                                                  
 Time: 45 of 600 seconds.  Estimated final completion at 11:25:14 (in 0.002 days).
                                                                                                  
 Time: 50 of 600 seconds.  Estimated final completion at 11:25:17 (in 0.002 days).
                                                                                                  
 Time: 55 of 600 seconds.  Estimated final completion at 11:25:22 (in 0.002 days).
                                                                                                  
 Time: 60 of 600 seconds.  Estimated final completion at 11:25:22 (in 0.002 days).
                                                                                                  
 Time: 65 of 600 seconds.  Estimated final completion at 11:25:15 (in 0.002 days).
                                                                                                  
 Time: 70 of 600 seconds.  Estimated final completion at 11:25:18 (in 0.002 days).
                                                                                                  
 Time: 75 of 600 seconds.  Estimated final completion at 11:25:19 (in 0.002 days).
                                                                                                  
 Time: 80 of 600 seconds.  Estimated final completion at 11:25:16 (in 0.002 days).
                                                                                                  
 Time: 85 of 600 seconds.  Estimated final completion at 11:25:19 (in 0.002 days).
                                                                                                  
 Time: 90 of 600 seconds.  Estimated final completion at 11:27:18 (in 0.003 days).
                                                                                                  
 Time: 95 of 600 seconds.  Estimated final completion at 11:30:14 (in 0.005 days).
                                                                                                  
 Time: 100 of 600 seconds.  Estimated final completion at 11:29:47 (in 0.005 days).
                                                                                                  
 Time: 105 of 600 seconds.  Estimated final completion at 11:30:18 (in 0.005 days).
                                                                                                  
 Time: 110 of 600 seconds.  Estimated final completion at 11:29:60 (in 0.005 days).
                                                                                                  
 Time: 115 of 600 seconds.  Estimated final completion at 11:29:26 (in 0.004 days).
                                                                                                  
 Time: 120 of 600 seconds.  Estimated final completion at 11:30:16 (in 0.005 days).
                                                                                                  
 Time: 125 of 600 seconds.  Estimated final completion at 11:30:21 (in 0.005 days).
                                                                                                  
 Time: 130 of 600 seconds.  Estimated final completion at 11:30:09 (in 0.005 days).
                                                                                                  
 Time: 135 of 600 seconds.  Estimated final completion at 11:30:11 (in 0.005 days).
                                                                                                  
 Time: 140 of 600 seconds.  Estimated final completion at 11:30:11 (in 0.005 days).
                                                                                                  
 Time: 145 of 600 seconds.  Estimated final completion at 11:29:52 (in 0.004 days).
                                                                                                  
 Time: 150 of 600 seconds.  Estimated final completion at 11:30:35 (in 0.005 days).
                                                                                                  
 Time: 155 of 600 seconds.  Estimated final completion at 11:30:32 (in 0.005 days).
                                                                                                  
 Time: 160 of 600 seconds.  Estimated final completion at 11:30:29 (in 0.005 days).
                                                                                                  
 Time: 165 of 600 seconds.  Estimated final completion at 11:30:29 (in 0.005 days).
                                                                                                  
 Time: 170 of 600 seconds.  Estimated final completion at 11:30:22 (in 0.004 days).
                                                                                                  
 Time: 175 of 600 seconds.  Estimated final completion at 11:29:56 (in 0.004 days).
                                                                                                  
 Time: 180 of 600 seconds.  Estimated final completion at 11:30:39 (in 0.005 days).
                                                                                                  
 Time: 185 of 600 seconds.  Estimated final completion at 11:30:23 (in 0.004 days).
                                                                                                  
 Time: 190 of 600 seconds.  Estimated final completion at 11:29:52 (in 0.004 days).
                                                                                                  
 Time: 195 of 600 seconds.  Estimated final completion at 11:30:24 (in 0.004 days).
                                                                                                  
 Time: 200 of 600 seconds.  Estimated final completion at 11:29:32 (in 0.004 days).
                                                                                                  
 Time: 205 of 600 seconds.  Estimated final completion at 11:30:06 (in 0.004 days).
                                                                                                  
 Time: 210 of 600 seconds.  Estimated final completion at 11:30:12 (in 0.004 days).
                                                                                                  
 Time: 215 of 600 seconds.  Estimated final completion at 11:29:42 (in 0.004 days).
                                                                                                  
 Time: 220 of 600 seconds.  Estimated final completion at 11:29:38 (in 0.003 days).
                                                                                                  
 Time: 225 of 600 seconds.  Estimated final completion at 11:29:53 (in 0.004 days).
                                                                                                  
 Time: 230 of 600 seconds.  Estimated final completion at 11:30:13 (in 0.004 days).
                                                                                                  
 Time: 235 of 600 seconds.  Estimated final completion at 11:30:01 (in 0.004 days).
                                                                                                  
 Time: 240 of 600 seconds.  Estimated final completion at 11:30:06 (in 0.004 days).
                                                                                                  
 Time: 245 of 600 seconds.  Estimated final completion at 11:27:49 (in 0.002 days).
                                                                                                  
 Time: 250 of 600 seconds.  Estimated final completion at 11:26:24 (in 0.001 days).
                                                                                                  
 Time: 255 of 600 seconds.  Estimated final completion at 11:26:25 (in 0.001 days).
                                                                                                  
 Time: 260 of 600 seconds.  Estimated final completion at 11:29:06 (in 0.003 days).
                                                                                                  
 Time: 265 of 600 seconds.  Estimated final completion at 11:26:59 (in 0.001 days).
                                                                                                  
 Time: 270 of 600 seconds.  Estimated final completion at 11:26:27 (in 0.001 days).
                                                                                                  
 Time: 275 of 600 seconds.  Estimated final completion at 11:26:28 (in 0.001 days).
                                                                                                  
 Time: 280 of 600 seconds.  Estimated final completion at 11:26:28 (in 0.001 days).
                                                                                                  
 Time: 285 of 600 seconds.  Estimated final completion at 11:26:28 (in 0.001 days).
                                                                                                  
 Time: 290 of 600 seconds.  Estimated final completion at 11:26:29 (in 0.001 days).
                                                                                                  
 Time: 295 of 600 seconds.  Estimated final completion at 11:26:29 (in 0.001 days).
                                                                                                  
 Time: 300 of 600 seconds.  Estimated final completion at 11:26:32 (in 0.001 days).
                                                                                                  
 Time: 305 of 600 seconds.  Estimated final completion at 11:26:28 (in 0.001 days).
                                                                                                  
 Time: 310 of 600 seconds.  Estimated final completion at 11:26:27 (in 0.001 days).
                                                                                                  
 Time: 315 of 600 seconds.  Estimated final completion at 11:26:28 (in 0.001 days).
                                                                                                  
 Time: 320 of 600 seconds.  Estimated final completion at 11:26:27 (in 0.001 days).
                                                                                                  
 Time: 325 of 600 seconds.  Estimated final completion at 11:26:27 (in 0.001 days).
                                                                                                  
 Time: 330 of 600 seconds.  Estimated final completion at 11:26:26 (in 0.001 days).
                                                                                                  
 Time: 335 of 600 seconds.  Estimated final completion at 11:26:28 (in 0.001 days).
                                                                                                  
 Time: 340 of 600 seconds.  Estimated final completion at 11:26:33 (in 0.001 days).
                                                                                                  
 Time: 345 of 600 seconds.  Estimated final completion at 11:26:41 (in 0.001 days).
                                                                                                  
 Time: 350 of 600 seconds.  Estimated final completion at 11:26:40 (in 0.001 days).
                                                                                                  
 Time: 355 of 600 seconds.  Estimated final completion at 11:26:41 (in 0.001 days).
                                                                                                  
 Time: 360 of 600 seconds.  Estimated final completion at 11:26:42 (in 0.001 days).
                                                                                                  
 Time: 365 of 600 seconds.  Estimated final completion at 11:26:42 (in 0.001 days).
                                                                                                  
 Time: 370 of 600 seconds.  Estimated final completion at 11:26:41 (in 0.001 days).
                                                                                                  
 Time: 375 of 600 seconds.  Estimated final completion at 11:26:41 (in 0.001 days).
                                                                                                  
 Time: 380 of 600 seconds.  Estimated final completion at 11:26:42 (in 0.001 days).
                                                                                                  
 Time: 385 of 600 seconds.  Estimated final completion at 11:26:42 (in 0.001 days).
                                                                                                  
 Time: 390 of 600 seconds.  Estimated final completion at 11:26:41 (in 0.001 days).
                                                                                                  
 Time: 395 of 600 seconds.  Estimated final completion at 11:26:42 (in 0.001 days).
                                                                                                  
 Time: 400 of 600 seconds.  Estimated final completion at 11:26:42 (in 0.001 days).
                                                                                                  
 Time: 405 of 600 seconds.  Estimated final completion at 11:26:40 (in 0.001 days).
                                                                                                  
 Time: 410 of 600 seconds.  Estimated final completion at 11:26:42 (in 0.001 days).
                                                                                                  
 Time: 415 of 600 seconds.  Estimated final completion at 11:26:41 (in 0.001 days).
                                                                                                  
 Time: 420 of 600 seconds.  Estimated final completion at 11:26:41 (in 0.001 days).
                                                                                                  
 Time: 425 of 600 seconds.  Estimated final completion at 11:26:42 (in 0.001 days).
                                                                                                  
 Time: 430 of 600 seconds.  Estimated final completion at 11:26:43 (in 0.001 days).
                                                                                                  
 Time: 435 of 600 seconds.  Estimated final completion at 11:27:60 (in 0.001 days).
                                                                                                  
 Time: 440 of 600 seconds.  Estimated final completion at 11:27:55 (in 0.001 days).
                                                                                                  
 Time: 445 of 600 seconds.  Estimated final completion at 11:26:39 (in 0.000 days).
                                                                                                  
 Time: 450 of 600 seconds.  Estimated final completion at 11:26:38 (in 0.000 days).
                                                                                                  
 Time: 455 of 600 seconds.  Estimated final completion at 11:26:37 (in 0.000 days).
                                                                                                  
 Time: 460 of 600 seconds.  Estimated final completion at 11:26:38 (in 0.000 days).
                                                                                                  
 Time: 465 of 600 seconds.  Estimated final completion at 11:26:40 (in 0.000 days).
                                                                                                  
 Time: 470 of 600 seconds.  Estimated final completion at 11:26:46 (in 0.000 days).
                                                                                                  
 Time: 475 of 600 seconds.  Estimated final completion at 11:26:46 (in 0.000 days).
                                                                                                  
 Time: 480 of 600 seconds.  Estimated final completion at 11:26:45 (in 0.000 days).
                                                                                                  
 Time: 485 of 600 seconds.  Estimated final completion at 11:26:45 (in 0.000 days).
                                                                                                  
 Time: 490 of 600 seconds.  Estimated final completion at 11:26:45 (in 0.000 days).
                                                                                                  
 Time: 495 of 600 seconds.  Estimated final completion at 11:26:46 (in 0.000 days).
                                                                                                  
 Time: 500 of 600 seconds.  Estimated final completion at 11:26:45 (in 0.000 days).
                                                                                                  
 Time: 505 of 600 seconds.  Estimated final completion at 11:26:45 (in 0.000 days).
                                                                                                  
 Time: 510 of 600 seconds.  Estimated final completion at 11:26:43 (in 0.000 days).
                                                                                                  
 Time: 515 of 600 seconds.  Estimated final completion at 11:26:41 (in 0.000 days).
                                                                                                  
 Time: 520 of 600 seconds.  Estimated final completion at 11:26:40 (in 0.000 days).
                                                                                                  
 Time: 525 of 600 seconds.  Estimated final completion at 11:26:40 (in 0.000 days).
                                                                                                  
 Time: 530 of 600 seconds.  Estimated final completion at 11:26:40 (in 0.000 days).
                                                                                                  
 Time: 535 of 600 seconds.  Estimated final completion at 11:26:41 (in 0.000 days).
                                                                                                  
 Time: 540 of 600 seconds.  Estimated final completion at 11:26:49 (in 0.000 days).
                                                                                                  
 Time: 545 of 600 seconds.  Estimated final completion at 11:26:50 (in 0.000 days).
                                                                                                  
 Time: 550 of 600 seconds.  Estimated final completion at 11:26:42 (in 0.000 days).
                                                                                                  
 Time: 555 of 600 seconds.  Estimated final completion at 11:26:42 (in 0.000 days).
                                                                                                  
 Time: 560 of 600 seconds.  Estimated final completion at 11:26:42 (in 0.000 days).
                                                                                                  
 Time: 565 of 600 seconds.  Estimated final completion at 11:26:42 (in 0.000 days).
                                                                                                  
 Time: 570 of 600 seconds.  Estimated final completion at 11:26:42 (in 0.000 days).
                                                                                                  
 Time: 575 of 600 seconds.  Estimated final completion at 11:26:44 (in 0.000 days).
                                                                                                  
 Time: 580 of 600 seconds.  Estimated final completion at 11:26:43 (in 0.000 days).
                                                                                                  
 Time: 585 of 600 seconds.  Estimated final completion at 11:26:44 (in 0.000 days).
                                                                                                  
 Time: 590 of 600 seconds.  Estimated final completion at 11:26:44 (in 0.000 days).
                                                                                                  
 Time: 595 of 600 seconds.  Estimated final completion at 11:26:44 (in 0.000 days).
                                                                                                  
 Time: 600 of 600 seconds.  Estimated final completion at 11:26:44 (in 0.000 days).
                                                                                                  

 Total Real Time:       4.4075 minutes
 Total CPU Time:        3.9258 minutes
 Simulation CPU Time:   3.9219 minutes
 Simulated Time:        10 minutes
 Time Ratio (Sim/CPU):  2.5498

 OpenFAST terminated normally.



======================================================================
CASE: 5MW_Land_DLL_WTurb_WS13_Seed05
FST : 5MW_Land_DLL_WTurb\OpenFAST_Case_Outputs\WS13\Seed05\5MW_Land_DLL_WTurb_WS13_Seed05.fst
======================================================================


**************************************************************************************************
OpenFAST

Copyright (C) 2026 National Renewable Energy Laboratory
Copyright (C) 2026 Envision Energy USA LTD

This program is licensed under Apache License Version 2.0 and comes with ABSOLUTELY NO WARRANTY.
See the "LICENSE" file distributed with this software for details.
**************************************************************************************************

OpenFAST-v5.0.0
Compile Info:
 - Compiler: Intel(R) Fortran Compiler 20250302
 - Architecture: 64 bit
 - Precision: single
 - OpenMP: No
 - Date: Mar 13 2026
 - Time: 19:00:22
Execution Info:
 - Date: 09/06/2026
 - Time: 11:26:43+0200

OpenFAST input file heading:
    FAST Certification Test #18: NREL 5.0 MW Baseline Wind Turbine (Onshore)

 Running ElastoDyn.
 Running InflowWind.

   Reading a 31x31 grid (145 m wide, 17.5 m to 162.5 m above ground) with a characteristic wind
   speed of 13 m/s. This full-field file was generated by TurbSim (v2.00.07a-bjj, 14-Jun-2016) on
   02-Sep-2026 at 21:04:23.

   Processed 12224 time steps of 20-Hz grid-field data (611.15 seconds).
 Running AeroDyn.
   AeroDyn: projMod: 1
   Projection: legacy (NoSweepPitchTwist), BEM: legacy (2D)
Warning: Turning off Unsteady Aerodynamics because polar has constant data. (node 1, blade 1)
Warning: Turning off Unsteady Aerodynamics because polar has constant data. (node 2, blade 1)
Warning: Turning off Unsteady Aerodynamics because polar has constant data. (node 3, blade 1)
Warning: Turning off Unsteady Aerodynamics because polar has constant data. (node 4, blade 1)
Warning: Turning off Unsteady Aerodynamics because polar has constant data. (node 1, blade 2)
Warning: Turning off Unsteady Aerodynamics because polar has constant data. (node 2, blade 2)
Warning: Turning off Unsteady Aerodynamics because polar has constant data. (node 3, blade 2)
Warning: Turning off Unsteady Aerodynamics because polar has constant data. (node 4, blade 2)
Warning: Turning off Unsteady Aerodynamics because polar has constant data. (node 1, blade 3)
Warning: Turning off Unsteady Aerodynamics because polar has constant data. (node 2, blade 3)
Warning: Turning off Unsteady Aerodynamics because polar has constant data. (node 3, blade 3)
Warning: Turning off Unsteady Aerodynamics because polar has constant data. (node 4, blade 3)
 Running ServoDyn.
 Running ServoDyn Interface for Bladed Controllers (using Intel Visual Fortran for Windows).
Using legacy Bladed DLL interface.
 Time: 0 of 600 seconds.
                                                                                                  
 Time: 5 of 600 seconds.  Estimated final completion at 11:29:51 (in 0.002 days).
                                                                                                  
 Time: 10 of 600 seconds.  Estimated final completion at 11:29:40 (in 0.002 days).
                                                                                                  
 Time: 15 of 600 seconds.  Estimated final completion at 11:29:43 (in 0.002 days).
                                                                                                  
 Time: 20 of 600 seconds.  Estimated final completion at 11:29:42 (in 0.002 days).
                                                                                                  
 Time: 25 of 600 seconds.  Estimated final completion at 11:29:45 (in 0.002 days).
                                                                                                  
 Time: 30 of 600 seconds.  Estimated final completion at 11:29:40 (in 0.002 days).
                                                                                                  
 Time: 35 of 600 seconds.  Estimated final completion at 11:29:43 (in 0.002 days).
                                                                                                  
 Time: 40 of 600 seconds.  Estimated final completion at 11:29:40 (in 0.002 days).
                                                                                                  
 Time: 45 of 600 seconds.  Estimated final completion at 11:29:43 (in 0.002 days).
                                                                                                  
 Time: 50 of 600 seconds.  Estimated final completion at 11:29:43 (in 0.002 days).
                                                                                                  
 Time: 55 of 600 seconds.  Estimated final completion at 11:29:44 (in 0.002 days).
                                                                                                  
 Time: 60 of 600 seconds.  Estimated final completion at 11:29:40 (in 0.002 days).
                                                                                                  
 Time: 65 of 600 seconds.  Estimated final completion at 11:29:42 (in 0.002 days).
                                                                                                  
 Time: 70 of 600 seconds.  Estimated final completion at 11:29:47 (in 0.002 days).
                                                                                                  
 Time: 75 of 600 seconds.  Estimated final completion at 11:29:42 (in 0.002 days).
                                                                                                  
 Time: 80 of 600 seconds.  Estimated final completion at 11:29:38 (in 0.002 days).
                                                                                                  
 Time: 85 of 600 seconds.  Estimated final completion at 11:29:41 (in 0.002 days).
                                                                                                  
 Time: 90 of 600 seconds.  Estimated final completion at 11:29:39 (in 0.002 days).
                                                                                                  
 Time: 95 of 600 seconds.  Estimated final completion at 11:29:30 (in 0.002 days).
                                                                                                  
 Time: 100 of 600 seconds.  Estimated final completion at 11:29:18 (in 0.001 days).
                                                                                                  
 Time: 105 of 600 seconds.  Estimated final completion at 11:29:17 (in 0.001 days).
                                                                                                  
 Time: 110 of 600 seconds.  Estimated final completion at 11:29:24 (in 0.001 days).
                                                                                                  
 Time: 115 of 600 seconds.  Estimated final completion at 11:29:20 (in 0.001 days).
                                                                                                  
 Time: 120 of 600 seconds.  Estimated final completion at 11:29:17 (in 0.001 days).
                                                                                                  
 Time: 125 of 600 seconds.  Estimated final completion at 11:29:13 (in 0.001 days).
                                                                                                  
 Time: 130 of 600 seconds.  Estimated final completion at 11:29:13 (in 0.001 days).
                                                                                                  
 Time: 135 of 600 seconds.  Estimated final completion at 11:29:15 (in 0.001 days).
                                                                                                  
 Time: 140 of 600 seconds.  Estimated final completion at 11:29:15 (in 0.001 days).
                                                                                                  
 Time: 145 of 600 seconds.  Estimated final completion at 11:29:17 (in 0.001 days).
                                                                                                  
 Time: 150 of 600 seconds.  Estimated final completion at 11:29:39 (in 0.002 days).
                                                                                                  
 Time: 155 of 600 seconds.  Estimated final completion at 11:29:41 (in 0.002 days).
                                                                                                  
 Time: 160 of 600 seconds.  Estimated final completion at 11:29:39 (in 0.002 days).
                                                                                                  
 Time: 165 of 600 seconds.  Estimated final completion at 11:29:38 (in 0.001 days).
                                                                                                  
 Time: 170 of 600 seconds.  Estimated final completion at 11:29:40 (in 0.001 days).
                                                                                                  
 Time: 175 of 600 seconds.  Estimated final completion at 11:29:40 (in 0.001 days).
                                                                                                  
 Time: 180 of 600 seconds.  Estimated final completion at 11:29:41 (in 0.001 days).
                                                                                                  
 Time: 185 of 600 seconds.  Estimated final completion at 11:29:40 (in 0.001 days).
                                                                                                  
 Time: 190 of 600 seconds.  Estimated final completion at 11:29:39 (in 0.001 days).
                                                                                                  
 Time: 195 of 600 seconds.  Estimated final completion at 11:29:40 (in 0.001 days).
                                                                                                  
 Time: 200 of 600 seconds.  Estimated final completion at 11:29:38 (in 0.001 days).
                                                                                                  
 Time: 205 of 600 seconds.  Estimated final completion at 11:29:40 (in 0.001 days).
                                                                                                  
 Time: 210 of 600 seconds.  Estimated final completion at 11:29:41 (in 0.001 days).
                                                                                                  
 Time: 215 of 600 seconds.  Estimated final completion at 11:29:44 (in 0.001 days).
                                                                                                  
 Time: 220 of 600 seconds.  Estimated final completion at 11:29:42 (in 0.001 days).
                                                                                                  
 Time: 225 of 600 seconds.  Estimated final completion at 11:29:39 (in 0.001 days).
                                                                                                  
 Time: 230 of 600 seconds.  Estimated final completion at 11:29:42 (in 0.001 days).
                                                                                                  
 Time: 235 of 600 seconds.  Estimated final completion at 11:29:38 (in 0.001 days).
                                                                                                  
 Time: 240 of 600 seconds.  Estimated final completion at 11:29:39 (in 0.001 days).
                                                                                                  
 Time: 245 of 600 seconds.  Estimated final completion at 11:29:44 (in 0.001 days).
                                                                                                  
 Time: 250 of 600 seconds.  Estimated final completion at 11:29:40 (in 0.001 days).
                                                                                                  
 Time: 255 of 600 seconds.  Estimated final completion at 11:29:41 (in 0.001 days).
                                                                                                  
 Time: 260 of 600 seconds.  Estimated final completion at 11:29:41 (in 0.001 days).
                                                                                                  
 Time: 265 of 600 seconds.  Estimated final completion at 11:29:43 (in 0.001 days).
                                                                                                  
 Time: 270 of 600 seconds.  Estimated final completion at 11:29:42 (in 0.001 days).
                                                                                                  
 Time: 275 of 600 seconds.  Estimated final completion at 11:29:40 (in 0.001 days).
                                                                                                  
 Time: 280 of 600 seconds.  Estimated final completion at 11:29:41 (in 0.001 days).
                                                                                                  
 Time: 285 of 600 seconds.  Estimated final completion at 11:29:39 (in 0.001 days).
                                                                                                  
 Time: 290 of 600 seconds.  Estimated final completion at 11:29:42 (in 0.001 days).
                                                                                                  
 Time: 295 of 600 seconds.  Estimated final completion at 11:29:42 (in 0.001 days).
                                                                                                  
 Time: 300 of 600 seconds.  Estimated final completion at 11:29:45 (in 0.001 days).
                                                                                                  
 Time: 305 of 600 seconds.  Estimated final completion at 11:29:45 (in 0.001 days).
                                                                                                  
 Time: 310 of 600 seconds.  Estimated final completion at 11:29:39 (in 0.001 days).
                                                                                                  
 Time: 315 of 600 seconds.  Estimated final completion at 11:29:39 (in 0.001 days).
                                                                                                  
 Time: 320 of 600 seconds.  Estimated final completion at 11:29:41 (in 0.001 days).
                                                                                                  
 Time: 325 of 600 seconds.  Estimated final completion at 11:29:40 (in 0.001 days).
                                                                                                  
 Time: 330 of 600 seconds.  Estimated final completion at 11:29:42 (in 0.001 days).
                                                                                                  
 Time: 335 of 600 seconds.  Estimated final completion at 11:29:41 (in 0.001 days).
                                                                                                  
 Time: 340 of 600 seconds.  Estimated final completion at 11:29:43 (in 0.001 days).
                                                                                                  
 Time: 345 of 600 seconds.  Estimated final completion at 11:29:40 (in 0.001 days).
                                                                                                  
 Time: 350 of 600 seconds.  Estimated final completion at 11:29:43 (in 0.001 days).
                                                                                                  
 Time: 355 of 600 seconds.  Estimated final completion at 11:29:41 (in 0.001 days).
                                                                                                  
 Time: 360 of 600 seconds.  Estimated final completion at 11:29:39 (in 0.001 days).
                                                                                                  
 Time: 365 of 600 seconds.  Estimated final completion at 11:29:40 (in 0.001 days).
                                                                                                  
 Time: 370 of 600 seconds.  Estimated final completion at 11:29:40 (in 0.001 days).
                                                                                                  
 Time: 375 of 600 seconds.  Estimated final completion at 11:29:41 (in 0.001 days).
                                                                                                  
 Time: 380 of 600 seconds.  Estimated final completion at 11:29:42 (in 0.001 days).
                                                                                                  
 Time: 385 of 600 seconds.  Estimated final completion at 11:29:41 (in 0.001 days).
                                                                                                  
 Time: 390 of 600 seconds.  Estimated final completion at 11:29:41 (in 0.001 days).
                                                                                                  
 Time: 395 of 600 seconds.  Estimated final completion at 11:29:32 (in 0.001 days).
                                                                                                  
 Time: 400 of 600 seconds.  Estimated final completion at 11:29:28 (in 0.001 days).
                                                                                                  
 Time: 405 of 600 seconds.  Estimated final completion at 11:29:30 (in 0.001 days).
                                                                                                  
 Time: 410 of 600 seconds.  Estimated final completion at 11:29:29 (in 0.001 days).
                                                                                                  
 Time: 415 of 600 seconds.  Estimated final completion at 11:29:29 (in 0.001 days).
                                                                                                  
 Time: 420 of 600 seconds.  Estimated final completion at 11:29:35 (in 0.001 days).
                                                                                                  
 Time: 425 of 600 seconds.  Estimated final completion at 11:29:40 (in 0.001 days).
                                                                                                  
 Time: 430 of 600 seconds.  Estimated final completion at 11:29:39 (in 0.001 days).
                                                                                                  
 Time: 435 of 600 seconds.  Estimated final completion at 11:29:39 (in 0.001 days).
                                                                                                  
 Time: 440 of 600 seconds.  Estimated final completion at 11:29:39 (in 0.001 days).
                                                                                                  
 Time: 445 of 600 seconds.  Estimated final completion at 11:29:39 (in 0.001 days).
                                                                                                  
 Time: 450 of 600 seconds.  Estimated final completion at 11:29:40 (in 0.001 days).
                                                                                                  
 Time: 455 of 600 seconds.  Estimated final completion at 11:29:39 (in 0.000 days).
                                                                                                  
 Time: 460 of 600 seconds.  Estimated final completion at 11:29:39 (in 0.000 days).
                                                                                                  
 Time: 465 of 600 seconds.  Estimated final completion at 11:29:39 (in 0.000 days).
                                                                                                  
 Time: 470 of 600 seconds.  Estimated final completion at 11:29:39 (in 0.000 days).
                                                                                                  
 Time: 475 of 600 seconds.  Estimated final completion at 11:29:41 (in 0.000 days).
                                                                                                  
 Time: 480 of 600 seconds.  Estimated final completion at 11:30:13 (in 0.001 days).
                                                                                                  
 Time: 485 of 600 seconds.  Estimated final completion at 11:29:42 (in 0.000 days).
                                                                                                  
 Time: 490 of 600 seconds.  Estimated final completion at 11:29:49 (in 0.000 days).
                                                                                                  
 Time: 495 of 600 seconds.  Estimated final completion at 11:30:34 (in 0.001 days).
                                                                                                  
 Time: 500 of 600 seconds.  Estimated final completion at 11:30:35 (in 0.001 days).
                                                                                                  
 Time: 505 of 600 seconds.  Estimated final completion at 11:30:33 (in 0.001 days).
                                                                                                  
 Time: 510 of 600 seconds.  Estimated final completion at 11:30:32 (in 0.001 days).
                                                                                                  
 Time: 515 of 600 seconds.  Estimated final completion at 11:30:35 (in 0.001 days).
                                                                                                  
 Time: 520 of 600 seconds.  Estimated final completion at 11:30:37 (in 0.001 days).
                                                                                                  
 Time: 525 of 600 seconds.  Estimated final completion at 11:30:17 (in 0.000 days).
                                                                                                  
 Time: 530 of 600 seconds.  Estimated final completion at 11:29:57 (in 0.000 days).
                                                                                                  
 Time: 535 of 600 seconds.  Estimated final completion at 11:29:58 (in 0.000 days).
                                                                                                  
 Time: 540 of 600 seconds.  Estimated final completion at 11:29:57 (in 0.000 days).
                                                                                                  
 Time: 545 of 600 seconds.  Estimated final completion at 11:29:57 (in 0.000 days).
                                                                                                  
 Time: 550 of 600 seconds.  Estimated final completion at 11:29:57 (in 0.000 days).
                                                                                                  
 Time: 555 of 600 seconds.  Estimated final completion at 11:29:57 (in 0.000 days).
                                                                                                  
 Time: 560 of 600 seconds.  Estimated final completion at 11:29:57 (in 0.000 days).
                                                                                                  
 Time: 565 of 600 seconds.  Estimated final completion at 11:29:57 (in 0.000 days).
                                                                                                  
 Time: 570 of 600 seconds.  Estimated final completion at 11:29:57 (in 0.000 days).
                                                                                                  
 Time: 575 of 600 seconds.  Estimated final completion at 11:29:57 (in 0.000 days).
                                                                                                  
 Time: 580 of 600 seconds.  Estimated final completion at 11:29:57 (in 0.000 days).
                                                                                                  
 Time: 585 of 600 seconds.  Estimated final completion at 11:29:57 (in 0.000 days).
                                                                                                  
 Time: 590 of 600 seconds.  Estimated final completion at 11:29:57 (in 0.000 days).
                                                                                                  
 Time: 595 of 600 seconds.  Estimated final completion at 11:29:57 (in 0.000 days).
                                                                                                  
 Time: 600 of 600 seconds.  Estimated final completion at 11:29:57 (in 0.000 days).
                                                                                                  

 Total Real Time:       3.222 minutes
 Total CPU Time:        3.1505 minutes
 Simulation CPU Time:   3.1464 minutes
 Simulated Time:        10 minutes
 Time Ratio (Sim/CPU):  3.1783

 OpenFAST terminated normally.



======================================================================
CASE: 5MW_Land_DLL_WTurb_WS13_Seed06
FST : 5MW_Land_DLL_WTurb\OpenFAST_Case_Outputs\WS13\Seed06\5MW_Land_DLL_WTurb_WS13_Seed06.fst
======================================================================


**************************************************************************************************
OpenFAST

Copyright (C) 2026 National Renewable Energy Laboratory
Copyright (C) 2026 Envision Energy USA LTD

This program is licensed under Apache License Version 2.0 and comes with ABSOLUTELY NO WARRANTY.
See the "LICENSE" file distributed with this software for details.
**************************************************************************************************

OpenFAST-v5.0.0
Compile Info:
 - Compiler: Intel(R) Fortran Compiler 20250302
 - Architecture: 64 bit
 - Precision: single
 - OpenMP: No
 - Date: Mar 13 2026
 - Time: 19:00:22
Execution Info:
 - Date: 09/06/2026
 - Time: 11:29:57+0200

OpenFAST input file heading:
    FAST Certification Test #18: NREL 5.0 MW Baseline Wind Turbine (Onshore)

 Running ElastoDyn.
 Running InflowWind.

   Reading a 31x31 grid (145 m wide, 17.5 m to 162.5 m above ground) with a characteristic wind
   speed of 13 m/s. This full-field file was generated by TurbSim (v2.00.07a-bjj, 14-Jun-2016) on
   02-Sep-2026 at 21:08:12.

   Processed 12224 time steps of 20-Hz grid-field data (611.15 seconds).
 Running AeroDyn.
   AeroDyn: projMod: 1
   Projection: legacy (NoSweepPitchTwist), BEM: legacy (2D)
Warning: Turning off Unsteady Aerodynamics because polar has constant data. (node 1, blade 1)
Warning: Turning off Unsteady Aerodynamics because polar has constant data. (node 2, blade 1)
Warning: Turning off Unsteady Aerodynamics because polar has constant data. (node 3, blade 1)
Warning: Turning off Unsteady Aerodynamics because polar has constant data. (node 4, blade 1)
Warning: Turning off Unsteady Aerodynamics because polar has constant data. (node 1, blade 2)
Warning: Turning off Unsteady Aerodynamics because polar has constant data. (node 2, blade 2)
Warning: Turning off Unsteady Aerodynamics because polar has constant data. (node 3, blade 2)
Warning: Turning off Unsteady Aerodynamics because polar has constant data. (node 4, blade 2)
Warning: Turning off Unsteady Aerodynamics because polar has constant data. (node 1, blade 3)
Warning: Turning off Unsteady Aerodynamics because polar has constant data. (node 2, blade 3)
Warning: Turning off Unsteady Aerodynamics because polar has constant data. (node 3, blade 3)
Warning: Turning off Unsteady Aerodynamics because polar has constant data. (node 4, blade 3)
 Running ServoDyn.
 Running ServoDyn Interface for Bladed Controllers (using Intel Visual Fortran for Windows).
Using legacy Bladed DLL interface.
 Time: 0 of 600 seconds.
                                                                                                  
 Time: 5 of 600 seconds.  Estimated final completion at 11:33:00 (in 0.002 days).
                                                                                                  
 Time: 10 of 600 seconds.  Estimated final completion at 11:32:54 (in 0.002 days).
                                                                                                  
 Time: 15 of 600 seconds.  Estimated final completion at 11:32:55 (in 0.002 days).
                                                                                                  
 Time: 20 of 600 seconds.  Estimated final completion at 11:32:54 (in 0.002 days).
                                                                                                  
 Time: 25 of 600 seconds.  Estimated final completion at 11:32:59 (in 0.002 days).
                                                                                                  
 Time: 30 of 600 seconds.  Estimated final completion at 11:32:53 (in 0.002 days).
                                                                                                  
 Time: 35 of 600 seconds.  Estimated final completion at 11:32:56 (in 0.002 days).
                                                                                                  
 Time: 40 of 600 seconds.  Estimated final completion at 11:32:57 (in 0.002 days).
                                                                                                  
 Time: 45 of 600 seconds.  Estimated final completion at 11:32:57 (in 0.002 days).
                                                                                                  
 Time: 50 of 600 seconds.  Estimated final completion at 11:32:56 (in 0.002 days).
                                                                                                  
 Time: 55 of 600 seconds.  Estimated final completion at 11:32:53 (in 0.002 days).
                                                                                                  
 Time: 60 of 600 seconds.  Estimated final completion at 11:32:52 (in 0.002 days).
                                                                                                  
 Time: 65 of 600 seconds.  Estimated final completion at 11:32:59 (in 0.002 days).
                                                                                                  
 Time: 70 of 600 seconds.  Estimated final completion at 11:32:53 (in 0.002 days).
                                                                                                  
 Time: 75 of 600 seconds.  Estimated final completion at 11:32:57 (in 0.002 days).
                                                                                                  
 Time: 80 of 600 seconds.  Estimated final completion at 11:32:54 (in 0.002 days).
                                                                                                  
 Time: 85 of 600 seconds.  Estimated final completion at 11:32:54 (in 0.002 days).
                                                                                                  
 Time: 90 of 600 seconds.  Estimated final completion at 11:32:57 (in 0.002 days).
                                                                                                  
 Time: 95 of 600 seconds.  Estimated final completion at 11:33:00 (in 0.002 days).
                                                                                                  
 Time: 100 of 600 seconds.  Estimated final completion at 11:32:56 (in 0.002 days).
                                                                                                  
 Time: 105 of 600 seconds.  Estimated final completion at 11:32:58 (in 0.002 days).
                                                                                                  
 Time: 110 of 600 seconds.  Estimated final completion at 11:32:54 (in 0.002 days).
                                                                                                  
 Time: 115 of 600 seconds.  Estimated final completion at 11:32:53 (in 0.002 days).
                                                                                                  
 Time: 120 of 600 seconds.  Estimated final completion at 11:32:56 (in 0.002 days).
                                                                                                  
 Time: 125 of 600 seconds.  Estimated final completion at 11:32:54 (in 0.002 days).
                                                                                                  
 Time: 130 of 600 seconds.  Estimated final completion at 11:32:59 (in 0.002 days).
                                                                                                  
 Time: 135 of 600 seconds.  Estimated final completion at 11:32:55 (in 0.002 days).
                                                                                                  
 Time: 140 of 600 seconds.  Estimated final completion at 11:32:55 (in 0.002 days).
                                                                                                  
 Time: 145 of 600 seconds.  Estimated final completion at 11:32:56 (in 0.002 days).
                                                                                                  
 Time: 150 of 600 seconds.  Estimated final completion at 11:32:53 (in 0.002 days).
                                                                                                  
 Time: 155 of 600 seconds.  Estimated final completion at 11:32:58 (in 0.002 days).
                                                                                                  
 Time: 160 of 600 seconds.  Estimated final completion at 11:32:56 (in 0.002 days).
                                                                                                  
 Time: 165 of 600 seconds.  Estimated final completion at 11:32:54 (in 0.001 days).
                                                                                                  
 Time: 170 of 600 seconds.  Estimated final completion at 11:32:54 (in 0.001 days).
                                                                                                  
 Time: 175 of 600 seconds.  Estimated final completion at 11:32:56 (in 0.001 days).
                                                                                                  
 Time: 180 of 600 seconds.  Estimated final completion at 11:33:04 (in 0.002 days).
                                                                                                  
 Time: 185 of 600 seconds.  Estimated final completion at 11:32:58 (in 0.001 days).
                                                                                                  
 Time: 190 of 600 seconds.  Estimated final completion at 11:32:57 (in 0.001 days).
                                                                                                  
 Time: 195 of 600 seconds.  Estimated final completion at 11:32:56 (in 0.001 days).
                                                                                                  
 Time: 200 of 600 seconds.  Estimated final completion at 11:32:54 (in 0.001 days).
                                                                                                  
 Time: 205 of 600 seconds.  Estimated final completion at 11:32:55 (in 0.001 days).
                                                                                                  
 Time: 210 of 600 seconds.  Estimated final completion at 11:33:00 (in 0.001 days).
                                                                                                  
 Time: 215 of 600 seconds.  Estimated final completion at 11:32:54 (in 0.001 days).
                                                                                                  
 Time: 220 of 600 seconds.  Estimated final completion at 11:32:55 (in 0.001 days).
                                                                                                  
 Time: 225 of 600 seconds.  Estimated final completion at 11:32:57 (in 0.001 days).
                                                                                                  
 Time: 230 of 600 seconds.  Estimated final completion at 11:32:55 (in 0.001 days).
                                                                                                  
 Time: 235 of 600 seconds.  Estimated final completion at 11:32:55 (in 0.001 days).
                                                                                                  
 Time: 240 of 600 seconds.  Estimated final completion at 11:32:56 (in 0.001 days).
                                                                                                  
 Time: 245 of 600 seconds.  Estimated final completion at 11:32:55 (in 0.001 days).
                                                                                                  
 Time: 250 of 600 seconds.  Estimated final completion at 11:32:57 (in 0.001 days).
                                                                                                  
 Time: 255 of 600 seconds.  Estimated final completion at 11:32:55 (in 0.001 days).
                                                                                                  
 Time: 260 of 600 seconds.  Estimated final completion at 11:32:58 (in 0.001 days).
                                                                                                  
 Time: 265 of 600 seconds.  Estimated final completion at 11:32:57 (in 0.001 days).
                                                                                                  
 Time: 270 of 600 seconds.  Estimated final completion at 11:32:54 (in 0.001 days).
                                                                                                  
 Time: 275 of 600 seconds.  Estimated final completion at 11:32:55 (in 0.001 days).
                                                                                                  
 Time: 280 of 600 seconds.  Estimated final completion at 11:32:54 (in 0.001 days).
                                                                                                  
 Time: 285 of 600 seconds.  Estimated final completion at 11:32:55 (in 0.001 days).
                                                                                                  
 Time: 290 of 600 seconds.  Estimated final completion at 11:32:58 (in 0.001 days).
                                                                                                  
 Time: 295 of 600 seconds.  Estimated final completion at 11:32:56 (in 0.001 days).
                                                                                                  
 Time: 300 of 600 seconds.  Estimated final completion at 11:32:56 (in 0.001 days).
                                                                                                  
 Time: 305 of 600 seconds.  Estimated final completion at 11:32:56 (in 0.001 days).
                                                                                                  
 Time: 310 of 600 seconds.  Estimated final completion at 11:32:55 (in 0.001 days).
                                                                                                  
 Time: 315 of 600 seconds.  Estimated final completion at 11:32:55 (in 0.001 days).
                                                                                                  
 Time: 320 of 600 seconds.  Estimated final completion at 11:32:56 (in 0.001 days).
                                                                                                  
 Time: 325 of 600 seconds.  Estimated final completion at 11:32:55 (in 0.001 days).
                                                                                                  
 Time: 330 of 600 seconds.  Estimated final completion at 11:32:57 (in 0.001 days).
                                                                                                  
 Time: 335 of 600 seconds.  Estimated final completion at 11:32:56 (in 0.001 days).
                                                                                                  
 Time: 340 of 600 seconds.  Estimated final completion at 11:32:56 (in 0.001 days).
                                                                                                  
 Time: 345 of 600 seconds.  Estimated final completion at 11:32:55 (in 0.001 days).
                                                                                                  
 Time: 350 of 600 seconds.  Estimated final completion at 11:32:56 (in 0.001 days).
                                                                                                  
 Time: 355 of 600 seconds.  Estimated final completion at 11:32:56 (in 0.001 days).
                                                                                                  
 Time: 360 of 600 seconds.  Estimated final completion at 11:32:55 (in 0.001 days).
                                                                                                  
 Time: 365 of 600 seconds.  Estimated final completion at 11:32:55 (in 0.001 days).
                                                                                                  
 Time: 370 of 600 seconds.  Estimated final completion at 11:32:56 (in 0.001 days).
                                                                                                  
 Time: 375 of 600 seconds.  Estimated final completion at 11:32:57 (in 0.001 days).
                                                                                                  
 Time: 380 of 600 seconds.  Estimated final completion at 11:32:56 (in 0.001 days).
                                                                                                  
 Time: 385 of 600 seconds.  Estimated final completion at 11:32:56 (in 0.001 days).
                                                                                                  
 Time: 390 of 600 seconds.  Estimated final completion at 11:32:56 (in 0.001 days).
                                                                                                  
 Time: 395 of 600 seconds.  Estimated final completion at 11:32:56 (in 0.001 days).
                                                                                                  
 Time: 400 of 600 seconds.  Estimated final completion at 11:32:57 (in 0.001 days).
                                                                                                  
 Time: 405 of 600 seconds.  Estimated final completion at 11:32:57 (in 0.001 days).
                                                                                                  
 Time: 410 of 600 seconds.  Estimated final completion at 11:32:58 (in 0.001 days).
                                                                                                  
 Time: 415 of 600 seconds.  Estimated final completion at 11:32:56 (in 0.001 days).
                                                                                                  
 Time: 420 of 600 seconds.  Estimated final completion at 11:32:56 (in 0.001 days).
                                                                                                  
 Time: 425 of 600 seconds.  Estimated final completion at 11:32:56 (in 0.001 days).
                                                                                                  
 Time: 430 of 600 seconds.  Estimated final completion at 11:32:56 (in 0.001 days).
                                                                                                  
 Time: 435 of 600 seconds.  Estimated final completion at 11:32:57 (in 0.001 days).
                                                                                                  
 Time: 440 of 600 seconds.  Estimated final completion at 11:32:56 (in 0.001 days).
                                                                                                  
 Time: 445 of 600 seconds.  Estimated final completion at 11:32:55 (in 0.001 days).
                                                                                                  
 Time: 450 of 600 seconds.  Estimated final completion at 11:32:56 (in 0.001 days).
                                                                                                  
 Time: 455 of 600 seconds.  Estimated final completion at 11:32:55 (in 0.000 days).
                                                                                                  
 Time: 460 of 600 seconds.  Estimated final completion at 11:32:55 (in 0.000 days).
                                                                                                  
 Time: 465 of 600 seconds.  Estimated final completion at 11:32:56 (in 0.000 days).
                                                                                                  
 Time: 470 of 600 seconds.  Estimated final completion at 11:32:56 (in 0.000 days).
                                                                                                  
 Time: 475 of 600 seconds.  Estimated final completion at 11:32:56 (in 0.000 days).
                                                                                                  
 Time: 480 of 600 seconds.  Estimated final completion at 11:32:55 (in 0.000 days).
                                                                                                  
 Time: 485 of 600 seconds.  Estimated final completion at 11:32:56 (in 0.000 days).
                                                                                                  
 Time: 490 of 600 seconds.  Estimated final completion at 11:32:56 (in 0.000 days).
                                                                                                  
 Time: 495 of 600 seconds.  Estimated final completion at 11:32:56 (in 0.000 days).
                                                                                                  
 Time: 500 of 600 seconds.  Estimated final completion at 11:32:56 (in 0.000 days).
                                                                                                  
 Time: 505 of 600 seconds.  Estimated final completion at 11:32:56 (in 0.000 days).
                                                                                                  
 Time: 510 of 600 seconds.  Estimated final completion at 11:32:56 (in 0.000 days).
                                                                                                  
 Time: 515 of 600 seconds.  Estimated final completion at 11:32:56 (in 0.000 days).
                                                                                                  
 Time: 520 of 600 seconds.  Estimated final completion at 11:32:57 (in 0.000 days).
                                                                                                  
 Time: 525 of 600 seconds.  Estimated final completion at 11:32:56 (in 0.000 days).
                                                                                                  
 Time: 530 of 600 seconds.  Estimated final completion at 11:32:56 (in 0.000 days).
                                                                                                  
 Time: 535 of 600 seconds.  Estimated final completion at 11:32:56 (in 0.000 days).
                                                                                                  
 Time: 540 of 600 seconds.  Estimated final completion at 11:32:56 (in 0.000 days).
                                                                                                  
 Time: 545 of 600 seconds.  Estimated final completion at 11:32:56 (in 0.000 days).
                                                                                                  
 Time: 550 of 600 seconds.  Estimated final completion at 11:32:56 (in 0.000 days).
                                                                                                  
 Time: 555 of 600 seconds.  Estimated final completion at 11:32:56 (in 0.000 days).
                                                                                                  
 Time: 560 of 600 seconds.  Estimated final completion at 11:32:56 (in 0.000 days).
                                                                                                  
 Time: 565 of 600 seconds.  Estimated final completion at 11:32:56 (in 0.000 days).
                                                                                                  
 Time: 570 of 600 seconds.  Estimated final completion at 11:32:56 (in 0.000 days).
                                                                                                  
 Time: 575 of 600 seconds.  Estimated final completion at 11:32:56 (in 0.000 days).
                                                                                                  
 Time: 580 of 600 seconds.  Estimated final completion at 11:32:56 (in 0.000 days).
                                                                                                  
 Time: 585 of 600 seconds.  Estimated final completion at 11:32:56 (in 0.000 days).
                                                                                                  
 Time: 590 of 600 seconds.  Estimated final completion at 11:32:56 (in 0.000 days).
                                                                                                  
 Time: 595 of 600 seconds.  Estimated final completion at 11:32:56 (in 0.000 days).
                                                                                                  
 Time: 600 of 600 seconds.  Estimated final completion at 11:32:56 (in 0.000 days).
                                                                                                  

 Total Real Time:       2.978 minutes
 Total CPU Time:        2.9508 minutes
 Simulation CPU Time:   2.9469 minutes
 Simulated Time:        10 minutes
 Time Ratio (Sim/CPU):  3.3934

 OpenFAST terminated normally.



======================================================================
CASE: 5MW_Land_DLL_WTurb_WS15_Seed01
FST : 5MW_Land_DLL_WTurb\OpenFAST_Case_Outputs\WS15\Seed01\5MW_Land_DLL_WTurb_WS15_Seed01.fst
======================================================================


**************************************************************************************************
OpenFAST

Copyright (C) 2026 National Renewable Energy Laboratory
Copyright (C) 2026 Envision Energy USA LTD

This program is licensed under Apache License Version 2.0 and comes with ABSOLUTELY NO WARRANTY.
See the "LICENSE" file distributed with this software for details.
**************************************************************************************************

OpenFAST-v5.0.0
Compile Info:
 - Compiler: Intel(R) Fortran Compiler 20250302
 - Architecture: 64 bit
 - Precision: single
 - OpenMP: No
 - Date: Mar 13 2026
 - Time: 19:00:22
Execution Info:
 - Date: 09/06/2026
 - Time: 11:32:55+0200

OpenFAST input file heading:
    FAST Certification Test #18: NREL 5.0 MW Baseline Wind Turbine (Onshore)

 Running ElastoDyn.
 Running InflowWind.

   Reading a 31x31 grid (145 m wide, 17.5 m to 162.5 m above ground) with a characteristic wind
   speed of 15 m/s. This full-field file was generated by TurbSim (v2.00.07a-bjj, 14-Jun-2016) on
   02-Sep-2026 at 21:09:20.

   Processed 12194 time steps of 20-Hz grid-field data (609.65 seconds).
 Running AeroDyn.
   AeroDyn: projMod: 1
   Projection: legacy (NoSweepPitchTwist), BEM: legacy (2D)
Warning: Turning off Unsteady Aerodynamics because polar has constant data. (node 1, blade 1)
Warning: Turning off Unsteady Aerodynamics because polar has constant data. (node 2, blade 1)
Warning: Turning off Unsteady Aerodynamics because polar has constant data. (node 3, blade 1)
Warning: Turning off Unsteady Aerodynamics because polar has constant data. (node 4, blade 1)
Warning: Turning off Unsteady Aerodynamics because polar has constant data. (node 1, blade 2)
Warning: Turning off Unsteady Aerodynamics because polar has constant data. (node 2, blade 2)
Warning: Turning off Unsteady Aerodynamics because polar has constant data. (node 3, blade 2)
Warning: Turning off Unsteady Aerodynamics because polar has constant data. (node 4, blade 2)
Warning: Turning off Unsteady Aerodynamics because polar has constant data. (node 1, blade 3)
Warning: Turning off Unsteady Aerodynamics because polar has constant data. (node 2, blade 3)
Warning: Turning off Unsteady Aerodynamics because polar has constant data. (node 3, blade 3)
Warning: Turning off Unsteady Aerodynamics because polar has constant data. (node 4, blade 3)
 Running ServoDyn.
 Running ServoDyn Interface for Bladed Controllers (using Intel Visual Fortran for Windows).
Using legacy Bladed DLL interface.
 Time: 0 of 600 seconds.
                                                                                                  
 Time: 5 of 600 seconds.  Estimated final completion at 11:36:14 (in 0.002 days).
                                                                                                  
 Time: 10 of 600 seconds.  Estimated final completion at 11:35:57 (in 0.002 days).
                                                                                                  
 Time: 15 of 600 seconds.  Estimated final completion at 11:35:56 (in 0.002 days).
                                                                                                  
 Time: 20 of 600 seconds.  Estimated final completion at 11:36:01 (in 0.002 days).
                                                                                                  
 Time: 25 of 600 seconds.  Estimated final completion at 11:35:54 (in 0.002 days).
                                                                                                  
 Time: 30 of 600 seconds.  Estimated final completion at 11:35:57 (in 0.002 days).
                                                                                                  
 Time: 35 of 600 seconds.  Estimated final completion at 11:35:53 (in 0.002 days).
                                                                                                  
 Time: 40 of 600 seconds.  Estimated final completion at 11:35:53 (in 0.002 days).
                                                                                                  
 Time: 45 of 600 seconds.  Estimated final completion at 11:35:52 (in 0.002 days).
                                                                                                  
 Time: 50 of 600 seconds.  Estimated final completion at 11:35:51 (in 0.002 days).
                                                                                                  
 Time: 55 of 600 seconds.  Estimated final completion at 11:35:52 (in 0.002 days).
                                                                                                  
 Time: 60 of 600 seconds.  Estimated final completion at 11:35:52 (in 0.002 days).
                                                                                                  
 Time: 65 of 600 seconds.  Estimated final completion at 11:35:54 (in 0.002 days).
                                                                                                  
 Time: 70 of 600 seconds.  Estimated final completion at 11:35:50 (in 0.002 days).
                                                                                                  
 Time: 75 of 600 seconds.  Estimated final completion at 11:35:52 (in 0.002 days).
                                                                                                  
 Time: 80 of 600 seconds.  Estimated final completion at 11:35:54 (in 0.002 days).
                                                                                                  
 Time: 85 of 600 seconds.  Estimated final completion at 11:35:51 (in 0.002 days).
                                                                                                  
 Time: 90 of 600 seconds.  Estimated final completion at 11:35:51 (in 0.002 days).
                                                                                                  
 Time: 95 of 600 seconds.  Estimated final completion at 11:35:53 (in 0.002 days).
                                                                                                  
 Time: 100 of 600 seconds.  Estimated final completion at 11:35:54 (in 0.002 days).
                                                                                                  
 Time: 105 of 600 seconds.  Estimated final completion at 11:35:52 (in 0.002 days).
                                                                                                  
 Time: 110 of 600 seconds.  Estimated final completion at 11:35:56 (in 0.002 days).
                                                                                                  
 Time: 115 of 600 seconds.  Estimated final completion at 11:35:51 (in 0.002 days).
                                                                                                  
 Time: 120 of 600 seconds.  Estimated final completion at 11:35:52 (in 0.002 days).
                                                                                                  
 Time: 125 of 600 seconds.  Estimated final completion at 11:35:53 (in 0.002 days).
                                                                                                  
 Time: 130 of 600 seconds.  Estimated final completion at 11:35:51 (in 0.002 days).
                                                                                                  
 Time: 135 of 600 seconds.  Estimated final completion at 11:35:53 (in 0.002 days).
                                                                                                  
 Time: 140 of 600 seconds.  Estimated final completion at 11:35:51 (in 0.002 days).
                                                                                                  
 Time: 145 of 600 seconds.  Estimated final completion at 11:35:51 (in 0.002 days).
                                                                                                  
 Time: 150 of 600 seconds.  Estimated final completion at 11:35:53 (in 0.002 days).
                                                                                                  
 Time: 155 of 600 seconds.  Estimated final completion at 11:35:52 (in 0.002 days).
                                                                                                  
 Time: 160 of 600 seconds.  Estimated final completion at 11:35:52 (in 0.001 days).
                                                                                                  
 Time: 165 of 600 seconds.  Estimated final completion at 11:35:53 (in 0.001 days).
                                                                                                  
 Time: 170 of 600 seconds.  Estimated final completion at 11:35:52 (in 0.001 days).
                                                                                                  
 Time: 175 of 600 seconds.  Estimated final completion at 11:35:53 (in 0.001 days).
                                                                                                  
 Time: 180 of 600 seconds.  Estimated final completion at 11:35:52 (in 0.001 days).
                                                                                                  
 Time: 185 of 600 seconds.  Estimated final completion at 11:35:54 (in 0.001 days).
                                                                                                  
 Time: 190 of 600 seconds.  Estimated final completion at 11:35:52 (in 0.001 days).
                                                                                                  
 Time: 195 of 600 seconds.  Estimated final completion at 11:35:52 (in 0.001 days).
                                                                                                  
 Time: 200 of 600 seconds.  Estimated final completion at 11:35:50 (in 0.001 days).
                                                                                                  
 Time: 205 of 600 seconds.  Estimated final completion at 11:35:50 (in 0.001 days).
                                                                                                  
 Time: 210 of 600 seconds.  Estimated final completion at 11:35:53 (in 0.001 days).
                                                                                                  
 Time: 215 of 600 seconds.  Estimated final completion at 11:35:51 (in 0.001 days).
                                                                                                  
 Time: 220 of 600 seconds.  Estimated final completion at 11:35:53 (in 0.001 days).
                                                                                                  
 Time: 225 of 600 seconds.  Estimated final completion at 11:35:53 (in 0.001 days).
                                                                                                  
 Time: 230 of 600 seconds.  Estimated final completion at 11:35:51 (in 0.001 days).
                                                                                                  
 Time: 235 of 600 seconds.  Estimated final completion at 11:35:51 (in 0.001 days).
                                                                                                  
 Time: 240 of 600 seconds.  Estimated final completion at 11:35:51 (in 0.001 days).
                                                                                                  
 Time: 245 of 600 seconds.  Estimated final completion at 11:35:52 (in 0.001 days).
                                                                                                  
 Time: 250 of 600 seconds.  Estimated final completion at 11:35:53 (in 0.001 days).
                                                                                                  
 Time: 255 of 600 seconds.  Estimated final completion at 11:35:53 (in 0.001 days).
                                                                                                  
 Time: 260 of 600 seconds.  Estimated final completion at 11:35:52 (in 0.001 days).
                                                                                                  
 Time: 265 of 600 seconds.  Estimated final completion at 11:35:57 (in 0.001 days).
                                                                                                  
 Time: 270 of 600 seconds.  Estimated final completion at 11:35:53 (in 0.001 days).
                                                                                                  
 Time: 275 of 600 seconds.  Estimated final completion at 11:35:54 (in 0.001 days).
                                                                                                  
 Time: 280 of 600 seconds.  Estimated final completion at 11:35:53 (in 0.001 days).
                                                                                                  
 Time: 285 of 600 seconds.  Estimated final completion at 11:35:52 (in 0.001 days).
                                                                                                  
 Time: 290 of 600 seconds.  Estimated final completion at 11:35:52 (in 0.001 days).
                                                                                                  
 Time: 295 of 600 seconds.  Estimated final completion at 11:35:51 (in 0.001 days).
                                                                                                  
 Time: 300 of 600 seconds.  Estimated final completion at 11:35:56 (in 0.001 days).
                                                                                                  
 Time: 305 of 600 seconds.  Estimated final completion at 11:35:59 (in 0.001 days).
                                                                                                  
 Time: 310 of 600 seconds.  Estimated final completion at 11:35:56 (in 0.001 days).
                                                                                                  
 Time: 315 of 600 seconds.  Estimated final completion at 11:35:54 (in 0.001 days).
                                                                                                  
 Time: 320 of 600 seconds.  Estimated final completion at 11:35:53 (in 0.001 days).
                                                                                                  
 Time: 325 of 600 seconds.  Estimated final completion at 11:35:52 (in 0.001 days).
                                                                                                  
 Time: 330 of 600 seconds.  Estimated final completion at 11:35:54 (in 0.001 days).
                                                                                                  
 Time: 335 of 600 seconds.  Estimated final completion at 11:35:53 (in 0.001 days).
                                                                                                  
 Time: 340 of 600 seconds.  Estimated final completion at 11:35:56 (in 0.001 days).
                                                                                                  
 Time: 345 of 600 seconds.  Estimated final completion at 11:35:55 (in 0.001 days).
                                                                                                  
 Time: 350 of 600 seconds.  Estimated final completion at 11:35:54 (in 0.001 days).
                                                                                                  
 Time: 355 of 600 seconds.  Estimated final completion at 11:35:54 (in 0.001 days).
                                                                                                  
 Time: 360 of 600 seconds.  Estimated final completion at 11:35:53 (in 0.001 days).
                                                                                                  
 Time: 365 of 600 seconds.  Estimated final completion at 11:35:55 (in 0.001 days).
                                                                                                  
 Time: 370 of 600 seconds.  Estimated final completion at 11:35:56 (in 0.001 days).
                                                                                                  
 Time: 375 of 600 seconds.  Estimated final completion at 11:35:53 (in 0.001 days).
                                                                                                  
 Time: 380 of 600 seconds.  Estimated final completion at 11:35:55 (in 0.001 days).
                                                                                                  
 Time: 385 of 600 seconds.  Estimated final completion at 11:35:54 (in 0.001 days).
                                                                                                  
 Time: 390 of 600 seconds.  Estimated final completion at 11:35:53 (in 0.001 days).
                                                                                                  
 Time: 395 of 600 seconds.  Estimated final completion at 11:35:53 (in 0.001 days).
                                                                                                  
 Time: 400 of 600 seconds.  Estimated final completion at 11:35:56 (in 0.001 days).
                                                                                                  
 Time: 405 of 600 seconds.  Estimated final completion at 11:35:53 (in 0.001 days).
                                                                                                  
 Time: 410 of 600 seconds.  Estimated final completion at 11:35:55 (in 0.001 days).
                                                                                                  
 Time: 415 of 600 seconds.  Estimated final completion at 11:35:54 (in 0.001 days).
                                                                                                  
 Time: 420 of 600 seconds.  Estimated final completion at 11:35:53 (in 0.001 days).
                                                                                                  
 Time: 425 of 600 seconds.  Estimated final completion at 11:35:54 (in 0.001 days).
                                                                                                  
 Time: 430 of 600 seconds.  Estimated final completion at 11:35:52 (in 0.001 days).
                                                                                                  
 Time: 435 of 600 seconds.  Estimated final completion at 11:35:55 (in 0.001 days).
                                                                                                  
 Time: 440 of 600 seconds.  Estimated final completion at 11:35:54 (in 0.001 days).
                                                                                                  
 Time: 445 of 600 seconds.  Estimated final completion at 11:35:53 (in 0.001 days).
                                                                                                  
 Time: 450 of 600 seconds.  Estimated final completion at 11:35:53 (in 0.001 days).
                                                                                                  
 Time: 455 of 600 seconds.  Estimated final completion at 11:35:53 (in 0.000 days).
                                                                                                  
 Time: 460 of 600 seconds.  Estimated final completion at 11:35:55 (in 0.000 days).
                                                                                                  
 Time: 465 of 600 seconds.  Estimated final completion at 11:35:55 (in 0.000 days).
                                                                                                  
 Time: 470 of 600 seconds.  Estimated final completion at 11:35:57 (in 0.000 days).
                                                                                                  
 Time: 475 of 600 seconds.  Estimated final completion at 11:35:55 (in 0.000 days).
                                                                                                  
 Time: 480 of 600 seconds.  Estimated final completion at 11:35:55 (in 0.000 days).
                                                                                                  
 Time: 485 of 600 seconds.  Estimated final completion at 11:35:54 (in 0.000 days).
                                                                                                  
 Time: 490 of 600 seconds.  Estimated final completion at 11:35:54 (in 0.000 days).
                                                                                                  
 Time: 495 of 600 seconds.  Estimated final completion at 11:35:54 (in 0.000 days).
                                                                                                  
 Time: 500 of 600 seconds.  Estimated final completion at 11:35:54 (in 0.000 days).
                                                                                                  
 Time: 505 of 600 seconds.  Estimated final completion at 11:35:54 (in 0.000 days).
                                                                                                  
 Time: 510 of 600 seconds.  Estimated final completion at 11:35:54 (in 0.000 days).
                                                                                                  
 Time: 515 of 600 seconds.  Estimated final completion at 11:35:54 (in 0.000 days).
                                                                                                  
 Time: 520 of 600 seconds.  Estimated final completion at 11:35:56 (in 0.000 days).
                                                                                                  
 Time: 525 of 600 seconds.  Estimated final completion at 11:35:55 (in 0.000 days).
                                                                                                  
 Time: 530 of 600 seconds.  Estimated final completion at 11:35:55 (in 0.000 days).
                                                                                                  
 Time: 535 of 600 seconds.  Estimated final completion at 11:35:54 (in 0.000 days).
                                                                                                  
 Time: 540 of 600 seconds.  Estimated final completion at 11:35:55 (in 0.000 days).
                                                                                                  
 Time: 545 of 600 seconds.  Estimated final completion at 11:35:55 (in 0.000 days).
                                                                                                  
 Time: 550 of 600 seconds.  Estimated final completion at 11:35:54 (in 0.000 days).
                                                                                                  
 Time: 555 of 600 seconds.  Estimated final completion at 11:35:54 (in 0.000 days).
                                                                                                  
 Time: 560 of 600 seconds.  Estimated final completion at 11:35:54 (in 0.000 days).
                                                                                                  
 Time: 565 of 600 seconds.  Estimated final completion at 11:35:54 (in 0.000 days).
                                                                                                  
 Time: 570 of 600 seconds.  Estimated final completion at 11:35:54 (in 0.000 days).
                                                                                                  
 Time: 575 of 600 seconds.  Estimated final completion at 11:35:54 (in 0.000 days).
                                                                                                  
 Time: 580 of 600 seconds.  Estimated final completion at 11:35:54 (in 0.000 days).
                                                                                                  
 Time: 585 of 600 seconds.  Estimated final completion at 11:35:54 (in 0.000 days).
                                                                                                  
 Time: 590 of 600 seconds.  Estimated final completion at 11:35:54 (in 0.000 days).
                                                                                                  
 Time: 595 of 600 seconds.  Estimated final completion at 11:35:54 (in 0.000 days).
                                                                                                  
 Time: 600 of 600 seconds.  Estimated final completion at 11:35:54 (in 0.000 days).
                                                                                                  

 Total Real Time:       2.9708 minutes
 Total CPU Time:        2.9406 minutes
 Simulation CPU Time:   2.9372 minutes
 Simulated Time:        10 minutes
 Time Ratio (Sim/CPU):  3.4046

 OpenFAST terminated normally.



======================================================================
CASE: 5MW_Land_DLL_WTurb_WS15_Seed02
FST : 5MW_Land_DLL_WTurb\OpenFAST_Case_Outputs\WS15\Seed02\5MW_Land_DLL_WTurb_WS15_Seed02.fst
======================================================================


**************************************************************************************************
OpenFAST

Copyright (C) 2026 National Renewable Energy Laboratory
Copyright (C) 2026 Envision Energy USA LTD

This program is licensed under Apache License Version 2.0 and comes with ABSOLUTELY NO WARRANTY.
See the "LICENSE" file distributed with this software for details.
**************************************************************************************************

OpenFAST-v5.0.0
Compile Info:
 - Compiler: Intel(R) Fortran Compiler 20250302
 - Architecture: 64 bit
 - Precision: single
 - OpenMP: No
 - Date: Mar 13 2026
 - Time: 19:00:22
Execution Info:
 - Date: 09/06/2026
 - Time: 11:35:54+0200

OpenFAST input file heading:
    FAST Certification Test #18: NREL 5.0 MW Baseline Wind Turbine (Onshore)

 Running ElastoDyn.
 Running InflowWind.

   Reading a 31x31 grid (145 m wide, 17.5 m to 162.5 m above ground) with a characteristic wind
   speed of 15 m/s. This full-field file was generated by TurbSim (v2.00.07a-bjj, 14-Jun-2016) on
   02-Sep-2026 at 21:11:55.

   Processed 12194 time steps of 20-Hz grid-field data (609.65 seconds).
 Running AeroDyn.
   AeroDyn: projMod: 1
   Projection: legacy (NoSweepPitchTwist), BEM: legacy (2D)
Warning: Turning off Unsteady Aerodynamics because polar has constant data. (node 1, blade 1)
Warning: Turning off Unsteady Aerodynamics because polar has constant data. (node 2, blade 1)
Warning: Turning off Unsteady Aerodynamics because polar has constant data. (node 3, blade 1)
Warning: Turning off Unsteady Aerodynamics because polar has constant data. (node 4, blade 1)
Warning: Turning off Unsteady Aerodynamics because polar has constant data. (node 1, blade 2)
Warning: Turning off Unsteady Aerodynamics because polar has constant data. (node 2, blade 2)
Warning: Turning off Unsteady Aerodynamics because polar has constant data. (node 3, blade 2)
Warning: Turning off Unsteady Aerodynamics because polar has constant data. (node 4, blade 2)
Warning: Turning off Unsteady Aerodynamics because polar has constant data. (node 1, blade 3)
Warning: Turning off Unsteady Aerodynamics because polar has constant data. (node 2, blade 3)
Warning: Turning off Unsteady Aerodynamics because polar has constant data. (node 3, blade 3)
Warning: Turning off Unsteady Aerodynamics because polar has constant data. (node 4, blade 3)
 Running ServoDyn.
 Running ServoDyn Interface for Bladed Controllers (using Intel Visual Fortran for Windows).
Using legacy Bladed DLL interface.
 Time: 0 of 600 seconds.
                                                                                                  
 Time: 5 of 600 seconds.  Estimated final completion at 11:38:58 (in 0.002 days).
                                                                                                  
 Time: 10 of 600 seconds.  Estimated final completion at 11:38:52 (in 0.002 days).
                                                                                                  
 Time: 15 of 600 seconds.  Estimated final completion at 11:38:50 (in 0.002 days).
                                                                                                  
 Time: 20 of 600 seconds.  Estimated final completion at 11:38:50 (in 0.002 days).
                                                                                                  
 Time: 25 of 600 seconds.  Estimated final completion at 11:38:52 (in 0.002 days).
                                                                                                  
 Time: 30 of 600 seconds.  Estimated final completion at 11:38:52 (in 0.002 days).
                                                                                                  
 Time: 35 of 600 seconds.  Estimated final completion at 11:38:50 (in 0.002 days).
                                                                                                  
 Time: 40 of 600 seconds.  Estimated final completion at 11:38:49 (in 0.002 days).
                                                                                                  
 Time: 45 of 600 seconds.  Estimated final completion at 11:38:48 (in 0.002 days).
                                                                                                  
 Time: 50 of 600 seconds.  Estimated final completion at 11:38:49 (in 0.002 days).
                                                                                                  
 Time: 55 of 600 seconds.  Estimated final completion at 11:38:51 (in 0.002 days).
                                                                                                  
 Time: 60 of 600 seconds.  Estimated final completion at 11:38:48 (in 0.002 days).
                                                                                                  
 Time: 65 of 600 seconds.  Estimated final completion at 11:38:51 (in 0.002 days).
                                                                                                  
 Time: 70 of 600 seconds.  Estimated final completion at 11:38:53 (in 0.002 days).
                                                                                                  
 Time: 75 of 600 seconds.  Estimated final completion at 11:38:50 (in 0.002 days).
                                                                                                  
 Time: 80 of 600 seconds.  Estimated final completion at 11:38:51 (in 0.002 days).
                                                                                                  
 Time: 85 of 600 seconds.  Estimated final completion at 11:38:49 (in 0.002 days).
                                                                                                  
 Time: 90 of 600 seconds.  Estimated final completion at 11:38:50 (in 0.002 days).
                                                                                                  
 Time: 95 of 600 seconds.  Estimated final completion at 11:38:51 (in 0.002 days).
                                                                                                  
 Time: 100 of 600 seconds.  Estimated final completion at 11:38:51 (in 0.002 days).
                                                                                                  
 Time: 105 of 600 seconds.  Estimated final completion at 11:38:51 (in 0.002 days).
                                                                                                  
 Time: 110 of 600 seconds.  Estimated final completion at 11:38:51 (in 0.002 days).
                                                                                                  
 Time: 115 of 600 seconds.  Estimated final completion at 11:38:50 (in 0.002 days).
                                                                                                  
 Time: 120 of 600 seconds.  Estimated final completion at 11:38:52 (in 0.002 days).
                                                                                                  
 Time: 125 of 600 seconds.  Estimated final completion at 11:38:51 (in 0.002 days).
                                                                                                  
 Time: 130 of 600 seconds.  Estimated final completion at 11:38:50 (in 0.002 days).
                                                                                                  
 Time: 135 of 600 seconds.  Estimated final completion at 11:38:51 (in 0.002 days).
                                                                                                  
 Time: 140 of 600 seconds.  Estimated final completion at 11:38:50 (in 0.002 days).
                                                                                                  
 Time: 145 of 600 seconds.  Estimated final completion at 11:38:51 (in 0.002 days).
                                                                                                  
 Time: 150 of 600 seconds.  Estimated final completion at 11:38:51 (in 0.002 days).
                                                                                                  
 Time: 155 of 600 seconds.  Estimated final completion at 11:38:50 (in 0.002 days).
                                                                                                  
 Time: 160 of 600 seconds.  Estimated final completion at 11:38:50 (in 0.001 days).
                                                                                                  
 Time: 165 of 600 seconds.  Estimated final completion at 11:38:52 (in 0.001 days).
                                                                                                  
 Time: 170 of 600 seconds.  Estimated final completion at 11:38:52 (in 0.001 days).
                                                                                                  
 Time: 175 of 600 seconds.  Estimated final completion at 11:38:52 (in 0.001 days).
                                                                                                  
 Time: 180 of 600 seconds.  Estimated final completion at 11:38:52 (in 0.001 days).
                                                                                                  
 Time: 185 of 600 seconds.  Estimated final completion at 11:38:51 (in 0.001 days).
                                                                                                  
 Time: 190 of 600 seconds.  Estimated final completion at 11:38:49 (in 0.001 days).
                                                                                                  
 Time: 195 of 600 seconds.  Estimated final completion at 11:38:50 (in 0.001 days).
                                                                                                  
 Time: 200 of 600 seconds.  Estimated final completion at 11:38:52 (in 0.001 days).
                                                                                                  
 Time: 205 of 600 seconds.  Estimated final completion at 11:38:49 (in 0.001 days).
                                                                                                  
 Time: 210 of 600 seconds.  Estimated final completion at 11:38:51 (in 0.001 days).
                                                                                                  
 Time: 215 of 600 seconds.  Estimated final completion at 11:38:50 (in 0.001 days).
                                                                                                  
 Time: 220 of 600 seconds.  Estimated final completion at 11:38:50 (in 0.001 days).
                                                                                                  
 Time: 225 of 600 seconds.  Estimated final completion at 11:38:51 (in 0.001 days).
                                                                                                  
 Time: 230 of 600 seconds.  Estimated final completion at 11:38:50 (in 0.001 days).
                                                                                                  
 Time: 235 of 600 seconds.  Estimated final completion at 11:38:51 (in 0.001 days).
                                                                                                  
 Time: 240 of 600 seconds.  Estimated final completion at 11:38:50 (in 0.001 days).
                                                                                                  
 Time: 245 of 600 seconds.  Estimated final completion at 11:38:51 (in 0.001 days).
                                                                                                  
 Time: 250 of 600 seconds.  Estimated final completion at 11:38:49 (in 0.001 days).
                                                                                                  
 Time: 255 of 600 seconds.  Estimated final completion at 11:38:50 (in 0.001 days).
                                                                                                  
 Time: 260 of 600 seconds.  Estimated final completion at 11:38:52 (in 0.001 days).
                                                                                                  
 Time: 265 of 600 seconds.  Estimated final completion at 11:38:50 (in 0.001 days).
                                                                                                  
 Time: 270 of 600 seconds.  Estimated final completion at 11:38:50 (in 0.001 days).
                                                                                                  
 Time: 275 of 600 seconds.  Estimated final completion at 11:38:50 (in 0.001 days).
                                                                                                  
 Time: 280 of 600 seconds.  Estimated final completion at 11:38:50 (in 0.001 days).
                                                                                                  
 Time: 285 of 600 seconds.  Estimated final completion at 11:38:50 (in 0.001 days).
                                                                                                  
 Time: 290 of 600 seconds.  Estimated final completion at 11:38:52 (in 0.001 days).
                                                                                                  
 Time: 295 of 600 seconds.  Estimated final completion at 11:38:50 (in 0.001 days).
                                                                                                  
 Time: 300 of 600 seconds.  Estimated final completion at 11:38:50 (in 0.001 days).
                                                                                                  
 Time: 305 of 600 seconds.  Estimated final completion at 11:38:50 (in 0.001 days).
                                                                                                  
 Time: 310 of 600 seconds.  Estimated final completion at 11:38:50 (in 0.001 days).
                                                                                                  
 Time: 315 of 600 seconds.  Estimated final completion at 11:38:51 (in 0.001 days).
                                                                                                  
 Time: 320 of 600 seconds.  Estimated final completion at 11:38:50 (in 0.001 days).
                                                                                                  
 Time: 325 of 600 seconds.  Estimated final completion at 11:38:51 (in 0.001 days).
                                                                                                  
 Time: 330 of 600 seconds.  Estimated final completion at 11:38:51 (in 0.001 days).
                                                                                                  
 Time: 335 of 600 seconds.  Estimated final completion at 11:38:49 (in 0.001 days).
                                                                                                  
 Time: 340 of 600 seconds.  Estimated final completion at 11:38:50 (in 0.001 days).
                                                                                                  
 Time: 345 of 600 seconds.  Estimated final completion at 11:38:50 (in 0.001 days).
                                                                                                  
 Time: 350 of 600 seconds.  Estimated final completion at 11:38:50 (in 0.001 days).
                                                                                                  
 Time: 355 of 600 seconds.  Estimated final completion at 11:38:50 (in 0.001 days).
                                                                                                  
 Time: 360 of 600 seconds.  Estimated final completion at 11:38:52 (in 0.001 days).
                                                                                                  
 Time: 365 of 600 seconds.  Estimated final completion at 11:38:51 (in 0.001 days).
                                                                                                  
 Time: 370 of 600 seconds.  Estimated final completion at 11:38:51 (in 0.001 days).
                                                                                                  
 Time: 375 of 600 seconds.  Estimated final completion at 11:38:51 (in 0.001 days).
                                                                                                  
 Time: 380 of 600 seconds.  Estimated final completion at 11:38:52 (in 0.001 days).
                                                                                                  
 Time: 385 of 600 seconds.  Estimated final completion at 11:38:51 (in 0.001 days).
                                                                                                  
 Time: 390 of 600 seconds.  Estimated final completion at 11:38:51 (in 0.001 days).
                                                                                                  
 Time: 395 of 600 seconds.  Estimated final completion at 11:38:52 (in 0.001 days).
                                                                                                  
 Time: 400 of 600 seconds.  Estimated final completion at 11:38:52 (in 0.001 days).
                                                                                                  
 Time: 405 of 600 seconds.  Estimated final completion at 11:38:53 (in 0.001 days).
                                                                                                  
 Time: 410 of 600 seconds.  Estimated final completion at 11:38:51 (in 0.001 days).
                                                                                                  
 Time: 415 of 600 seconds.  Estimated final completion at 11:38:52 (in 0.001 days).
                                                                                                  
 Time: 420 of 600 seconds.  Estimated final completion at 11:38:51 (in 0.001 days).
                                                                                                  
 Time: 425 of 600 seconds.  Estimated final completion at 11:38:51 (in 0.001 days).
                                                                                                  
 Time: 430 of 600 seconds.  Estimated final completion at 11:38:51 (in 0.001 days).
                                                                                                  
 Time: 435 of 600 seconds.  Estimated final completion at 11:38:51 (in 0.001 days).
                                                                                                  
 Time: 440 of 600 seconds.  Estimated final completion at 11:38:51 (in 0.001 days).
                                                                                                  
 Time: 445 of 600 seconds.  Estimated final completion at 11:38:51 (in 0.001 days).
                                                                                                  
 Time: 450 of 600 seconds.  Estimated final completion at 11:38:52 (in 0.001 days).
                                                                                                  
 Time: 455 of 600 seconds.  Estimated final completion at 11:38:52 (in 0.001 days).
                                                                                                  
 Time: 460 of 600 seconds.  Estimated final completion at 11:38:52 (in 0.000 days).
                                                                                                  
 Time: 465 of 600 seconds.  Estimated final completion at 11:38:52 (in 0.000 days).
                                                                                                  
 Time: 470 of 600 seconds.  Estimated final completion at 11:38:51 (in 0.000 days).
                                                                                                  
 Time: 475 of 600 seconds.  Estimated final completion at 11:38:51 (in 0.000 days).
                                                                                                  
 Time: 480 of 600 seconds.  Estimated final completion at 11:38:51 (in 0.000 days).
                                                                                                  
 Time: 485 of 600 seconds.  Estimated final completion at 11:38:53 (in 0.000 days).
                                                                                                  
 Time: 490 of 600 seconds.  Estimated final completion at 11:38:51 (in 0.000 days).
                                                                                                  
 Time: 495 of 600 seconds.  Estimated final completion at 11:38:51 (in 0.000 days).
                                                                                                  
 Time: 500 of 600 seconds.  Estimated final completion at 11:38:51 (in 0.000 days).
                                                                                                  
 Time: 505 of 600 seconds.  Estimated final completion at 11:38:51 (in 0.000 days).
                                                                                                  
 Time: 510 of 600 seconds.  Estimated final completion at 11:38:51 (in 0.000 days).
                                                                                                  
 Time: 515 of 600 seconds.  Estimated final completion at 11:38:52 (in 0.000 days).
                                                                                                  
 Time: 520 of 600 seconds.  Estimated final completion at 11:38:51 (in 0.000 days).
                                                                                                  
 Time: 525 of 600 seconds.  Estimated final completion at 11:38:51 (in 0.000 days).
                                                                                                  
 Time: 530 of 600 seconds.  Estimated final completion at 11:38:52 (in 0.000 days).
                                                                                                  
 Time: 535 of 600 seconds.  Estimated final completion at 11:38:51 (in 0.000 days).
                                                                                                  
 Time: 540 of 600 seconds.  Estimated final completion at 11:38:51 (in 0.000 days).
                                                                                                  
 Time: 545 of 600 seconds.  Estimated final completion at 11:38:51 (in 0.000 days).
                                                                                                  
 Time: 550 of 600 seconds.  Estimated final completion at 11:38:51 (in 0.000 days).
                                                                                                  
 Time: 555 of 600 seconds.  Estimated final completion at 11:38:51 (in 0.000 days).
                                                                                                  
 Time: 560 of 600 seconds.  Estimated final completion at 11:38:51 (in 0.000 days).
                                                                                                  
 Time: 565 of 600 seconds.  Estimated final completion at 11:38:51 (in 0.000 days).
                                                                                                  
 Time: 570 of 600 seconds.  Estimated final completion at 11:38:51 (in 0.000 days).
                                                                                                  
 Time: 575 of 600 seconds.  Estimated final completion at 11:38:51 (in 0.000 days).
                                                                                                  
 Time: 580 of 600 seconds.  Estimated final completion at 11:38:51 (in 0.000 days).
                                                                                                  
 Time: 585 of 600 seconds.  Estimated final completion at 11:38:51 (in 0.000 days).
                                                                                                  
 Time: 590 of 600 seconds.  Estimated final completion at 11:38:51 (in 0.000 days).
                                                                                                  
 Time: 595 of 600 seconds.  Estimated final completion at 11:38:51 (in 0.000 days).
                                                                                                  
 Time: 600 of 600 seconds.  Estimated final completion at 11:38:51 (in 0.000 days).
                                                                                                  

 Total Real Time:       2.9528 minutes
 Total CPU Time:        2.9255 minutes
 Simulation CPU Time:   2.9203 minutes
 Simulated Time:        10 minutes
 Time Ratio (Sim/CPU):  3.4243

 OpenFAST terminated normally.



======================================================================
CASE: 5MW_Land_DLL_WTurb_WS15_Seed03
FST : 5MW_Land_DLL_WTurb\OpenFAST_Case_Outputs\WS15\Seed03\5MW_Land_DLL_WTurb_WS15_Seed03.fst
======================================================================


**************************************************************************************************
OpenFAST

Copyright (C) 2026 National Renewable Energy Laboratory
Copyright (C) 2026 Envision Energy USA LTD

This program is licensed under Apache License Version 2.0 and comes with ABSOLUTELY NO WARRANTY.
See the "LICENSE" file distributed with this software for details.
**************************************************************************************************

OpenFAST-v5.0.0
Compile Info:
 - Compiler: Intel(R) Fortran Compiler 20250302
 - Architecture: 64 bit
 - Precision: single
 - OpenMP: No
 - Date: Mar 13 2026
 - Time: 19:00:22
Execution Info:
 - Date: 09/06/2026
 - Time: 11:38:51+0200

OpenFAST input file heading:
    FAST Certification Test #18: NREL 5.0 MW Baseline Wind Turbine (Onshore)

 Running ElastoDyn.
 Running InflowWind.

   Reading a 31x31 grid (145 m wide, 17.5 m to 162.5 m above ground) with a characteristic wind
   speed of 15 m/s. This full-field file was generated by TurbSim (v2.00.07a-bjj, 14-Jun-2016) on
   02-Sep-2026 at 21:16:10.

   Processed 12194 time steps of 20-Hz grid-field data (609.65 seconds).
 Running AeroDyn.
   AeroDyn: projMod: 1
   Projection: legacy (NoSweepPitchTwist), BEM: legacy (2D)
Warning: Turning off Unsteady Aerodynamics because polar has constant data. (node 1, blade 1)
Warning: Turning off Unsteady Aerodynamics because polar has constant data. (node 2, blade 1)
Warning: Turning off Unsteady Aerodynamics because polar has constant data. (node 3, blade 1)
Warning: Turning off Unsteady Aerodynamics because polar has constant data. (node 4, blade 1)
Warning: Turning off Unsteady Aerodynamics because polar has constant data. (node 1, blade 2)
Warning: Turning off Unsteady Aerodynamics because polar has constant data. (node 2, blade 2)
Warning: Turning off Unsteady Aerodynamics because polar has constant data. (node 3, blade 2)
Warning: Turning off Unsteady Aerodynamics because polar has constant data. (node 4, blade 2)
Warning: Turning off Unsteady Aerodynamics because polar has constant data. (node 1, blade 3)
Warning: Turning off Unsteady Aerodynamics because polar has constant data. (node 2, blade 3)
Warning: Turning off Unsteady Aerodynamics because polar has constant data. (node 3, blade 3)
Warning: Turning off Unsteady Aerodynamics because polar has constant data. (node 4, blade 3)
 Running ServoDyn.
 Running ServoDyn Interface for Bladed Controllers (using Intel Visual Fortran for Windows).
Using legacy Bladed DLL interface.
 Time: 0 of 600 seconds.

FAST_Solution:FAST_UpdateStates:Solver_Step:FAST_UpdateStates:AD_UpdateStates:BEMT_UpdateStates(no
de 19, blade 2):UA_UpdateStates:UA_UpdateDiscOtherState:ComputeKelvinChain:Mach number exceeds
0.3. Theory is invalid. This warning will not be repeated though the condition may persist.

                                                                                                  
 Time: 5 of 600 seconds.  Estimated final completion at 11:41:58 (in 0.002 days).
                                                                                                  
 Time: 10 of 600 seconds.  Estimated final completion at 11:41:57 (in 0.002 days).
                                                                                                  
 Time: 15 of 600 seconds.  Estimated final completion at 11:41:47 (in 0.002 days).
                                                                                                  
 Time: 20 of 600 seconds.  Estimated final completion at 11:41:46 (in 0.002 days).
                                                                                                  
 Time: 25 of 600 seconds.  Estimated final completion at 11:41:52 (in 0.002 days).
                                                                                                  
 Time: 30 of 600 seconds.  Estimated final completion at 11:41:46 (in 0.002 days).
                                                                                                  
 Time: 35 of 600 seconds.  Estimated final completion at 11:41:45 (in 0.002 days).
                                                                                                  
 Time: 40 of 600 seconds.  Estimated final completion at 11:41:50 (in 0.002 days).
                                                                                                  
 Time: 45 of 600 seconds.  Estimated final completion at 11:41:49 (in 0.002 days).
                                                                                                  
 Time: 50 of 600 seconds.  Estimated final completion at 11:41:45 (in 0.002 days).
                                                                                                  
 Time: 55 of 600 seconds.  Estimated final completion at 11:41:47 (in 0.002 days).
                                                                                                  
 Time: 60 of 600 seconds.  Estimated final completion at 11:41:47 (in 0.002 days).
                                                                                                  
 Time: 65 of 600 seconds.  Estimated final completion at 11:41:48 (in 0.002 days).
                                                                                                  
 Time: 70 of 600 seconds.  Estimated final completion at 11:41:47 (in 0.002 days).
                                                                                                  
 Time: 75 of 600 seconds.  Estimated final completion at 11:41:48 (in 0.002 days).
                                                                                                  
 Time: 80 of 600 seconds.  Estimated final completion at 11:41:46 (in 0.002 days).
                                                                                                  
 Time: 85 of 600 seconds.  Estimated final completion at 11:41:53 (in 0.002 days).
                                                                                                  
 Time: 90 of 600 seconds.  Estimated final completion at 11:41:48 (in 0.002 days).
                                                                                                  
 Time: 95 of 600 seconds.  Estimated final completion at 11:41:47 (in 0.002 days).
                                                                                                  
 Time: 100 of 600 seconds.  Estimated final completion at 11:41:46 (in 0.002 days).
                                                                                                  
 Time: 105 of 600 seconds.  Estimated final completion at 11:41:47 (in 0.002 days).
                                                                                                  
 Time: 110 of 600 seconds.  Estimated final completion at 11:41:49 (in 0.002 days).
                                                                                                  
 Time: 115 of 600 seconds.  Estimated final completion at 11:41:46 (in 0.002 days).
                                                                                                  
 Time: 120 of 600 seconds.  Estimated final completion at 11:41:49 (in 0.002 days).
                                                                                                  
 Time: 125 of 600 seconds.  Estimated final completion at 11:41:48 (in 0.002 days).
                                                                                                  
 Time: 130 of 600 seconds.  Estimated final completion at 11:41:48 (in 0.002 days).
                                                                                                  
 Time: 135 of 600 seconds.  Estimated final completion at 11:41:48 (in 0.002 days).
                                                                                                  
 Time: 140 of 600 seconds.  Estimated final completion at 11:41:48 (in 0.002 days).
                                                                                                  
 Time: 145 of 600 seconds.  Estimated final completion at 11:41:48 (in 0.002 days).
                                                                                                  
 Time: 150 of 600 seconds.  Estimated final completion at 11:41:47 (in 0.002 days).
                                                                                                  
 Time: 155 of 600 seconds.  Estimated final completion at 11:41:47 (in 0.002 days).
                                                                                                  
 Time: 160 of 600 seconds.  Estimated final completion at 11:41:46 (in 0.001 days).
                                                                                                  
 Time: 165 of 600 seconds.  Estimated final completion at 11:41:53 (in 0.002 days).
                                                                                                  
 Time: 170 of 600 seconds.  Estimated final completion at 11:41:52 (in 0.002 days).
                                                                                                  
 Time: 175 of 600 seconds.  Estimated final completion at 11:41:48 (in 0.001 days).
                                                                                                  
 Time: 180 of 600 seconds.  Estimated final completion at 11:41:48 (in 0.001 days).
                                                                                                  
 Time: 185 of 600 seconds.  Estimated final completion at 11:41:53 (in 0.001 days).
                                                                                                  
 Time: 190 of 600 seconds.  Estimated final completion at 11:41:48 (in 0.001 days).
                                                                                                  
 Time: 195 of 600 seconds.  Estimated final completion at 11:41:49 (in 0.001 days).
                                                                                                  
 Time: 200 of 600 seconds.  Estimated final completion at 11:41:53 (in 0.001 days).
                                                                                                  
 Time: 205 of 600 seconds.  Estimated final completion at 11:41:52 (in 0.001 days).
                                                                                                  
 Time: 210 of 600 seconds.  Estimated final completion at 11:41:49 (in 0.001 days).
                                                                                                  
 Time: 215 of 600 seconds.  Estimated final completion at 11:41:49 (in 0.001 days).
                                                                                                  
 Time: 220 of 600 seconds.  Estimated final completion at 11:41:49 (in 0.001 days).
                                                                                                  
 Time: 225 of 600 seconds.  Estimated final completion at 11:41:51 (in 0.001 days).
                                                                                                  
 Time: 230 of 600 seconds.  Estimated final completion at 11:41:48 (in 0.001 days).
                                                                                                  
 Time: 235 of 600 seconds.  Estimated final completion at 11:41:49 (in 0.001 days).
                                                                                                  
 Time: 240 of 600 seconds.  Estimated final completion at 11:41:47 (in 0.001 days).
                                                                                                  
 Time: 245 of 600 seconds.  Estimated final completion at 11:41:51 (in 0.001 days).
                                                                                                  
 Time: 250 of 600 seconds.  Estimated final completion at 11:41:53 (in 0.001 days).
                                                                                                  
 Time: 255 of 600 seconds.  Estimated final completion at 11:41:48 (in 0.001 days).
                                                                                                  
 Time: 260 of 600 seconds.  Estimated final completion at 11:41:50 (in 0.001 days).
                                                                                                  
 Time: 265 of 600 seconds.  Estimated final completion at 11:41:48 (in 0.001 days).
                                                                                                  
 Time: 270 of 600 seconds.  Estimated final completion at 11:41:48 (in 0.001 days).
                                                                                                  
 Time: 275 of 600 seconds.  Estimated final completion at 11:41:51 (in 0.001 days).
                                                                                                  
 Time: 280 of 600 seconds.  Estimated final completion at 11:41:48 (in 0.001 days).
                                                                                                  
 Time: 285 of 600 seconds.  Estimated final completion at 11:41:48 (in 0.001 days).
                                                                                                  
 Time: 290 of 600 seconds.  Estimated final completion at 11:41:48 (in 0.001 days).
                                                                                                  
 Time: 295 of 600 seconds.  Estimated final completion at 11:41:48 (in 0.001 days).
                                                                                                  
 Time: 300 of 600 seconds.  Estimated final completion at 11:41:49 (in 0.001 days).
                                                                                                  
 Time: 305 of 600 seconds.  Estimated final completion at 11:41:48 (in 0.001 days).
                                                                                                  
 Time: 310 of 600 seconds.  Estimated final completion at 11:41:51 (in 0.001 days).
                                                                                                  
 Time: 315 of 600 seconds.  Estimated final completion at 11:41:51 (in 0.001 days).
                                                                                                  
 Time: 320 of 600 seconds.  Estimated final completion at 11:41:49 (in 0.001 days).
                                                                                                  
 Time: 325 of 600 seconds.  Estimated final completion at 11:41:49 (in 0.001 days).
                                                                                                  
 Time: 330 of 600 seconds.  Estimated final completion at 11:41:47 (in 0.001 days).
                                                                                                  
 Time: 335 of 600 seconds.  Estimated final completion at 11:41:49 (in 0.001 days).
                                                                                                  
 Time: 340 of 600 seconds.  Estimated final completion at 11:41:48 (in 0.001 days).
                                                                                                  
 Time: 345 of 600 seconds.  Estimated final completion at 11:41:49 (in 0.001 days).
                                                                                                  
 Time: 350 of 600 seconds.  Estimated final completion at 11:41:49 (in 0.001 days).
                                                                                                  
 Time: 355 of 600 seconds.  Estimated final completion at 11:41:47 (in 0.001 days).
                                                                                                  
 Time: 360 of 600 seconds.  Estimated final completion at 11:41:48 (in 0.001 days).
                                                                                                  
 Time: 365 of 600 seconds.  Estimated final completion at 11:41:48 (in 0.001 days).
                                                                                                  
 Time: 370 of 600 seconds.  Estimated final completion at 11:41:48 (in 0.001 days).
                                                                                                  
 Time: 375 of 600 seconds.  Estimated final completion at 11:41:48 (in 0.001 days).
                                                                                                  
 Time: 380 of 600 seconds.  Estimated final completion at 11:41:47 (in 0.001 days).
                                                                                                  
 Time: 385 of 600 seconds.  Estimated final completion at 11:41:47 (in 0.001 days).
                                                                                                  
 Time: 390 of 600 seconds.  Estimated final completion at 11:41:49 (in 0.001 days).
                                                                                                  
 Time: 395 of 600 seconds.  Estimated final completion at 11:41:48 (in 0.001 days).
                                                                                                  
 Time: 400 of 600 seconds.  Estimated final completion at 11:41:49 (in 0.001 days).
                                                                                                  
 Time: 405 of 600 seconds.  Estimated final completion at 11:41:49 (in 0.001 days).
                                                                                                  
 Time: 410 of 600 seconds.  Estimated final completion at 11:41:48 (in 0.001 days).
                                                                                                  
 Time: 415 of 600 seconds.  Estimated final completion at 11:41:48 (in 0.001 days).
                                                                                                  
 Time: 420 of 600 seconds.  Estimated final completion at 11:41:49 (in 0.001 days).
                                                                                                  
 Time: 425 of 600 seconds.  Estimated final completion at 11:41:49 (in 0.001 days).
                                                                                                  
 Time: 430 of 600 seconds.  Estimated final completion at 11:41:48 (in 0.001 days).
                                                                                                  
 Time: 435 of 600 seconds.  Estimated final completion at 11:41:48 (in 0.001 days).
                                                                                                  
 Time: 440 of 600 seconds.  Estimated final completion at 11:41:48 (in 0.001 days).
                                                                                                  
 Time: 445 of 600 seconds.  Estimated final completion at 11:41:48 (in 0.001 days).
                                                                                                  
 Time: 450 of 600 seconds.  Estimated final completion at 11:41:48 (in 0.001 days).
                                                                                                  
 Time: 455 of 600 seconds.  Estimated final completion at 11:41:49 (in 0.000 days).
                                                                                                  
 Time: 460 of 600 seconds.  Estimated final completion at 11:41:48 (in 0.000 days).
                                                                                                  
 Time: 465 of 600 seconds.  Estimated final completion at 11:41:48 (in 0.000 days).
                                                                                                  
 Time: 470 of 600 seconds.  Estimated final completion at 11:41:48 (in 0.000 days).
                                                                                                  
 Time: 475 of 600 seconds.  Estimated final completion at 11:41:48 (in 0.000 days).
                                                                                                  
 Time: 480 of 600 seconds.  Estimated final completion at 11:41:48 (in 0.000 days).
                                                                                                  
 Time: 485 of 600 seconds.  Estimated final completion at 11:41:48 (in 0.000 days).
                                                                                                  
 Time: 490 of 600 seconds.  Estimated final completion at 11:41:50 (in 0.000 days).
                                                                                                  
 Time: 495 of 600 seconds.  Estimated final completion at 11:41:50 (in 0.000 days).
                                                                                                  
 Time: 500 of 600 seconds.  Estimated final completion at 11:41:50 (in 0.000 days).
                                                                                                  
 Time: 505 of 600 seconds.  Estimated final completion at 11:41:50 (in 0.000 days).
                                                                                                  
 Time: 510 of 600 seconds.  Estimated final completion at 11:41:49 (in 0.000 days).
                                                                                                  
 Time: 515 of 600 seconds.  Estimated final completion at 11:41:49 (in 0.000 days).
                                                                                                  
 Time: 520 of 600 seconds.  Estimated final completion at 11:41:49 (in 0.000 days).
                                                                                                  
 Time: 525 of 600 seconds.  Estimated final completion at 11:41:49 (in 0.000 days).
                                                                                                  
 Time: 530 of 600 seconds.  Estimated final completion at 11:41:50 (in 0.000 days).
                                                                                                  
 Time: 535 of 600 seconds.  Estimated final completion at 11:41:49 (in 0.000 days).
                                                                                                  
 Time: 540 of 600 seconds.  Estimated final completion at 11:41:49 (in 0.000 days).
                                                                                                  
 Time: 545 of 600 seconds.  Estimated final completion at 11:41:58 (in 0.000 days).
                                                                                                  
 Time: 550 of 600 seconds.  Estimated final completion at 11:42:18 (in 0.000 days).
                                                                                                  
 Time: 555 of 600 seconds.  Estimated final completion at 11:42:16 (in 0.000 days).
                                                                                                  
 Time: 560 of 600 seconds.  Estimated final completion at 11:42:20 (in 0.000 days).
                                                                                                  
 Time: 565 of 600 seconds.  Estimated final completion at 11:42:21 (in 0.000 days).
                                                                                                  
 Time: 570 of 600 seconds.  Estimated final completion at 11:42:10 (in 0.000 days).
                                                                                                  
 Time: 575 of 600 seconds.  Estimated final completion at 11:41:60 (in 0.000 days).
                                                                                                  
 Time: 580 of 600 seconds.  Estimated final completion at 11:42:00 (in 0.000 days).
                                                                                                  
 Time: 585 of 600 seconds.  Estimated final completion at 11:42:01 (in 0.000 days).
                                                                                                  
 Time: 590 of 600 seconds.  Estimated final completion at 11:42:01 (in 0.000 days).
                                                                                                  
 Time: 595 of 600 seconds.  Estimated final completion at 11:42:01 (in 0.000 days).
                                                                                                  
 Time: 600 of 600 seconds.  Estimated final completion at 11:42:01 (in 0.000 days).
                                                                                                  

 Total Real Time:       3.1665 minutes
 Total CPU Time:        3.0875 minutes
 Simulation CPU Time:   3.0839 minutes
 Simulated Time:        10 minutes
 Time Ratio (Sim/CPU):  3.2427

 OpenFAST terminated normally.



======================================================================
CASE: 5MW_Land_DLL_WTurb_WS15_Seed04
FST : 5MW_Land_DLL_WTurb\OpenFAST_Case_Outputs\WS15\Seed04\5MW_Land_DLL_WTurb_WS15_Seed04.fst
======================================================================


**************************************************************************************************
OpenFAST

Copyright (C) 2026 National Renewable Energy Laboratory
Copyright (C) 2026 Envision Energy USA LTD

This program is licensed under Apache License Version 2.0 and comes with ABSOLUTELY NO WARRANTY.
See the "LICENSE" file distributed with this software for details.
**************************************************************************************************

OpenFAST-v5.0.0
Compile Info:
 - Compiler: Intel(R) Fortran Compiler 20250302
 - Architecture: 64 bit
 - Precision: single
 - OpenMP: No
 - Date: Mar 13 2026
 - Time: 19:00:22
Execution Info:
 - Date: 09/06/2026
 - Time: 11:42:01+0200

OpenFAST input file heading:
    FAST Certification Test #18: NREL 5.0 MW Baseline Wind Turbine (Onshore)

 Running ElastoDyn.
 Running InflowWind.

   Reading a 31x31 grid (145 m wide, 17.5 m to 162.5 m above ground) with a characteristic wind
   speed of 15 m/s. This full-field file was generated by TurbSim (v2.00.07a-bjj, 14-Jun-2016) on
   02-Sep-2026 at 21:20:34.

   Processed 12194 time steps of 20-Hz grid-field data (609.65 seconds).
 Running AeroDyn.
   AeroDyn: projMod: 1
   Projection: legacy (NoSweepPitchTwist), BEM: legacy (2D)
Warning: Turning off Unsteady Aerodynamics because polar has constant data. (node 1, blade 1)
Warning: Turning off Unsteady Aerodynamics because polar has constant data. (node 2, blade 1)
Warning: Turning off Unsteady Aerodynamics because polar has constant data. (node 3, blade 1)
Warning: Turning off Unsteady Aerodynamics because polar has constant data. (node 4, blade 1)
Warning: Turning off Unsteady Aerodynamics because polar has constant data. (node 1, blade 2)
Warning: Turning off Unsteady Aerodynamics because polar has constant data. (node 2, blade 2)
Warning: Turning off Unsteady Aerodynamics because polar has constant data. (node 3, blade 2)
Warning: Turning off Unsteady Aerodynamics because polar has constant data. (node 4, blade 2)
Warning: Turning off Unsteady Aerodynamics because polar has constant data. (node 1, blade 3)
Warning: Turning off Unsteady Aerodynamics because polar has constant data. (node 2, blade 3)
Warning: Turning off Unsteady Aerodynamics because polar has constant data. (node 3, blade 3)
Warning: Turning off Unsteady Aerodynamics because polar has constant data. (node 4, blade 3)
 Running ServoDyn.
 Running ServoDyn Interface for Bladed Controllers (using Intel Visual Fortran for Windows).
Using legacy Bladed DLL interface.
 Time: 0 of 600 seconds.

FAST_Solution:FAST_UpdateStates:Solver_Step:FAST_CalcOutput:AD_CalcOutput:RotCalcOutput:BEMT_CalcO
utput(node 19, blade 2):UA_CalcOutput:Mach number exceeds 0.3. Theory is invalid. This warning
will not be repeated though the condition may persist.

                                                                                                  
 Time: 5 of 600 seconds.  Estimated final completion at 11:44:33 (in 0.002 days).
                                                                                                  
 Time: 10 of 600 seconds.  Estimated final completion at 11:44:31 (in 0.002 days).
                                                                                                  
 Time: 15 of 600 seconds.  Estimated final completion at 11:50:13 (in 0.006 days).
                                                                                                  
 Time: 20 of 600 seconds.  Estimated final completion at 11:51:27 (in 0.006 days).
                                                                                                  
 Time: 25 of 600 seconds.  Estimated final completion at 11:49:41 (in 0.005 days).
                                                                                                  
 Time: 30 of 600 seconds.  Estimated final completion at 11:51:02 (in 0.006 days).
                                                                                                  
 Time: 35 of 600 seconds.  Estimated final completion at 11:50:19 (in 0.005 days).
                                                                                                  
 Time: 40 of 600 seconds.  Estimated final completion at 11:50:22 (in 0.005 days).
                                                                                                  
 Time: 45 of 600 seconds.  Estimated final completion at 11:50:32 (in 0.006 days).
                                                                                                  
 Time: 50 of 600 seconds.  Estimated final completion at 11:50:07 (in 0.005 days).
                                                                                                  
 Time: 55 of 600 seconds.  Estimated final completion at 11:50:37 (in 0.005 days).
                                                                                                  
 Time: 60 of 600 seconds.  Estimated final completion at 11:50:00 (in 0.005 days).
                                                                                                  
 Time: 65 of 600 seconds.  Estimated final completion at 11:50:53 (in 0.006 days).
                                                                                                  
 Time: 70 of 600 seconds.  Estimated final completion at 11:50:57 (in 0.006 days).
                                                                                                  
 Time: 75 of 600 seconds.  Estimated final completion at 11:49:48 (in 0.005 days).
                                                                                                  
 Time: 80 of 600 seconds.  Estimated final completion at 11:50:29 (in 0.005 days).
                                                                                                  
 Time: 85 of 600 seconds.  Estimated final completion at 11:45:10 (in 0.001 days).
                                                                                                  
 Time: 90 of 600 seconds.  Estimated final completion at 11:45:37 (in 0.002 days).
                                                                                                  
 Time: 95 of 600 seconds.  Estimated final completion at 11:45:43 (in 0.002 days).
                                                                                                  
 Time: 100 of 600 seconds.  Estimated final completion at 11:45:37 (in 0.002 days).
                                                                                                  
 Time: 105 of 600 seconds.  Estimated final completion at 11:45:39 (in 0.002 days).
                                                                                                  
 Time: 110 of 600 seconds.  Estimated final completion at 11:45:40 (in 0.002 days).
                                                                                                  
 Time: 115 of 600 seconds.  Estimated final completion at 11:45:42 (in 0.002 days).
                                                                                                  
 Time: 120 of 600 seconds.  Estimated final completion at 11:45:39 (in 0.002 days).
                                                                                                  
 Time: 125 of 600 seconds.  Estimated final completion at 11:48:27 (in 0.004 days).
                                                                                                  
 Time: 130 of 600 seconds.  Estimated final completion at 11:49:22 (in 0.004 days).
                                                                                                  
 Time: 135 of 600 seconds.  Estimated final completion at 11:49:40 (in 0.004 days).
                                                                                                  
 Time: 140 of 600 seconds.  Estimated final completion at 11:49:56 (in 0.004 days).
                                                                                                  
 Time: 145 of 600 seconds.  Estimated final completion at 11:49:46 (in 0.004 days).
                                                                                                  
 Time: 150 of 600 seconds.  Estimated final completion at 11:50:22 (in 0.005 days).
                                                                                                  
 Time: 155 of 600 seconds.  Estimated final completion at 11:50:12 (in 0.004 days).
                                                                                                  
 Time: 160 of 600 seconds.  Estimated final completion at 11:50:07 (in 0.004 days).
                                                                                                  
 Time: 165 of 600 seconds.  Estimated final completion at 11:50:01 (in 0.004 days).
                                                                                                  
 Time: 170 of 600 seconds.  Estimated final completion at 11:50:34 (in 0.005 days).
                                                                                                  
 Time: 175 of 600 seconds.  Estimated final completion at 11:49:48 (in 0.004 days).
                                                                                                  
 Time: 180 of 600 seconds.  Estimated final completion at 11:50:28 (in 0.004 days).
                                                                                                  
 Time: 185 of 600 seconds.  Estimated final completion at 11:50:33 (in 0.004 days).
                                                                                                  
 Time: 190 of 600 seconds.  Estimated final completion at 11:49:51 (in 0.004 days).
                                                                                                  
 Time: 195 of 600 seconds.  Estimated final completion at 11:50:13 (in 0.004 days).
                                                                                                  
 Time: 200 of 600 seconds.  Estimated final completion at 11:49:60 (in 0.004 days).
                                                                                                  
 Time: 205 of 600 seconds.  Estimated final completion at 11:50:32 (in 0.004 days).
                                                                                                  
 Time: 210 of 600 seconds.  Estimated final completion at 11:47:57 (in 0.002 days).
                                                                                                  
 Time: 215 of 600 seconds.  Estimated final completion at 11:46:06 (in 0.001 days).
                                                                                                  
 Time: 220 of 600 seconds.  Estimated final completion at 11:46:05 (in 0.001 days).
                                                                                                  
 Time: 225 of 600 seconds.  Estimated final completion at 11:46:04 (in 0.001 days).
                                                                                                  
 Time: 230 of 600 seconds.  Estimated final completion at 11:46:05 (in 0.001 days).
                                                                                                  
 Time: 235 of 600 seconds.  Estimated final completion at 11:46:19 (in 0.001 days).
                                                                                                  
 Time: 240 of 600 seconds.  Estimated final completion at 11:46:25 (in 0.001 days).
                                                                                                  
 Time: 245 of 600 seconds.  Estimated final completion at 11:46:24 (in 0.001 days).
                                                                                                  
 Time: 250 of 600 seconds.  Estimated final completion at 11:46:26 (in 0.001 days).
                                                                                                  
 Time: 255 of 600 seconds.  Estimated final completion at 11:46:23 (in 0.001 days).
                                                                                                  
 Time: 260 of 600 seconds.  Estimated final completion at 11:46:24 (in 0.001 days).
                                                                                                  
 Time: 265 of 600 seconds.  Estimated final completion at 11:46:25 (in 0.001 days).
                                                                                                  
 Time: 270 of 600 seconds.  Estimated final completion at 11:46:24 (in 0.001 days).
                                                                                                  
 Time: 275 of 600 seconds.  Estimated final completion at 11:46:24 (in 0.001 days).
                                                                                                  
 Time: 280 of 600 seconds.  Estimated final completion at 11:46:25 (in 0.001 days).
                                                                                                  
 Time: 285 of 600 seconds.  Estimated final completion at 11:46:24 (in 0.001 days).
                                                                                                  
 Time: 290 of 600 seconds.  Estimated final completion at 11:46:23 (in 0.001 days).
                                                                                                  
 Time: 295 of 600 seconds.  Estimated final completion at 11:46:23 (in 0.001 days).
                                                                                                  
 Time: 300 of 600 seconds.  Estimated final completion at 11:46:25 (in 0.001 days).
                                                                                                  
 Time: 305 of 600 seconds.  Estimated final completion at 11:46:24 (in 0.001 days).
                                                                                                  
 Time: 310 of 600 seconds.  Estimated final completion at 11:46:24 (in 0.001 days).
                                                                                                  
 Time: 315 of 600 seconds.  Estimated final completion at 11:46:25 (in 0.001 days).
                                                                                                  
 Time: 320 of 600 seconds.  Estimated final completion at 11:46:25 (in 0.001 days).
                                                                                                  
 Time: 325 of 600 seconds.  Estimated final completion at 11:46:24 (in 0.001 days).
                                                                                                  
 Time: 330 of 600 seconds.  Estimated final completion at 11:46:24 (in 0.001 days).
                                                                                                  
 Time: 335 of 600 seconds.  Estimated final completion at 11:46:24 (in 0.001 days).
                                                                                                  
 Time: 340 of 600 seconds.  Estimated final completion at 11:46:25 (in 0.001 days).
                                                                                                  
 Time: 345 of 600 seconds.  Estimated final completion at 11:46:24 (in 0.001 days).
                                                                                                  
 Time: 350 of 600 seconds.  Estimated final completion at 11:46:24 (in 0.001 days).
                                                                                                  
 Time: 355 of 600 seconds.  Estimated final completion at 11:46:24 (in 0.001 days).
                                                                                                  
 Time: 360 of 600 seconds.  Estimated final completion at 11:46:24 (in 0.001 days).
                                                                                                  
 Time: 365 of 600 seconds.  Estimated final completion at 11:46:24 (in 0.001 days).
                                                                                                  
 Time: 370 of 600 seconds.  Estimated final completion at 11:46:26 (in 0.001 days).
                                                                                                  
 Time: 375 of 600 seconds.  Estimated final completion at 11:46:24 (in 0.001 days).
                                                                                                  
 Time: 380 of 600 seconds.  Estimated final completion at 11:46:25 (in 0.001 days).
                                                                                                  
 Time: 385 of 600 seconds.  Estimated final completion at 11:46:25 (in 0.001 days).
                                                                                                  
 Time: 390 of 600 seconds.  Estimated final completion at 11:46:24 (in 0.001 days).
                                                                                                  
 Time: 395 of 600 seconds.  Estimated final completion at 11:46:24 (in 0.001 days).
                                                                                                  
 Time: 400 of 600 seconds.  Estimated final completion at 11:46:24 (in 0.001 days).
                                                                                                  
 Time: 405 of 600 seconds.  Estimated final completion at 11:46:24 (in 0.001 days).
                                                                                                  
 Time: 410 of 600 seconds.  Estimated final completion at 11:46:24 (in 0.001 days).
                                                                                                  
 Time: 415 of 600 seconds.  Estimated final completion at 11:46:24 (in 0.001 days).
                                                                                                  
 Time: 420 of 600 seconds.  Estimated final completion at 11:46:25 (in 0.001 days).
                                                                                                  
 Time: 425 of 600 seconds.  Estimated final completion at 11:46:24 (in 0.001 days).
                                                                                                  
 Time: 430 of 600 seconds.  Estimated final completion at 11:46:24 (in 0.001 days).
                                                                                                  
 Time: 435 of 600 seconds.  Estimated final completion at 11:46:24 (in 0.001 days).
                                                                                                  
 Time: 440 of 600 seconds.  Estimated final completion at 11:46:24 (in 0.001 days).
                                                                                                  
 Time: 445 of 600 seconds.  Estimated final completion at 11:46:24 (in 0.001 days).
                                                                                                  
 Time: 450 of 600 seconds.  Estimated final completion at 11:46:25 (in 0.001 days).
                                                                                                  
 Time: 455 of 600 seconds.  Estimated final completion at 11:46:25 (in 0.000 days).
                                                                                                  
 Time: 460 of 600 seconds.  Estimated final completion at 11:46:25 (in 0.000 days).
                                                                                                  
 Time: 465 of 600 seconds.  Estimated final completion at 11:46:24 (in 0.000 days).
                                                                                                  
 Time: 470 of 600 seconds.  Estimated final completion at 11:46:24 (in 0.000 days).
                                                                                                  
 Time: 475 of 600 seconds.  Estimated final completion at 11:46:26 (in 0.000 days).
                                                                                                  
 Time: 480 of 600 seconds.  Estimated final completion at 11:46:25 (in 0.000 days).
                                                                                                  
 Time: 485 of 600 seconds.  Estimated final completion at 11:46:22 (in 0.000 days).
                                                                                                  
 Time: 490 of 600 seconds.  Estimated final completion at 11:46:20 (in 0.000 days).
                                                                                                  
 Time: 495 of 600 seconds.  Estimated final completion at 11:46:20 (in 0.000 days).
                                                                                                  
 Time: 500 of 600 seconds.  Estimated final completion at 11:46:19 (in 0.000 days).
                                                                                                  
 Time: 505 of 600 seconds.  Estimated final completion at 11:46:20 (in 0.000 days).
                                                                                                  
 Time: 510 of 600 seconds.  Estimated final completion at 11:46:23 (in 0.000 days).
                                                                                                  
 Time: 515 of 600 seconds.  Estimated final completion at 11:46:24 (in 0.000 days).
                                                                                                  
 Time: 520 of 600 seconds.  Estimated final completion at 11:46:25 (in 0.000 days).
                                                                                                  
 Time: 525 of 600 seconds.  Estimated final completion at 11:46:24 (in 0.000 days).
                                                                                                  
 Time: 530 of 600 seconds.  Estimated final completion at 11:46:23 (in 0.000 days).
                                                                                                  
 Time: 535 of 600 seconds.  Estimated final completion at 11:46:24 (in 0.000 days).
                                                                                                  
 Time: 540 of 600 seconds.  Estimated final completion at 11:46:24 (in 0.000 days).
                                                                                                  
 Time: 545 of 600 seconds.  Estimated final completion at 11:46:24 (in 0.000 days).
                                                                                                  
 Time: 550 of 600 seconds.  Estimated final completion at 11:46:24 (in 0.000 days).
                                                                                                  
 Time: 555 of 600 seconds.  Estimated final completion at 11:46:24 (in 0.000 days).
                                                                                                  
 Time: 560 of 600 seconds.  Estimated final completion at 11:46:24 (in 0.000 days).
                                                                                                  
 Time: 565 of 600 seconds.  Estimated final completion at 11:46:24 (in 0.000 days).
                                                                                                  
 Time: 570 of 600 seconds.  Estimated final completion at 11:46:23 (in 0.000 days).
                                                                                                  
 Time: 575 of 600 seconds.  Estimated final completion at 11:46:24 (in 0.000 days).
                                                                                                  
 Time: 580 of 600 seconds.  Estimated final completion at 11:46:24 (in 0.000 days).
                                                                                                  
 Time: 585 of 600 seconds.  Estimated final completion at 11:46:24 (in 0.000 days).
                                                                                                  
 Time: 590 of 600 seconds.  Estimated final completion at 11:46:24 (in 0.000 days).
                                                                                                  
 Time: 595 of 600 seconds.  Estimated final completion at 11:46:24 (in 0.000 days).
                                                                                                  
 Time: 600 of 600 seconds.  Estimated final completion at 11:46:24 (in 0.000 days).
                                                                                                  

 Total Real Time:       4.3691 minutes
 Total CPU Time:        3.9792 minutes
 Simulation CPU Time:   3.9755 minutes
 Simulated Time:        10 minutes
 Time Ratio (Sim/CPU):  2.5154

 OpenFAST terminated normally.



======================================================================
CASE: 5MW_Land_DLL_WTurb_WS15_Seed05
FST : 5MW_Land_DLL_WTurb\OpenFAST_Case_Outputs\WS15\Seed05\5MW_Land_DLL_WTurb_WS15_Seed05.fst
======================================================================


**************************************************************************************************
OpenFAST

Copyright (C) 2026 National Renewable Energy Laboratory
Copyright (C) 2026 Envision Energy USA LTD

This program is licensed under Apache License Version 2.0 and comes with ABSOLUTELY NO WARRANTY.
See the "LICENSE" file distributed with this software for details.
**************************************************************************************************

OpenFAST-v5.0.0
Compile Info:
 - Compiler: Intel(R) Fortran Compiler 20250302
 - Architecture: 64 bit
 - Precision: single
 - OpenMP: No
 - Date: Mar 13 2026
 - Time: 19:00:22
Execution Info:
 - Date: 09/06/2026
 - Time: 11:46:23+0200

OpenFAST input file heading:
    FAST Certification Test #18: NREL 5.0 MW Baseline Wind Turbine (Onshore)

 Running ElastoDyn.
 Running InflowWind.

   Reading a 31x31 grid (145 m wide, 17.5 m to 162.5 m above ground) with a characteristic wind
   speed of 15 m/s. This full-field file was generated by TurbSim (v2.00.07a-bjj, 14-Jun-2016) on
   02-Sep-2026 at 21:24:47.

   Processed 12194 time steps of 20-Hz grid-field data (609.65 seconds).
 Running AeroDyn.
   AeroDyn: projMod: 1
   Projection: legacy (NoSweepPitchTwist), BEM: legacy (2D)
Warning: Turning off Unsteady Aerodynamics because polar has constant data. (node 1, blade 1)
Warning: Turning off Unsteady Aerodynamics because polar has constant data. (node 2, blade 1)
Warning: Turning off Unsteady Aerodynamics because polar has constant data. (node 3, blade 1)
Warning: Turning off Unsteady Aerodynamics because polar has constant data. (node 4, blade 1)
Warning: Turning off Unsteady Aerodynamics because polar has constant data. (node 1, blade 2)
Warning: Turning off Unsteady Aerodynamics because polar has constant data. (node 2, blade 2)
Warning: Turning off Unsteady Aerodynamics because polar has constant data. (node 3, blade 2)
Warning: Turning off Unsteady Aerodynamics because polar has constant data. (node 4, blade 2)
Warning: Turning off Unsteady Aerodynamics because polar has constant data. (node 1, blade 3)
Warning: Turning off Unsteady Aerodynamics because polar has constant data. (node 2, blade 3)
Warning: Turning off Unsteady Aerodynamics because polar has constant data. (node 3, blade 3)
Warning: Turning off Unsteady Aerodynamics because polar has constant data. (node 4, blade 3)
 Running ServoDyn.
 Running ServoDyn Interface for Bladed Controllers (using Intel Visual Fortran for Windows).
Using legacy Bladed DLL interface.
 Time: 0 of 600 seconds.
                                                                                                  
 Time: 5 of 600 seconds.  Estimated final completion at 11:49:33 (in 0.002 days).
                                                                                                  
 Time: 10 of 600 seconds.  Estimated final completion at 11:49:21 (in 0.002 days).
                                                                                                  
 Time: 15 of 600 seconds.  Estimated final completion at 11:49:28 (in 0.002 days).
                                                                                                  
 Time: 20 of 600 seconds.  Estimated final completion at 11:49:27 (in 0.002 days).
                                                                                                  
 Time: 25 of 600 seconds.  Estimated final completion at 11:49:27 (in 0.002 days).
                                                                                                  
 Time: 30 of 600 seconds.  Estimated final completion at 11:49:24 (in 0.002 days).
                                                                                                  
 Time: 35 of 600 seconds.  Estimated final completion at 11:49:21 (in 0.002 days).
                                                                                                  
 Time: 40 of 600 seconds.  Estimated final completion at 11:49:22 (in 0.002 days).
                                                                                                  
 Time: 45 of 600 seconds.  Estimated final completion at 11:49:26 (in 0.002 days).
                                                                                                  
 Time: 50 of 600 seconds.  Estimated final completion at 11:49:25 (in 0.002 days).
                                                                                                  
 Time: 55 of 600 seconds.  Estimated final completion at 11:49:22 (in 0.002 days).
                                                                                                  
 Time: 60 of 600 seconds.  Estimated final completion at 11:49:26 (in 0.002 days).
                                                                                                  
 Time: 65 of 600 seconds.  Estimated final completion at 11:49:22 (in 0.002 days).
                                                                                                  
 Time: 70 of 600 seconds.  Estimated final completion at 11:49:24 (in 0.002 days).
                                                                                                  
 Time: 75 of 600 seconds.  Estimated final completion at 11:49:21 (in 0.002 days).
                                                                                                  
 Time: 80 of 600 seconds.  Estimated final completion at 11:49:22 (in 0.002 days).
                                                                                                  
 Time: 85 of 600 seconds.  Estimated final completion at 11:49:21 (in 0.002 days).
                                                                                                  
 Time: 90 of 600 seconds.  Estimated final completion at 11:49:22 (in 0.002 days).
                                                                                                  
 Time: 95 of 600 seconds.  Estimated final completion at 11:49:25 (in 0.002 days).
                                                                                                  
 Time: 100 of 600 seconds.  Estimated final completion at 11:49:22 (in 0.002 days).
                                                                                                  
 Time: 105 of 600 seconds.  Estimated final completion at 11:49:19 (in 0.002 days).
                                                                                                  
 Time: 110 of 600 seconds.  Estimated final completion at 11:49:24 (in 0.002 days).
                                                                                                  
 Time: 115 of 600 seconds.  Estimated final completion at 11:49:21 (in 0.002 days).
                                                                                                  
 Time: 120 of 600 seconds.  Estimated final completion at 11:49:21 (in 0.002 days).
                                                                                                  
 Time: 125 of 600 seconds.  Estimated final completion at 11:49:23 (in 0.002 days).
                                                                                                  
 Time: 130 of 600 seconds.  Estimated final completion at 11:49:23 (in 0.002 days).
                                                                                                  
 Time: 135 of 600 seconds.  Estimated final completion at 11:49:21 (in 0.002 days).
                                                                                                  
 Time: 140 of 600 seconds.  Estimated final completion at 11:49:19 (in 0.002 days).
                                                                                                  
 Time: 145 of 600 seconds.  Estimated final completion at 11:49:20 (in 0.002 days).
                                                                                                  
 Time: 150 of 600 seconds.  Estimated final completion at 11:49:19 (in 0.002 days).
                                                                                                  
 Time: 155 of 600 seconds.  Estimated final completion at 11:49:21 (in 0.002 days).
                                                                                                  
 Time: 160 of 600 seconds.  Estimated final completion at 11:49:21 (in 0.001 days).
                                                                                                  
 Time: 165 of 600 seconds.  Estimated final completion at 11:49:20 (in 0.001 days).
                                                                                                  
 Time: 170 of 600 seconds.  Estimated final completion at 11:49:21 (in 0.001 days).
                                                                                                  
 Time: 175 of 600 seconds.  Estimated final completion at 11:49:19 (in 0.001 days).
                                                                                                  
 Time: 180 of 600 seconds.  Estimated final completion at 11:49:21 (in 0.001 days).
                                                                                                  
 Time: 185 of 600 seconds.  Estimated final completion at 11:49:21 (in 0.001 days).
                                                                                                  
 Time: 190 of 600 seconds.  Estimated final completion at 11:49:19 (in 0.001 days).
                                                                                                  
 Time: 195 of 600 seconds.  Estimated final completion at 11:49:20 (in 0.001 days).
                                                                                                  
 Time: 200 of 600 seconds.  Estimated final completion at 11:49:20 (in 0.001 days).
                                                                                                  
 Time: 205 of 600 seconds.  Estimated final completion at 11:49:19 (in 0.001 days).
                                                                                                  
 Time: 210 of 600 seconds.  Estimated final completion at 11:49:21 (in 0.001 days).
                                                                                                  
 Time: 215 of 600 seconds.  Estimated final completion at 11:49:19 (in 0.001 days).
                                                                                                  
 Time: 220 of 600 seconds.  Estimated final completion at 11:49:21 (in 0.001 days).
                                                                                                  
 Time: 225 of 600 seconds.  Estimated final completion at 11:49:20 (in 0.001 days).
                                                                                                  
 Time: 230 of 600 seconds.  Estimated final completion at 11:49:19 (in 0.001 days).
                                                                                                  
 Time: 235 of 600 seconds.  Estimated final completion at 11:49:20 (in 0.001 days).
                                                                                                  
 Time: 240 of 600 seconds.  Estimated final completion at 11:49:21 (in 0.001 days).
                                                                                                  
 Time: 245 of 600 seconds.  Estimated final completion at 11:49:22 (in 0.001 days).
                                                                                                  
 Time: 250 of 600 seconds.  Estimated final completion at 11:49:21 (in 0.001 days).
                                                                                                  
 Time: 255 of 600 seconds.  Estimated final completion at 11:49:22 (in 0.001 days).
                                                                                                  
 Time: 260 of 600 seconds.  Estimated final completion at 11:49:22 (in 0.001 days).
                                                                                                  
 Time: 265 of 600 seconds.  Estimated final completion at 11:49:21 (in 0.001 days).
                                                                                                  
 Time: 270 of 600 seconds.  Estimated final completion at 11:49:21 (in 0.001 days).
                                                                                                  
 Time: 275 of 600 seconds.  Estimated final completion at 11:49:22 (in 0.001 days).
                                                                                                  
 Time: 280 of 600 seconds.  Estimated final completion at 11:49:22 (in 0.001 days).
                                                                                                  
 Time: 285 of 600 seconds.  Estimated final completion at 11:49:20 (in 0.001 days).
                                                                                                  
 Time: 290 of 600 seconds.  Estimated final completion at 11:49:21 (in 0.001 days).
                                                                                                  
 Time: 295 of 600 seconds.  Estimated final completion at 11:49:22 (in 0.001 days).
                                                                                                  
 Time: 300 of 600 seconds.  Estimated final completion at 11:49:22 (in 0.001 days).
                                                                                                  
 Time: 305 of 600 seconds.  Estimated final completion at 11:49:20 (in 0.001 days).
                                                                                                  
 Time: 310 of 600 seconds.  Estimated final completion at 11:49:21 (in 0.001 days).
                                                                                                  
 Time: 315 of 600 seconds.  Estimated final completion at 11:49:22 (in 0.001 days).
                                                                                                  
 Time: 320 of 600 seconds.  Estimated final completion at 11:49:20 (in 0.001 days).
                                                                                                  
 Time: 325 of 600 seconds.  Estimated final completion at 11:49:22 (in 0.001 days).
                                                                                                  
 Time: 330 of 600 seconds.  Estimated final completion at 11:49:21 (in 0.001 days).
                                                                                                  
 Time: 335 of 600 seconds.  Estimated final completion at 11:49:22 (in 0.001 days).
                                                                                                  
 Time: 340 of 600 seconds.  Estimated final completion at 11:49:21 (in 0.001 days).
                                                                                                  
 Time: 345 of 600 seconds.  Estimated final completion at 11:49:21 (in 0.001 days).
                                                                                                  
 Time: 350 of 600 seconds.  Estimated final completion at 11:49:21 (in 0.001 days).
                                                                                                  
 Time: 355 of 600 seconds.  Estimated final completion at 11:49:21 (in 0.001 days).
                                                                                                  
 Time: 360 of 600 seconds.  Estimated final completion at 11:49:21 (in 0.001 days).
                                                                                                  
 Time: 365 of 600 seconds.  Estimated final completion at 11:49:20 (in 0.001 days).
                                                                                                  
 Time: 370 of 600 seconds.  Estimated final completion at 11:49:19 (in 0.001 days).
                                                                                                  
 Time: 375 of 600 seconds.  Estimated final completion at 11:49:21 (in 0.001 days).
                                                                                                  
 Time: 380 of 600 seconds.  Estimated final completion at 11:49:21 (in 0.001 days).
                                                                                                  
 Time: 385 of 600 seconds.  Estimated final completion at 11:49:21 (in 0.001 days).
                                                                                                  
 Time: 390 of 600 seconds.  Estimated final completion at 11:49:21 (in 0.001 days).
                                                                                                  
 Time: 395 of 600 seconds.  Estimated final completion at 11:49:21 (in 0.001 days).
                                                                                                  
 Time: 400 of 600 seconds.  Estimated final completion at 11:49:21 (in 0.001 days).
                                                                                                  
 Time: 405 of 600 seconds.  Estimated final completion at 11:49:21 (in 0.001 days).
                                                                                                  
 Time: 410 of 600 seconds.  Estimated final completion at 11:49:21 (in 0.001 days).
                                                                                                  
 Time: 415 of 600 seconds.  Estimated final completion at 11:49:21 (in 0.001 days).
                                                                                                  
 Time: 420 of 600 seconds.  Estimated final completion at 11:49:21 (in 0.001 days).
                                                                                                  
 Time: 425 of 600 seconds.  Estimated final completion at 11:49:21 (in 0.001 days).
                                                                                                  
 Time: 430 of 600 seconds.  Estimated final completion at 11:49:20 (in 0.001 days).
                                                                                                  
 Time: 435 of 600 seconds.  Estimated final completion at 11:49:20 (in 0.001 days).
                                                                                                  
 Time: 440 of 600 seconds.  Estimated final completion at 11:49:21 (in 0.001 days).
                                                                                                  
 Time: 445 of 600 seconds.  Estimated final completion at 11:49:20 (in 0.001 days).
                                                                                                  
 Time: 450 of 600 seconds.  Estimated final completion at 11:49:21 (in 0.001 days).
                                                                                                  
 Time: 455 of 600 seconds.  Estimated final completion at 11:49:21 (in 0.000 days).
                                                                                                  
 Time: 460 of 600 seconds.  Estimated final completion at 11:49:20 (in 0.000 days).
                                                                                                  
 Time: 465 of 600 seconds.  Estimated final completion at 11:49:21 (in 0.000 days).
                                                                                                  
 Time: 470 of 600 seconds.  Estimated final completion at 11:49:20 (in 0.000 days).
                                                                                                  
 Time: 475 of 600 seconds.  Estimated final completion at 11:49:21 (in 0.000 days).
                                                                                                  
 Time: 480 of 600 seconds.  Estimated final completion at 11:49:21 (in 0.000 days).
                                                                                                  
 Time: 485 of 600 seconds.  Estimated final completion at 11:49:21 (in 0.000 days).
                                                                                                  
 Time: 490 of 600 seconds.  Estimated final completion at 11:49:21 (in 0.000 days).
                                                                                                  
 Time: 495 of 600 seconds.  Estimated final completion at 11:49:21 (in 0.000 days).
                                                                                                  
 Time: 500 of 600 seconds.  Estimated final completion at 11:49:20 (in 0.000 days).
                                                                                                  
 Time: 505 of 600 seconds.  Estimated final completion at 11:49:20 (in 0.000 days).
                                                                                                  
 Time: 510 of 600 seconds.  Estimated final completion at 11:49:21 (in 0.000 days).
                                                                                                  
 Time: 515 of 600 seconds.  Estimated final completion at 11:49:21 (in 0.000 days).
                                                                                                  
 Time: 520 of 600 seconds.  Estimated final completion at 11:49:21 (in 0.000 days).
                                                                                                  
 Time: 525 of 600 seconds.  Estimated final completion at 11:49:21 (in 0.000 days).
                                                                                                  
 Time: 530 of 600 seconds.  Estimated final completion at 11:49:21 (in 0.000 days).
                                                                                                  
 Time: 535 of 600 seconds.  Estimated final completion at 11:49:21 (in 0.000 days).
                                                                                                  
 Time: 540 of 600 seconds.  Estimated final completion at 11:49:20 (in 0.000 days).
                                                                                                  
 Time: 545 of 600 seconds.  Estimated final completion at 11:49:21 (in 0.000 days).
                                                                                                  
 Time: 550 of 600 seconds.  Estimated final completion at 11:49:21 (in 0.000 days).
                                                                                                  
 Time: 555 of 600 seconds.  Estimated final completion at 11:49:20 (in 0.000 days).
                                                                                                  
 Time: 560 of 600 seconds.  Estimated final completion at 11:49:21 (in 0.000 days).
                                                                                                  
 Time: 565 of 600 seconds.  Estimated final completion at 11:49:21 (in 0.000 days).
                                                                                                  
 Time: 570 of 600 seconds.  Estimated final completion at 11:49:21 (in 0.000 days).
                                                                                                  
 Time: 575 of 600 seconds.  Estimated final completion at 11:49:21 (in 0.000 days).
                                                                                                  
 Time: 580 of 600 seconds.  Estimated final completion at 11:49:21 (in 0.000 days).
                                                                                                  
 Time: 585 of 600 seconds.  Estimated final completion at 11:49:21 (in 0.000 days).
                                                                                                  
 Time: 590 of 600 seconds.  Estimated final completion at 11:49:21 (in 0.000 days).
                                                                                                  
 Time: 595 of 600 seconds.  Estimated final completion at 11:49:21 (in 0.000 days).
                                                                                                  
 Time: 600 of 600 seconds.  Estimated final completion at 11:49:21 (in 0.000 days).
                                                                                                  

 Total Real Time:       2.9484 minutes
 Total CPU Time:        2.9234 minutes
 Simulation CPU Time:   2.9208 minutes
 Simulated Time:        10 minutes
 Time Ratio (Sim/CPU):  3.4237

 OpenFAST terminated normally.



======================================================================
CASE: 5MW_Land_DLL_WTurb_WS15_Seed06
FST : 5MW_Land_DLL_WTurb\OpenFAST_Case_Outputs\WS15\Seed06\5MW_Land_DLL_WTurb_WS15_Seed06.fst
======================================================================


**************************************************************************************************
OpenFAST

Copyright (C) 2026 National Renewable Energy Laboratory
Copyright (C) 2026 Envision Energy USA LTD

This program is licensed under Apache License Version 2.0 and comes with ABSOLUTELY NO WARRANTY.
See the "LICENSE" file distributed with this software for details.
**************************************************************************************************

OpenFAST-v5.0.0
Compile Info:
 - Compiler: Intel(R) Fortran Compiler 20250302
 - Architecture: 64 bit
 - Precision: single
 - OpenMP: No
 - Date: Mar 13 2026
 - Time: 19:00:22
Execution Info:
 - Date: 09/06/2026
 - Time: 11:49:20+0200

OpenFAST input file heading:
    FAST Certification Test #18: NREL 5.0 MW Baseline Wind Turbine (Onshore)

 Running ElastoDyn.
 Running InflowWind.

   Reading a 31x31 grid (145 m wide, 17.5 m to 162.5 m above ground) with a characteristic wind
   speed of 15 m/s. This full-field file was generated by TurbSim (v2.00.07a-bjj, 14-Jun-2016) on
   02-Sep-2026 at 21:29:01.

   Processed 12194 time steps of 20-Hz grid-field data (609.65 seconds).
 Running AeroDyn.
   AeroDyn: projMod: 1
   Projection: legacy (NoSweepPitchTwist), BEM: legacy (2D)
Warning: Turning off Unsteady Aerodynamics because polar has constant data. (node 1, blade 1)
Warning: Turning off Unsteady Aerodynamics because polar has constant data. (node 2, blade 1)
Warning: Turning off Unsteady Aerodynamics because polar has constant data. (node 3, blade 1)
Warning: Turning off Unsteady Aerodynamics because polar has constant data. (node 4, blade 1)
Warning: Turning off Unsteady Aerodynamics because polar has constant data. (node 1, blade 2)
Warning: Turning off Unsteady Aerodynamics because polar has constant data. (node 2, blade 2)
Warning: Turning off Unsteady Aerodynamics because polar has constant data. (node 3, blade 2)
Warning: Turning off Unsteady Aerodynamics because polar has constant data. (node 4, blade 2)
Warning: Turning off Unsteady Aerodynamics because polar has constant data. (node 1, blade 3)
Warning: Turning off Unsteady Aerodynamics because polar has constant data. (node 2, blade 3)
Warning: Turning off Unsteady Aerodynamics because polar has constant data. (node 3, blade 3)
Warning: Turning off Unsteady Aerodynamics because polar has constant data. (node 4, blade 3)
 Running ServoDyn.
 Running ServoDyn Interface for Bladed Controllers (using Intel Visual Fortran for Windows).
Using legacy Bladed DLL interface.
 Time: 0 of 600 seconds.
                                                                                                  
 Time: 5 of 600 seconds.  Estimated final completion at 11:52:25 (in 0.002 days).
                                                                                                  
 Time: 10 of 600 seconds.  Estimated final completion at 11:52:16 (in 0.002 days).
                                                                                                  
 Time: 15 of 600 seconds.  Estimated final completion at 11:52:18 (in 0.002 days).
                                                                                                  
 Time: 20 of 600 seconds.  Estimated final completion at 11:52:18 (in 0.002 days).
                                                                                                  
 Time: 25 of 600 seconds.  Estimated final completion at 11:52:18 (in 0.002 days).
                                                                                                  
 Time: 30 of 600 seconds.  Estimated final completion at 11:52:20 (in 0.002 days).
                                                                                                  
 Time: 35 of 600 seconds.  Estimated final completion at 11:52:19 (in 0.002 days).
                                                                                                  
 Time: 40 of 600 seconds.  Estimated final completion at 11:52:16 (in 0.002 days).
                                                                                                  
 Time: 45 of 600 seconds.  Estimated final completion at 11:52:16 (in 0.002 days).
                                                                                                  
 Time: 50 of 600 seconds.  Estimated final completion at 11:52:19 (in 0.002 days).
                                                                                                  
 Time: 55 of 600 seconds.  Estimated final completion at 11:52:17 (in 0.002 days).
                                                                                                  
 Time: 60 of 600 seconds.  Estimated final completion at 11:52:18 (in 0.002 days).
                                                                                                  
 Time: 65 of 600 seconds.  Estimated final completion at 11:52:14 (in 0.002 days).
                                                                                                  
 Time: 70 of 600 seconds.  Estimated final completion at 11:52:16 (in 0.002 days).
                                                                                                  
 Time: 75 of 600 seconds.  Estimated final completion at 11:52:21 (in 0.002 days).
                                                                                                  
 Time: 80 of 600 seconds.  Estimated final completion at 11:52:17 (in 0.002 days).
                                                                                                  
 Time: 85 of 600 seconds.  Estimated final completion at 11:52:21 (in 0.002 days).
                                                                                                  
 Time: 90 of 600 seconds.  Estimated final completion at 11:51:60 (in 0.002 days).
                                                                                                  
 Time: 95 of 600 seconds.  Estimated final completion at 11:52:02 (in 0.002 days).
                                                                                                  
 Time: 100 of 600 seconds.  Estimated final completion at 11:51:54 (in 0.001 days).
                                                                                                  
 Time: 105 of 600 seconds.  Estimated final completion at 11:52:01 (in 0.001 days).
                                                                                                  
 Time: 110 of 600 seconds.  Estimated final completion at 11:51:57 (in 0.001 days).
                                                                                                  
 Time: 115 of 600 seconds.  Estimated final completion at 11:51:58 (in 0.001 days).
                                                                                                  
 Time: 120 of 600 seconds.  Estimated final completion at 11:51:53 (in 0.001 days).
                                                                                                  
 Time: 125 of 600 seconds.  Estimated final completion at 11:51:55 (in 0.001 days).
                                                                                                  
 Time: 130 of 600 seconds.  Estimated final completion at 03:59:21 (in 0.666 days).
                                                                                                  
 Time: 135 of 600 seconds.  Estimated final completion at 12:01:50 (in 0.001 days).
                                                                                                  
 Time: 140 of 600 seconds.  Estimated final completion at 12:02:38 (in 0.002 days).
                                                                                                  
 Time: 145 of 600 seconds.  Estimated final completion at 12:01:55 (in 0.001 days).
                                                                                                  
 Time: 150 of 600 seconds.  Estimated final completion at 12:01:47 (in 0.001 days).
                                                                                                  
 Time: 155 of 600 seconds.  Estimated final completion at 12:02:03 (in 0.001 days).
                                                                                                  
 Time: 160 of 600 seconds.  Estimated final completion at 12:02:04 (in 0.001 days).
                                                                                                  
 Time: 165 of 600 seconds.  Estimated final completion at 12:02:12 (in 0.001 days).
                                                                                                  
 Time: 170 of 600 seconds.  Estimated final completion at 12:02:25 (in 0.001 days).
                                                                                                  
 Time: 175 of 600 seconds.  Estimated final completion at 12:02:26 (in 0.001 days).
                                                                                                  
 Time: 180 of 600 seconds.  Estimated final completion at 12:02:28 (in 0.001 days).
                                                                                                  
 Time: 185 of 600 seconds.  Estimated final completion at 12:05:15 (in 0.003 days).
                                                                                                  
 Time: 190 of 600 seconds.  Estimated final completion at 12:06:50 (in 0.004 days).
                                                                                                  
 Time: 195 of 600 seconds.  Estimated final completion at 12:06:35 (in 0.004 days).
                                                                                                  
 Time: 200 of 600 seconds.  Estimated final completion at 12:05:55 (in 0.004 days).
                                                                                                  
 Time: 205 of 600 seconds.  Estimated final completion at 12:06:12 (in 0.004 days).
                                                                                                  
 Time: 210 of 600 seconds.  Estimated final completion at 12:06:01 (in 0.004 days).
                                                                                                  
 Time: 215 of 600 seconds.  Estimated final completion at 12:06:04 (in 0.004 days).
                                                                                                  
 Time: 220 of 600 seconds.  Estimated final completion at 12:05:42 (in 0.003 days).
                                                                                                  
 Time: 225 of 600 seconds.  Estimated final completion at 12:06:04 (in 0.004 days).
                                                                                                  
 Time: 230 of 600 seconds.  Estimated final completion at 12:06:01 (in 0.003 days).
                                                                                                  
 Time: 235 of 600 seconds.  Estimated final completion at 12:06:17 (in 0.004 days).
                                                                                                  
 Time: 240 of 600 seconds.  Estimated final completion at 12:06:04 (in 0.003 days).
                                                                                                  
 Time: 245 of 600 seconds.  Estimated final completion at 12:06:24 (in 0.004 days).
                                                                                                  
 Time: 250 of 600 seconds.  Estimated final completion at 12:06:10 (in 0.003 days).
                                                                                                  
 Time: 255 of 600 seconds.  Estimated final completion at 12:06:04 (in 0.003 days).
                                                                                                  
 Time: 260 of 600 seconds.  Estimated final completion at 12:06:06 (in 0.003 days).
                                                                                                  
 Time: 265 of 600 seconds.  Estimated final completion at 12:05:48 (in 0.003 days).
                                                                                                  
 Time: 270 of 600 seconds.  Estimated final completion at 12:06:06 (in 0.003 days).
                                                                                                  
 Time: 275 of 600 seconds.  Estimated final completion at 12:05:50 (in 0.003 days).
                                                                                                  
 Time: 280 of 600 seconds.  Estimated final completion at 12:06:17 (in 0.003 days).
                                                                                                  
 Time: 285 of 600 seconds.  Estimated final completion at 12:05:41 (in 0.003 days).
                                                                                                  
 Time: 290 of 600 seconds.  Estimated final completion at 12:05:52 (in 0.003 days).
                                                                                                  
 Time: 295 of 600 seconds.  Estimated final completion at 12:05:60 (in 0.003 days).
                                                                                                  
 Time: 300 of 600 seconds.  Estimated final completion at 12:06:17 (in 0.003 days).
                                                                                                  
 Time: 305 of 600 seconds.  Estimated final completion at 12:05:39 (in 0.003 days).
                                                                                                  
 Time: 310 of 600 seconds.  Estimated final completion at 12:05:55 (in 0.003 days).
                                                                                                  
 Time: 315 of 600 seconds.  Estimated final completion at 12:06:02 (in 0.003 days).
                                                                                                  
 Time: 320 of 600 seconds.  Estimated final completion at 12:06:01 (in 0.003 days).
                                                                                                  
 Time: 325 of 600 seconds.  Estimated final completion at 12:05:39 (in 0.002 days).
                                                                                                  
 Time: 330 of 600 seconds.  Estimated final completion at 12:05:51 (in 0.002 days).
                                                                                                  
 Time: 335 of 600 seconds.  Estimated final completion at 12:05:57 (in 0.002 days).
                                                                                                  
 Time: 340 of 600 seconds.  Estimated final completion at 12:05:49 (in 0.002 days).
                                                                                                  
 Time: 345 of 600 seconds.  Estimated final completion at 12:05:56 (in 0.002 days).
                                                                                                  
 Time: 350 of 600 seconds.  Estimated final completion at 12:05:55 (in 0.002 days).
                                                                                                  
 Time: 355 of 600 seconds.  Estimated final completion at 12:06:03 (in 0.002 days).
                                                                                                  
 Time: 360 of 600 seconds.  Estimated final completion at 12:05:45 (in 0.002 days).
                                                                                                  
 Time: 365 of 600 seconds.  Estimated final completion at 12:05:54 (in 0.002 days).
                                                                                                  
 Time: 370 of 600 seconds.  Estimated final completion at 12:05:56 (in 0.002 days).
                                                                                                  
 Time: 375 of 600 seconds.  Estimated final completion at 12:05:55 (in 0.002 days).
                                                                                                  
 Time: 380 of 600 seconds.  Estimated final completion at 12:05:49 (in 0.002 days).
                                                                                                  
 Time: 385 of 600 seconds.  Estimated final completion at 12:06:01 (in 0.002 days).
                                                                                                  
 Time: 390 of 600 seconds.  Estimated final completion at 12:05:59 (in 0.002 days).
                                                                                                  
 Time: 395 of 600 seconds.  Estimated final completion at 12:06:10 (in 0.002 days).
                                                                                                  
 Time: 400 of 600 seconds.  Estimated final completion at 12:05:49 (in 0.002 days).
                                                                                                  
 Time: 405 of 600 seconds.  Estimated final completion at 12:06:04 (in 0.002 days).
                                                                                                  
 Time: 410 of 600 seconds.  Estimated final completion at 12:05:56 (in 0.002 days).
                                                                                                  
 Time: 415 of 600 seconds.  Estimated final completion at 12:06:09 (in 0.002 days).
                                                                                                  
 Time: 420 of 600 seconds.  Estimated final completion at 12:05:47 (in 0.002 days).
                                                                                                  
 Time: 425 of 600 seconds.  Estimated final completion at 12:05:56 (in 0.002 days).
                                                                                                  
 Time: 430 of 600 seconds.  Estimated final completion at 12:05:55 (in 0.002 days).
                                                                                                  
 Time: 435 of 600 seconds.  Estimated final completion at 12:06:02 (in 0.002 days).
                                                                                                  
 Time: 440 of 600 seconds.  Estimated final completion at 12:06:17 (in 0.002 days).
                                                                                                  
 Time: 445 of 600 seconds.  Estimated final completion at 12:05:59 (in 0.001 days).
                                                                                                  
 Time: 450 of 600 seconds.  Estimated final completion at 12:06:21 (in 0.002 days).
                                                                                                  
 Time: 455 of 600 seconds.  Estimated final completion at 12:06:25 (in 0.002 days).
                                                                                                  
 Time: 460 of 600 seconds.  Estimated final completion at 12:06:12 (in 0.001 days).
                                                                                                  
 Time: 465 of 600 seconds.  Estimated final completion at 12:06:06 (in 0.001 days).
                                                                                                  
 Time: 470 of 600 seconds.  Estimated final completion at 12:05:59 (in 0.001 days).
                                                                                                  
 Time: 475 of 600 seconds.  Estimated final completion at 12:06:05 (in 0.001 days).
                                                                                                  
 Time: 480 of 600 seconds.  Estimated final completion at 12:05:58 (in 0.001 days).
                                                                                                  
 Time: 485 of 600 seconds.  Estimated final completion at 12:05:57 (in 0.001 days).
                                                                                                  
 Time: 490 of 600 seconds.  Estimated final completion at 12:05:55 (in 0.001 days).
                                                                                                  
 Time: 495 of 600 seconds.  Estimated final completion at 12:05:57 (in 0.001 days).
                                                                                                  
 Time: 500 of 600 seconds.  Estimated final completion at 12:05:57 (in 0.001 days).
                                                                                                  
 Time: 505 of 600 seconds.  Estimated final completion at 12:05:58 (in 0.001 days).
                                                                                                  
 Time: 510 of 600 seconds.  Estimated final completion at 12:06:02 (in 0.001 days).
                                                                                                  
 Time: 515 of 600 seconds.  Estimated final completion at 12:06:04 (in 0.001 days).
                                                                                                  
 Time: 520 of 600 seconds.  Estimated final completion at 12:06:02 (in 0.001 days).
                                                                                                  
 Time: 525 of 600 seconds.  Estimated final completion at 12:06:05 (in 0.001 days).
                                                                                                  
 Time: 530 of 600 seconds.  Estimated final completion at 12:06:07 (in 0.001 days).
                                                                                                  
 Time: 535 of 600 seconds.  Estimated final completion at 12:05:58 (in 0.001 days).
                                                                                                  
 Time: 540 of 600 seconds.  Estimated final completion at 12:06:02 (in 0.001 days).
                                                                                                  
 Time: 545 of 600 seconds.  Estimated final completion at 12:06:00 (in 0.001 days).
                                                                                                  
 Time: 550 of 600 seconds.  Estimated final completion at 12:05:60 (in 0.000 days).
                                                                                                  
 Time: 555 of 600 seconds.  Estimated final completion at 12:05:58 (in 0.000 days).
                                                                                                  
 Time: 560 of 600 seconds.  Estimated final completion at 12:06:00 (in 0.000 days).
                                                                                                  
 Time: 565 of 600 seconds.  Estimated final completion at 12:06:02 (in 0.000 days).
                                                                                                  
 Time: 570 of 600 seconds.  Estimated final completion at 12:05:59 (in 0.000 days).
                                                                                                  
 Time: 575 of 600 seconds.  Estimated final completion at 12:06:01 (in 0.000 days).
                                                                                                  
 Time: 580 of 600 seconds.  Estimated final completion at 12:06:00 (in 0.000 days).
                                                                                                  
 Time: 585 of 600 seconds.  Estimated final completion at 16:09:07 (in 0.127 days).
                                                                                                  
 Time: 590 of 600 seconds.  Estimated final completion at 13:06:48 (in 0.000 days).
                                                                                                  
 Time: 595 of 600 seconds.  Estimated final completion at 13:06:48 (in 0.000 days).
                                                                                                  
 Time: 600 of 600 seconds.  Estimated final completion at 13:06:48 (in 0.000 days).
                                                                                                  

 Total Real Time:       77.455 minutes
 Total CPU Time:        5.925 minutes
 Simulation CPU Time:   5.9219 minutes
 Simulated Time:        10 minutes
 Time Ratio (Sim/CPU):  1.6887

 OpenFAST terminated normally.



======================================================================
CASE: 5MW_Land_DLL_WTurb_WS19_Seed01
FST : 5MW_Land_DLL_WTurb\OpenFAST_Case_Outputs\WS19\Seed01\5MW_Land_DLL_WTurb_WS19_Seed01.fst
======================================================================


**************************************************************************************************
OpenFAST

Copyright (C) 2026 National Renewable Energy Laboratory
Copyright (C) 2026 Envision Energy USA LTD

This program is licensed under Apache License Version 2.0 and comes with ABSOLUTELY NO WARRANTY.
See the "LICENSE" file distributed with this software for details.
**************************************************************************************************

OpenFAST-v5.0.0
Compile Info:
 - Compiler: Intel(R) Fortran Compiler 20250302
 - Architecture: 64 bit
 - Precision: single
 - OpenMP: No
 - Date: Mar 13 2026
 - Time: 19:00:22
Execution Info:
 - Date: 09/06/2026
 - Time: 13:06:48+0200

OpenFAST input file heading:
    FAST Certification Test #18: NREL 5.0 MW Baseline Wind Turbine (Onshore)

 Running ElastoDyn.
 Running InflowWind.

   Reading a 31x31 grid (145 m wide, 17.5 m to 162.5 m above ground) with a characteristic wind
   speed of 19 m/s. This full-field file was generated by TurbSim (v2.00.07a-bjj, 14-Jun-2016) on
   02-Sep-2026 at 21:33:11.

   Processed 12153 time steps of 20-Hz grid-field data (607.6 seconds).
 Running AeroDyn.
   AeroDyn: projMod: 1
   Projection: legacy (NoSweepPitchTwist), BEM: legacy (2D)
Warning: Turning off Unsteady Aerodynamics because polar has constant data. (node 1, blade 1)
Warning: Turning off Unsteady Aerodynamics because polar has constant data. (node 2, blade 1)
Warning: Turning off Unsteady Aerodynamics because polar has constant data. (node 3, blade 1)
Warning: Turning off Unsteady Aerodynamics because polar has constant data. (node 4, blade 1)
Warning: Turning off Unsteady Aerodynamics because polar has constant data. (node 1, blade 2)
Warning: Turning off Unsteady Aerodynamics because polar has constant data. (node 2, blade 2)
Warning: Turning off Unsteady Aerodynamics because polar has constant data. (node 3, blade 2)
Warning: Turning off Unsteady Aerodynamics because polar has constant data. (node 4, blade 2)
Warning: Turning off Unsteady Aerodynamics because polar has constant data. (node 1, blade 3)
Warning: Turning off Unsteady Aerodynamics because polar has constant data. (node 2, blade 3)
Warning: Turning off Unsteady Aerodynamics because polar has constant data. (node 3, blade 3)
Warning: Turning off Unsteady Aerodynamics because polar has constant data. (node 4, blade 3)
 Running ServoDyn.
 Running ServoDyn Interface for Bladed Controllers (using Intel Visual Fortran for Windows).
Using legacy Bladed DLL interface.
 Time: 0 of 600 seconds.

FAST_Solution:FAST_UpdateStates:Solver_Step:FAST_CalcOutput:AD_CalcOutput:RotCalcOutput:BEMT_CalcO
utput(node 19, blade 3):UA_CalcOutput:Mach number exceeds 0.3. Theory is invalid. This warning
will not be repeated though the condition may persist.

                                                                                                  
 Time: 5 of 600 seconds.  Estimated final completion at 13:10:02 (in 0.002 days).
                                                                                                  
 Time: 10 of 600 seconds.  Estimated final completion at 13:11:49 (in 0.003 days).
                                                                                                  
 Time: 15 of 600 seconds.  Estimated final completion at 13:15:13 (in 0.006 days).
                                                                                                  
 Time: 20 of 600 seconds.  Estimated final completion at 13:15:08 (in 0.006 days).
                                                                                                  
 Time: 25 of 600 seconds.  Estimated final completion at 13:15:01 (in 0.006 days).
                                                                                                  
 Time: 30 of 600 seconds.  Estimated final completion at 13:15:53 (in 0.006 days).
                                                                                                  
 Time: 35 of 600 seconds.  Estimated final completion at 13:16:07 (in 0.006 days).
                                                                                                  
 Time: 40 of 600 seconds.  Estimated final completion at 13:16:06 (in 0.006 days).
                                                                                                  
 Time: 45 of 600 seconds.  Estimated final completion at 13:14:52 (in 0.005 days).
                                                                                                  
 Time: 50 of 600 seconds.  Estimated final completion at 13:15:46 (in 0.006 days).
                                                                                                  
 Time: 55 of 600 seconds.  Estimated final completion at 13:15:06 (in 0.005 days).
                                                                                                  
 Time: 60 of 600 seconds.  Estimated final completion at 13:14:56 (in 0.005 days).
                                                                                                  
 Time: 65 of 600 seconds.  Estimated final completion at 13:14:33 (in 0.005 days).
                                                                                                  
 Time: 70 of 600 seconds.  Estimated final completion at 13:15:20 (in 0.005 days).
                                                                                                  
 Time: 75 of 600 seconds.  Estimated final completion at 13:15:13 (in 0.005 days).
                                                                                                  
 Time: 80 of 600 seconds.  Estimated final completion at 13:14:59 (in 0.005 days).
                                                                                                  
 Time: 85 of 600 seconds.  Estimated final completion at 13:15:24 (in 0.005 days).
                                                                                                  
 Time: 90 of 600 seconds.  Estimated final completion at 13:15:17 (in 0.005 days).
                                                                                                  
 Time: 95 of 600 seconds.  Estimated final completion at 13:14:55 (in 0.005 days).
                                                                                                  
 Time: 100 of 600 seconds.  Estimated final completion at 13:14:53 (in 0.005 days).
                                                                                                  
 Time: 105 of 600 seconds.  Estimated final completion at 13:15:40 (in 0.005 days).
                                                                                                  
 Time: 110 of 600 seconds.  Estimated final completion at 13:14:47 (in 0.005 days).
                                                                                                  
 Time: 115 of 600 seconds.  Estimated final completion at 13:15:28 (in 0.005 days).
                                                                                                  
 Time: 120 of 600 seconds.  Estimated final completion at 13:15:50 (in 0.005 days).
                                                                                                  
 Time: 125 of 600 seconds.  Estimated final completion at 13:15:09 (in 0.005 days).
                                                                                                  
 Time: 130 of 600 seconds.  Estimated final completion at 13:15:06 (in 0.005 days).
                                                                                                  
 Time: 135 of 600 seconds.  Estimated final completion at 13:15:35 (in 0.005 days).
                                                                                                  
 Time: 140 of 600 seconds.  Estimated final completion at 13:14:35 (in 0.004 days).
                                                                                                  
 Time: 145 of 600 seconds.  Estimated final completion at 13:15:41 (in 0.005 days).
                                                                                                  
 Time: 150 of 600 seconds.  Estimated final completion at 13:14:44 (in 0.004 days).
                                                                                                  
 Time: 155 of 600 seconds.  Estimated final completion at 13:15:13 (in 0.004 days).
                                                                                                  
 Time: 160 of 600 seconds.  Estimated final completion at 13:15:21 (in 0.004 days).
                                                                                                  
 Time: 165 of 600 seconds.  Estimated final completion at 13:14:60 (in 0.004 days).
                                                                                                  
 Time: 170 of 600 seconds.  Estimated final completion at 13:15:40 (in 0.005 days).
                                                                                                  
 Time: 175 of 600 seconds.  Estimated final completion at 13:14:33 (in 0.004 days).
                                                                                                  
 Time: 180 of 600 seconds.  Estimated final completion at 13:15:29 (in 0.004 days).
                                                                                                  
 Time: 185 of 600 seconds.  Estimated final completion at 13:15:05 (in 0.004 days).
                                                                                                  
 Time: 190 of 600 seconds.  Estimated final completion at 13:16:25 (in 0.005 days).
                                                                                                  
 Time: 195 of 600 seconds.  Estimated final completion at 13:15:12 (in 0.004 days).
                                                                                                  
 Time: 200 of 600 seconds.  Estimated final completion at 13:14:59 (in 0.004 days).
                                                                                                  
 Time: 205 of 600 seconds.  Estimated final completion at 13:15:27 (in 0.004 days).
                                                                                                  
 Time: 210 of 600 seconds.  Estimated final completion at 13:15:23 (in 0.004 days).
                                                                                                  
 Time: 215 of 600 seconds.  Estimated final completion at 13:15:16 (in 0.004 days).
                                                                                                  
 Time: 220 of 600 seconds.  Estimated final completion at 13:15:18 (in 0.004 days).
                                                                                                  
 Time: 225 of 600 seconds.  Estimated final completion at 13:15:18 (in 0.004 days).
                                                                                                  
 Time: 230 of 600 seconds.  Estimated final completion at 13:15:19 (in 0.004 days).
                                                                                                  
 Time: 235 of 600 seconds.  Estimated final completion at 13:15:28 (in 0.004 days).
                                                                                                  
 Time: 240 of 600 seconds.  Estimated final completion at 13:15:06 (in 0.003 days).
                                                                                                  
 Time: 245 of 600 seconds.  Estimated final completion at 13:13:46 (in 0.002 days).
                                                                                                  
 Time: 250 of 600 seconds.  Estimated final completion at 13:11:59 (in 0.001 days).
                                                                                                  
 Time: 255 of 600 seconds.  Estimated final completion at 13:12:01 (in 0.001 days).
                                                                                                  
 Time: 260 of 600 seconds.  Estimated final completion at 13:11:58 (in 0.001 days).
                                                                                                  
 Time: 265 of 600 seconds.  Estimated final completion at 13:11:58 (in 0.001 days).
                                                                                                  
 Time: 270 of 600 seconds.  Estimated final completion at 13:11:59 (in 0.001 days).
                                                                                                  
 Time: 275 of 600 seconds.  Estimated final completion at 13:11:58 (in 0.001 days).
                                                                                                  
 Time: 280 of 600 seconds.  Estimated final completion at 13:11:58 (in 0.001 days).
                                                                                                  
 Time: 285 of 600 seconds.  Estimated final completion at 13:11:57 (in 0.001 days).
                                                                                                  
 Time: 290 of 600 seconds.  Estimated final completion at 13:11:59 (in 0.001 days).
                                                                                                  
 Time: 295 of 600 seconds.  Estimated final completion at 13:11:57 (in 0.001 days).
                                                                                                  
 Time: 300 of 600 seconds.  Estimated final completion at 13:11:58 (in 0.001 days).
                                                                                                  
 Time: 305 of 600 seconds.  Estimated final completion at 13:11:59 (in 0.001 days).
                                                                                                  
 Time: 310 of 600 seconds.  Estimated final completion at 13:11:58 (in 0.001 days).
                                                                                                  
 Time: 315 of 600 seconds.  Estimated final completion at 13:12:09 (in 0.001 days).
                                                                                                  
 Time: 320 of 600 seconds.  Estimated final completion at 13:14:30 (in 0.003 days).
                                                                                                  
 Time: 325 of 600 seconds.  Estimated final completion at 13:14:52 (in 0.003 days).
                                                                                                  
 Time: 330 of 600 seconds.  Estimated final completion at 13:12:60 (in 0.002 days).
                                                                                                  
 Time: 335 of 600 seconds.  Estimated final completion at 13:13:49 (in 0.002 days).
                                                                                                  
 Time: 340 of 600 seconds.  Estimated final completion at 13:14:30 (in 0.003 days).
                                                                                                  
 Time: 345 of 600 seconds.  Estimated final completion at 13:14:45 (in 0.003 days).
                                                                                                  
 Time: 350 of 600 seconds.  Estimated final completion at 13:14:49 (in 0.003 days).
                                                                                                  
 Time: 355 of 600 seconds.  Estimated final completion at 13:14:20 (in 0.002 days).
                                                                                                  
 Time: 360 of 600 seconds.  Estimated final completion at 13:14:28 (in 0.002 days).
                                                                                                  
 Time: 365 of 600 seconds.  Estimated final completion at 13:14:50 (in 0.003 days).
                                                                                                  
 Time: 370 of 600 seconds.  Estimated final completion at 13:14:39 (in 0.002 days).
                                                                                                  
 Time: 375 of 600 seconds.  Estimated final completion at 13:14:33 (in 0.002 days).
                                                                                                  
 Time: 380 of 600 seconds.  Estimated final completion at 13:12:30 (in 0.001 days).
                                                                                                  
 Time: 385 of 600 seconds.  Estimated final completion at 13:12:30 (in 0.001 days).
                                                                                                  
 Time: 390 of 600 seconds.  Estimated final completion at 13:12:30 (in 0.001 days).
                                                                                                  
 Time: 395 of 600 seconds.  Estimated final completion at 13:13:51 (in 0.002 days).
                                                                                                  
 Time: 400 of 600 seconds.  Estimated final completion at 13:12:57 (in 0.001 days).
                                                                                                  
 Time: 405 of 600 seconds.  Estimated final completion at 13:12:34 (in 0.001 days).
                                                                                                  
 Time: 410 of 600 seconds.  Estimated final completion at 13:12:32 (in 0.001 days).
                                                                                                  
 Time: 415 of 600 seconds.  Estimated final completion at 13:12:31 (in 0.001 days).
                                                                                                  
 Time: 420 of 600 seconds.  Estimated final completion at 13:12:27 (in 0.001 days).
                                                                                                  
 Time: 425 of 600 seconds.  Estimated final completion at 13:12:31 (in 0.001 days).
                                                                                                  
 Time: 430 of 600 seconds.  Estimated final completion at 13:12:33 (in 0.001 days).
                                                                                                  
 Time: 435 of 600 seconds.  Estimated final completion at 13:12:32 (in 0.001 days).
                                                                                                  
 Time: 440 of 600 seconds.  Estimated final completion at 13:12:32 (in 0.001 days).
                                                                                                  
 Time: 445 of 600 seconds.  Estimated final completion at 13:12:32 (in 0.001 days).
                                                                                                  
 Time: 450 of 600 seconds.  Estimated final completion at 13:12:26 (in 0.000 days).
                                                                                                  
 Time: 455 of 600 seconds.  Estimated final completion at 13:12:32 (in 0.001 days).
                                                                                                  
 Time: 460 of 600 seconds.  Estimated final completion at 13:12:33 (in 0.000 days).
                                                                                                  
 Time: 465 of 600 seconds.  Estimated final completion at 13:12:33 (in 0.000 days).
                                                                                                  
 Time: 470 of 600 seconds.  Estimated final completion at 13:12:32 (in 0.000 days).
                                                                                                  
 Time: 475 of 600 seconds.  Estimated final completion at 13:12:32 (in 0.000 days).
                                                                                                  
 Time: 480 of 600 seconds.  Estimated final completion at 13:12:33 (in 0.000 days).
                                                                                                  
 Time: 485 of 600 seconds.  Estimated final completion at 13:12:32 (in 0.000 days).
                                                                                                  
 Time: 490 of 600 seconds.  Estimated final completion at 13:12:31 (in 0.000 days).
                                                                                                  
 Time: 495 of 600 seconds.  Estimated final completion at 13:12:31 (in 0.000 days).
                                                                                                  
 Time: 500 of 600 seconds.  Estimated final completion at 13:12:26 (in 0.000 days).
                                                                                                  
 Time: 505 of 600 seconds.  Estimated final completion at 13:12:32 (in 0.000 days).
                                                                                                  
 Time: 510 of 600 seconds.  Estimated final completion at 13:12:31 (in 0.000 days).
                                                                                                  
 Time: 515 of 600 seconds.  Estimated final completion at 13:12:31 (in 0.000 days).
                                                                                                  
 Time: 520 of 600 seconds.  Estimated final completion at 13:12:29 (in 0.000 days).
                                                                                                  
 Time: 525 of 600 seconds.  Estimated final completion at 13:12:32 (in 0.000 days).
                                                                                                  
 Time: 530 of 600 seconds.  Estimated final completion at 13:12:32 (in 0.000 days).
                                                                                                  
 Time: 535 of 600 seconds.  Estimated final completion at 13:12:31 (in 0.000 days).
                                                                                                  
 Time: 540 of 600 seconds.  Estimated final completion at 13:12:31 (in 0.000 days).
                                                                                                  
 Time: 545 of 600 seconds.  Estimated final completion at 13:12:31 (in 0.000 days).
                                                                                                  
 Time: 550 of 600 seconds.  Estimated final completion at 13:12:31 (in 0.000 days).
                                                                                                  
 Time: 555 of 600 seconds.  Estimated final completion at 13:12:32 (in 0.000 days).
                                                                                                  
 Time: 560 of 600 seconds.  Estimated final completion at 13:12:31 (in 0.000 days).
                                                                                                  
 Time: 565 of 600 seconds.  Estimated final completion at 13:12:31 (in 0.000 days).
                                                                                                  
 Time: 570 of 600 seconds.  Estimated final completion at 13:12:32 (in 0.000 days).
                                                                                                  
 Time: 575 of 600 seconds.  Estimated final completion at 13:12:32 (in 0.000 days).
                                                                                                  
 Time: 580 of 600 seconds.  Estimated final completion at 13:12:31 (in 0.000 days).
                                                                                                  
 Time: 585 of 600 seconds.  Estimated final completion at 13:12:31 (in 0.000 days).
                                                                                                  
 Time: 590 of 600 seconds.  Estimated final completion at 13:12:31 (in 0.000 days).
                                                                                                  
 Time: 595 of 600 seconds.  Estimated final completion at 13:12:31 (in 0.000 days).
                                                                                                  
 Time: 600 of 600 seconds.  Estimated final completion at 13:12:31 (in 0.000 days).
                                                                                                  

 Total Real Time:       5.7241 minutes
 Total CPU Time:        5.081 minutes
 Simulation CPU Time:   5.0763 minutes
 Simulated Time:        10 minutes
 Time Ratio (Sim/CPU):  1.9699

 OpenFAST terminated normally.



======================================================================
CASE: 5MW_Land_DLL_WTurb_WS19_Seed02
FST : 5MW_Land_DLL_WTurb\OpenFAST_Case_Outputs\WS19\Seed02\5MW_Land_DLL_WTurb_WS19_Seed02.fst
======================================================================


**************************************************************************************************
OpenFAST

Copyright (C) 2026 National Renewable Energy Laboratory
Copyright (C) 2026 Envision Energy USA LTD

This program is licensed under Apache License Version 2.0 and comes with ABSOLUTELY NO WARRANTY.
See the "LICENSE" file distributed with this software for details.
**************************************************************************************************

OpenFAST-v5.0.0
Compile Info:
 - Compiler: Intel(R) Fortran Compiler 20250302
 - Architecture: 64 bit
 - Precision: single
 - OpenMP: No
 - Date: Mar 13 2026
 - Time: 19:00:22
Execution Info:
 - Date: 09/06/2026
 - Time: 13:12:31+0200

OpenFAST input file heading:
    FAST Certification Test #18: NREL 5.0 MW Baseline Wind Turbine (Onshore)

 Running ElastoDyn.
 Running InflowWind.

   Reading a 31x31 grid (145 m wide, 17.5 m to 162.5 m above ground) with a characteristic wind
   speed of 19 m/s. This full-field file was generated by TurbSim (v2.00.07a-bjj, 14-Jun-2016) on
   02-Sep-2026 at 21:35:07.

   Processed 12153 time steps of 20-Hz grid-field data (607.6 seconds).
 Running AeroDyn.
   AeroDyn: projMod: 1
   Projection: legacy (NoSweepPitchTwist), BEM: legacy (2D)
Warning: Turning off Unsteady Aerodynamics because polar has constant data. (node 1, blade 1)
Warning: Turning off Unsteady Aerodynamics because polar has constant data. (node 2, blade 1)
Warning: Turning off Unsteady Aerodynamics because polar has constant data. (node 3, blade 1)
Warning: Turning off Unsteady Aerodynamics because polar has constant data. (node 4, blade 1)
Warning: Turning off Unsteady Aerodynamics because polar has constant data. (node 1, blade 2)
Warning: Turning off Unsteady Aerodynamics because polar has constant data. (node 2, blade 2)
Warning: Turning off Unsteady Aerodynamics because polar has constant data. (node 3, blade 2)
Warning: Turning off Unsteady Aerodynamics because polar has constant data. (node 4, blade 2)
Warning: Turning off Unsteady Aerodynamics because polar has constant data. (node 1, blade 3)
Warning: Turning off Unsteady Aerodynamics because polar has constant data. (node 2, blade 3)
Warning: Turning off Unsteady Aerodynamics because polar has constant data. (node 3, blade 3)
Warning: Turning off Unsteady Aerodynamics because polar has constant data. (node 4, blade 3)
 Running ServoDyn.
 Running ServoDyn Interface for Bladed Controllers (using Intel Visual Fortran for Windows).
Using legacy Bladed DLL interface.
 Time: 0 of 600 seconds.

FAST_Solution:FAST_UpdateStates:Solver_Step:FAST_CalcOutput:AD_CalcOutput:RotCalcOutput:BEMT_CalcO
utput(node 5, blade 3):UA_CalcOutput:UA_BlendSteady:Temporarily turning off UA due to high angle
of attack or low relative velocity. This warning will not be repeated though the condition may
persist.


FAST_Solution:FAST_UpdateStates:Solver_Step:FAST_CalcOutput:AD_CalcOutput:RotCalcOutput:BEMT_CalcO
utput(node 18, blade 3):UA_CalcOutput:Mach number exceeds 0.3. Theory is invalid. This warning
will not be repeated though the condition may persist.

                                                                                                  
 Time: 5 of 600 seconds.  Estimated final completion at 13:15:42 (in 0.002 days).
                                                                                                  
 Time: 10 of 600 seconds.  Estimated final completion at 13:15:38 (in 0.002 days).
                                                                                                  
 Time: 15 of 600 seconds.  Estimated final completion at 13:15:32 (in 0.002 days).
                                                                                                  
 Time: 20 of 600 seconds.  Estimated final completion at 13:15:32 (in 0.002 days).
                                                                                                  
 Time: 25 of 600 seconds.  Estimated final completion at 13:15:35 (in 0.002 days).
                                                                                                  
 Time: 30 of 600 seconds.  Estimated final completion at 13:15:32 (in 0.002 days).
                                                                                                  
 Time: 35 of 600 seconds.  Estimated final completion at 13:15:32 (in 0.002 days).
                                                                                                  
 Time: 40 of 600 seconds.  Estimated final completion at 13:15:33 (in 0.002 days).
                                                                                                  
 Time: 45 of 600 seconds.  Estimated final completion at 13:15:32 (in 0.002 days).
                                                                                                  
 Time: 50 of 600 seconds.  Estimated final completion at 13:15:30 (in 0.002 days).
                                                                                                  
 Time: 55 of 600 seconds.  Estimated final completion at 13:15:32 (in 0.002 days).
                                                                                                  
 Time: 60 of 600 seconds.  Estimated final completion at 13:15:32 (in 0.002 days).
                                                                                                  
 Time: 65 of 600 seconds.  Estimated final completion at 13:15:32 (in 0.002 days).
                                                                                                  
 Time: 70 of 600 seconds.  Estimated final completion at 13:15:29 (in 0.002 days).
                                                                                                  
 Time: 75 of 600 seconds.  Estimated final completion at 13:15:31 (in 0.002 days).
                                                                                                  
 Time: 80 of 600 seconds.  Estimated final completion at 13:15:32 (in 0.002 days).
                                                                                                  
 Time: 85 of 600 seconds.  Estimated final completion at 13:15:32 (in 0.002 days).
                                                                                                  
 Time: 90 of 600 seconds.  Estimated final completion at 13:15:32 (in 0.002 days).
                                                                                                  
 Time: 95 of 600 seconds.  Estimated final completion at 13:15:31 (in 0.002 days).
                                                                                                  
 Time: 100 of 600 seconds.  Estimated final completion at 13:15:31 (in 0.002 days).
                                                                                                  
 Time: 105 of 600 seconds.  Estimated final completion at 13:15:32 (in 0.002 days).
                                                                                                  
 Time: 110 of 600 seconds.  Estimated final completion at 13:15:32 (in 0.002 days).
                                                                                                  
 Time: 115 of 600 seconds.  Estimated final completion at 13:15:33 (in 0.002 days).
                                                                                                  
 Time: 120 of 600 seconds.  Estimated final completion at 13:15:30 (in 0.002 days).
                                                                                                  
 Time: 125 of 600 seconds.  Estimated final completion at 13:15:32 (in 0.002 days).
                                                                                                  
 Time: 130 of 600 seconds.  Estimated final completion at 13:15:30 (in 0.002 days).
                                                                                                  
 Time: 135 of 600 seconds.  Estimated final completion at 13:15:30 (in 0.002 days).
                                                                                                  
 Time: 140 of 600 seconds.  Estimated final completion at 13:15:30 (in 0.002 days).
                                                                                                  
 Time: 145 of 600 seconds.  Estimated final completion at 13:15:32 (in 0.002 days).
                                                                                                  
 Time: 150 of 600 seconds.  Estimated final completion at 13:15:31 (in 0.002 days).
                                                                                                  
 Time: 155 of 600 seconds.  Estimated final completion at 13:15:31 (in 0.002 days).
                                                                                                  
 Time: 160 of 600 seconds.  Estimated final completion at 13:15:31 (in 0.002 days).
                                                                                                  
 Time: 165 of 600 seconds.  Estimated final completion at 13:15:30 (in 0.001 days).
                                                                                                  
 Time: 170 of 600 seconds.  Estimated final completion at 13:15:31 (in 0.001 days).
                                                                                                  
 Time: 175 of 600 seconds.  Estimated final completion at 13:15:31 (in 0.001 days).
                                                                                                  
 Time: 180 of 600 seconds.  Estimated final completion at 13:15:30 (in 0.001 days).
                                                                                                  
 Time: 185 of 600 seconds.  Estimated final completion at 13:15:32 (in 0.001 days).
                                                                                                  
 Time: 190 of 600 seconds.  Estimated final completion at 13:15:31 (in 0.001 days).
                                                                                                  
 Time: 195 of 600 seconds.  Estimated final completion at 13:15:30 (in 0.001 days).
                                                                                                  
 Time: 200 of 600 seconds.  Estimated final completion at 13:15:31 (in 0.001 days).
                                                                                                  
 Time: 205 of 600 seconds.  Estimated final completion at 13:15:31 (in 0.001 days).
                                                                                                  
 Time: 210 of 600 seconds.  Estimated final completion at 13:15:31 (in 0.001 days).
                                                                                                  
 Time: 215 of 600 seconds.  Estimated final completion at 13:15:32 (in 0.001 days).
                                                                                                  
 Time: 220 of 600 seconds.  Estimated final completion at 13:15:32 (in 0.001 days).
                                                                                                  
 Time: 225 of 600 seconds.  Estimated final completion at 13:15:31 (in 0.001 days).
                                                                                                  
 Time: 230 of 600 seconds.  Estimated final completion at 13:15:32 (in 0.001 days).
                                                                                                  
 Time: 235 of 600 seconds.  Estimated final completion at 13:15:33 (in 0.001 days).
                                                                                                  
 Time: 240 of 600 seconds.  Estimated final completion at 13:15:31 (in 0.001 days).
                                                                                                  
 Time: 245 of 600 seconds.  Estimated final completion at 13:15:32 (in 0.001 days).
                                                                                                  
 Time: 250 of 600 seconds.  Estimated final completion at 13:15:31 (in 0.001 days).
                                                                                                  
 Time: 255 of 600 seconds.  Estimated final completion at 13:15:33 (in 0.001 days).
                                                                                                  
 Time: 260 of 600 seconds.  Estimated final completion at 13:15:32 (in 0.001 days).
                                                                                                  
 Time: 265 of 600 seconds.  Estimated final completion at 13:15:31 (in 0.001 days).
                                                                                                  
 Time: 270 of 600 seconds.  Estimated final completion at 13:15:33 (in 0.001 days).
                                                                                                  
 Time: 275 of 600 seconds.  Estimated final completion at 13:15:32 (in 0.001 days).
                                                                                                  
 Time: 280 of 600 seconds.  Estimated final completion at 13:15:31 (in 0.001 days).
                                                                                                  
 Time: 285 of 600 seconds.  Estimated final completion at 13:15:32 (in 0.001 days).
                                                                                                  
 Time: 290 of 600 seconds.  Estimated final completion at 13:15:31 (in 0.001 days).
                                                                                                  
 Time: 295 of 600 seconds.  Estimated final completion at 13:15:32 (in 0.001 days).
                                                                                                  
 Time: 300 of 600 seconds.  Estimated final completion at 13:15:32 (in 0.001 days).
                                                                                                  
 Time: 305 of 600 seconds.  Estimated final completion at 13:15:32 (in 0.001 days).
                                                                                                  
 Time: 310 of 600 seconds.  Estimated final completion at 13:15:31 (in 0.001 days).
                                                                                                  
 Time: 315 of 600 seconds.  Estimated final completion at 13:15:32 (in 0.001 days).
                                                                                                  
 Time: 320 of 600 seconds.  Estimated final completion at 13:15:31 (in 0.001 days).
                                                                                                  
 Time: 325 of 600 seconds.  Estimated final completion at 13:15:31 (in 0.001 days).
                                                                                                  
 Time: 330 of 600 seconds.  Estimated final completion at 13:15:31 (in 0.001 days).
                                                                                                  
 Time: 335 of 600 seconds.  Estimated final completion at 13:15:31 (in 0.001 days).
                                                                                                  
 Time: 340 of 600 seconds.  Estimated final completion at 13:15:33 (in 0.001 days).
                                                                                                  
 Time: 345 of 600 seconds.  Estimated final completion at 13:15:32 (in 0.001 days).
                                                                                                  
 Time: 350 of 600 seconds.  Estimated final completion at 13:15:31 (in 0.001 days).
                                                                                                  
 Time: 355 of 600 seconds.  Estimated final completion at 13:15:31 (in 0.001 days).
                                                                                                  
 Time: 360 of 600 seconds.  Estimated final completion at 13:15:32 (in 0.001 days).
                                                                                                  
 Time: 365 of 600 seconds.  Estimated final completion at 13:15:32 (in 0.001 days).
                                                                                                  
 Time: 370 of 600 seconds.  Estimated final completion at 13:15:31 (in 0.001 days).
                                                                                                  
 Time: 375 of 600 seconds.  Estimated final completion at 13:15:31 (in 0.001 days).
                                                                                                  
 Time: 380 of 600 seconds.  Estimated final completion at 13:15:30 (in 0.001 days).
                                                                                                  
 Time: 385 of 600 seconds.  Estimated final completion at 13:15:32 (in 0.001 days).
                                                                                                  
 Time: 390 of 600 seconds.  Estimated final completion at 13:15:30 (in 0.001 days).
                                                                                                  
 Time: 395 of 600 seconds.  Estimated final completion at 13:15:32 (in 0.001 days).
                                                                                                  
 Time: 400 of 600 seconds.  Estimated final completion at 13:15:31 (in 0.001 days).
                                                                                                  
 Time: 405 of 600 seconds.  Estimated final completion at 13:15:31 (in 0.001 days).
                                                                                                  
 Time: 410 of 600 seconds.  Estimated final completion at 13:15:31 (in 0.001 days).
                                                                                                  
 Time: 415 of 600 seconds.  Estimated final completion at 13:15:31 (in 0.001 days).
                                                                                                  
 Time: 420 of 600 seconds.  Estimated final completion at 13:15:31 (in 0.001 days).
                                                                                                  
 Time: 425 of 600 seconds.  Estimated final completion at 13:15:30 (in 0.001 days).
                                                                                                  
 Time: 430 of 600 seconds.  Estimated final completion at 13:15:32 (in 0.001 days).
                                                                                                  
 Time: 435 of 600 seconds.  Estimated final completion at 13:15:32 (in 0.001 days).
                                                                                                  
 Time: 440 of 600 seconds.  Estimated final completion at 13:15:32 (in 0.001 days).
                                                                                                  
 Time: 445 of 600 seconds.  Estimated final completion at 13:15:31 (in 0.001 days).
                                                                                                  
 Time: 450 of 600 seconds.  Estimated final completion at 13:15:31 (in 0.001 days).
                                                                                                  
 Time: 455 of 600 seconds.  Estimated final completion at 13:15:31 (in 0.000 days).
                                                                                                  
 Time: 460 of 600 seconds.  Estimated final completion at 13:15:33 (in 0.001 days).
                                                                                                  
 Time: 465 of 600 seconds.  Estimated final completion at 13:15:32 (in 0.000 days).
                                                                                                  
 Time: 470 of 600 seconds.  Estimated final completion at 13:15:32 (in 0.000 days).
                                                                                                  
 Time: 475 of 600 seconds.  Estimated final completion at 13:15:32 (in 0.000 days).
                                                                                                  
 Time: 480 of 600 seconds.  Estimated final completion at 13:15:31 (in 0.000 days).
                                                                                                  
 Time: 485 of 600 seconds.  Estimated final completion at 13:15:32 (in 0.000 days).
                                                                                                  
 Time: 490 of 600 seconds.  Estimated final completion at 13:15:31 (in 0.000 days).
                                                                                                  
 Time: 495 of 600 seconds.  Estimated final completion at 13:15:32 (in 0.000 days).
                                                                                                  
 Time: 500 of 600 seconds.  Estimated final completion at 13:15:32 (in 0.000 days).
                                                                                                  
 Time: 505 of 600 seconds.  Estimated final completion at 13:15:31 (in 0.000 days).
                                                                                                  
 Time: 510 of 600 seconds.  Estimated final completion at 13:15:32 (in 0.000 days).
                                                                                                  
 Time: 515 of 600 seconds.  Estimated final completion at 13:15:32 (in 0.000 days).
                                                                                                  
 Time: 520 of 600 seconds.  Estimated final completion at 13:15:31 (in 0.000 days).
                                                                                                  
 Time: 525 of 600 seconds.  Estimated final completion at 13:15:32 (in 0.000 days).
                                                                                                  
 Time: 530 of 600 seconds.  Estimated final completion at 13:15:31 (in 0.000 days).
                                                                                                  
 Time: 535 of 600 seconds.  Estimated final completion at 13:15:32 (in 0.000 days).
                                                                                                  
 Time: 540 of 600 seconds.  Estimated final completion at 13:15:32 (in 0.000 days).
                                                                                                  
 Time: 545 of 600 seconds.  Estimated final completion at 13:15:31 (in 0.000 days).
                                                                                                  
 Time: 550 of 600 seconds.  Estimated final completion at 13:15:31 (in 0.000 days).
                                                                                                  
 Time: 555 of 600 seconds.  Estimated final completion at 13:15:31 (in 0.000 days).
                                                                                                  
 Time: 560 of 600 seconds.  Estimated final completion at 13:15:31 (in 0.000 days).
                                                                                                  
 Time: 565 of 600 seconds.  Estimated final completion at 13:15:31 (in 0.000 days).
                                                                                                  
 Time: 570 of 600 seconds.  Estimated final completion at 13:15:31 (in 0.000 days).
                                                                                                  
 Time: 575 of 600 seconds.  Estimated final completion at 13:15:30 (in 0.000 days).
                                                                                                  
 Time: 580 of 600 seconds.  Estimated final completion at 13:15:30 (in 0.000 days).
                                                                                                  
 Time: 585 of 600 seconds.  Estimated final completion at 13:15:30 (in 0.000 days).
                                                                                                  
 Time: 590 of 600 seconds.  Estimated final completion at 13:15:30 (in 0.000 days).
                                                                                                  
 Time: 595 of 600 seconds.  Estimated final completion at 13:15:30 (in 0.000 days).
                                                                                                  
 Time: 600 of 600 seconds.  Estimated final completion at 13:15:30 (in 0.000 days).
                                                                                                  

 Total Real Time:       2.9716 minutes
 Total CPU Time:        2.9307 minutes
 Simulation CPU Time:   2.9273 minutes
 Simulated Time:        10 minutes
 Time Ratio (Sim/CPU):  3.4161

 OpenFAST terminated normally.



======================================================================
CASE: 5MW_Land_DLL_WTurb_WS19_Seed03
FST : 5MW_Land_DLL_WTurb\OpenFAST_Case_Outputs\WS19\Seed03\5MW_Land_DLL_WTurb_WS19_Seed03.fst
======================================================================


**************************************************************************************************
OpenFAST

Copyright (C) 2026 National Renewable Energy Laboratory
Copyright (C) 2026 Envision Energy USA LTD

This program is licensed under Apache License Version 2.0 and comes with ABSOLUTELY NO WARRANTY.
See the "LICENSE" file distributed with this software for details.
**************************************************************************************************

OpenFAST-v5.0.0
Compile Info:
 - Compiler: Intel(R) Fortran Compiler 20250302
 - Architecture: 64 bit
 - Precision: single
 - OpenMP: No
 - Date: Mar 13 2026
 - Time: 19:00:22
Execution Info:
 - Date: 09/06/2026
 - Time: 13:15:29+0200

OpenFAST input file heading:
    FAST Certification Test #18: NREL 5.0 MW Baseline Wind Turbine (Onshore)

 Running ElastoDyn.
 Running InflowWind.

   Reading a 31x31 grid (145 m wide, 17.5 m to 162.5 m above ground) with a characteristic wind
   speed of 19 m/s. This full-field file was generated by TurbSim (v2.00.07a-bjj, 14-Jun-2016) on
   02-Sep-2026 at 21:36:14.

   Processed 12153 time steps of 20-Hz grid-field data (607.6 seconds).
 Running AeroDyn.
   AeroDyn: projMod: 1
   Projection: legacy (NoSweepPitchTwist), BEM: legacy (2D)
Warning: Turning off Unsteady Aerodynamics because polar has constant data. (node 1, blade 1)
Warning: Turning off Unsteady Aerodynamics because polar has constant data. (node 2, blade 1)
Warning: Turning off Unsteady Aerodynamics because polar has constant data. (node 3, blade 1)
Warning: Turning off Unsteady Aerodynamics because polar has constant data. (node 4, blade 1)
Warning: Turning off Unsteady Aerodynamics because polar has constant data. (node 1, blade 2)
Warning: Turning off Unsteady Aerodynamics because polar has constant data. (node 2, blade 2)
Warning: Turning off Unsteady Aerodynamics because polar has constant data. (node 3, blade 2)
Warning: Turning off Unsteady Aerodynamics because polar has constant data. (node 4, blade 2)
Warning: Turning off Unsteady Aerodynamics because polar has constant data. (node 1, blade 3)
Warning: Turning off Unsteady Aerodynamics because polar has constant data. (node 2, blade 3)
Warning: Turning off Unsteady Aerodynamics because polar has constant data. (node 3, blade 3)
Warning: Turning off Unsteady Aerodynamics because polar has constant data. (node 4, blade 3)
 Running ServoDyn.
 Running ServoDyn Interface for Bladed Controllers (using Intel Visual Fortran for Windows).
Using legacy Bladed DLL interface.
 Time: 0 of 600 seconds.

FAST_Solution:FAST_UpdateStates:Solver_Step:FAST_CalcOutput:AD_CalcOutput:RotCalcOutput:BEMT_CalcO
utput(node 5, blade 3):UA_CalcOutput:UA_BlendSteady:Temporarily turning off UA due to high angle
of attack or low relative velocity. This warning will not be repeated though the condition may
persist.


FAST_Solution:FAST_UpdateStates:Solver_Step:FAST_UpdateStates:AD_UpdateStates:BEMT_UpdateStates(no
de 18, blade 3):UA_UpdateStates:UA_UpdateDiscOtherState:ComputeKelvinChain:Mach number exceeds
0.3. Theory is invalid. This warning will not be repeated though the condition may persist.

                                                                                                  
 Time: 5 of 600 seconds.  Estimated final completion at 13:18:03 (in 0.002 days).
                                                                                                  
 Time: 10 of 600 seconds.  Estimated final completion at 13:17:58 (in 0.002 days).
                                                                                                  
 Time: 15 of 600 seconds.  Estimated final completion at 13:18:09 (in 0.002 days).
                                                                                                  
 Time: 20 of 600 seconds.  Estimated final completion at 13:17:56 (in 0.002 days).
                                                                                                  
 Time: 25 of 600 seconds.  Estimated final completion at 13:17:57 (in 0.002 days).
                                                                                                  
 Time: 30 of 600 seconds.  Estimated final completion at 13:17:54 (in 0.002 days).
                                                                                                  
 Time: 35 of 600 seconds.  Estimated final completion at 13:17:57 (in 0.002 days).
                                                                                                  
 Time: 40 of 600 seconds.  Estimated final completion at 18:41:52 (in 0.225 days).
                                                                                                  
 Time: 45 of 600 seconds.  Estimated final completion at 13:20:38 (in 0.001 days).
                                                                                                  
 Time: 50 of 600 seconds.  Estimated final completion at 13:20:50 (in 0.002 days).
                                                                                                  
 Time: 55 of 600 seconds.  Estimated final completion at 13:20:22 (in 0.001 days).
                                                                                                  
 Time: 60 of 600 seconds.  Estimated final completion at 13:20:25 (in 0.001 days).
                                                                                                  
 Time: 65 of 600 seconds.  Estimated final completion at 13:21:04 (in 0.002 days).
                                                                                                  
 Time: 70 of 600 seconds.  Estimated final completion at 13:21:09 (in 0.002 days).
                                                                                                  
 Time: 75 of 600 seconds.  Estimated final completion at 13:21:04 (in 0.002 days).
                                                                                                  
 Time: 80 of 600 seconds.  Estimated final completion at 13:21:14 (in 0.002 days).
                                                                                                  
 Time: 85 of 600 seconds.  Estimated final completion at 13:21:24 (in 0.002 days).
                                                                                                  
 Time: 90 of 600 seconds.  Estimated final completion at 13:25:46 (in 0.005 days).
                                                                                                  
 Time: 95 of 600 seconds.  Estimated final completion at 13:25:42 (in 0.005 days).
                                                                                                  
 Time: 100 of 600 seconds.  Estimated final completion at 13:25:50 (in 0.005 days).
                                                                                                  
 Time: 105 of 600 seconds.  Estimated final completion at 13:25:29 (in 0.005 days).
                                                                                                  
 Time: 110 of 600 seconds.  Estimated final completion at 13:25:52 (in 0.005 days).
                                                                                                  
 Time: 115 of 600 seconds.  Estimated final completion at 13:26:01 (in 0.005 days).
                                                                                                  
 Time: 120 of 600 seconds.  Estimated final completion at 13:25:28 (in 0.004 days).
                                                                                                  
 Time: 125 of 600 seconds.  Estimated final completion at 13:25:44 (in 0.004 days).
                                                                                                  
 Time: 130 of 600 seconds.  Estimated final completion at 13:25:31 (in 0.004 days).
                                                                                                  
 Time: 135 of 600 seconds.  Estimated final completion at 13:25:39 (in 0.004 days).
                                                                                                  
 Time: 140 of 600 seconds.  Estimated final completion at 13:25:31 (in 0.004 days).
                                                                                                  
 Time: 145 of 600 seconds.  Estimated final completion at 13:26:07 (in 0.005 days).
                                                                                                  
 Time: 150 of 600 seconds.  Estimated final completion at 13:25:46 (in 0.004 days).
                                                                                                  
 Time: 155 of 600 seconds.  Estimated final completion at 13:26:06 (in 0.004 days).
                                                                                                  
 Time: 160 of 600 seconds.  Estimated final completion at 13:25:22 (in 0.004 days).
                                                                                                  
 Time: 165 of 600 seconds.  Estimated final completion at 13:25:36 (in 0.004 days).
                                                                                                  
 Time: 170 of 600 seconds.  Estimated final completion at 13:25:35 (in 0.004 days).
                                                                                                  
 Time: 175 of 600 seconds.  Estimated final completion at 13:25:51 (in 0.004 days).
                                                                                                  
 Time: 180 of 600 seconds.  Estimated final completion at 13:25:18 (in 0.004 days).
                                                                                                  
 Time: 185 of 600 seconds.  Estimated final completion at 13:25:46 (in 0.004 days).
                                                                                                  
 Time: 190 of 600 seconds.  Estimated final completion at 13:25:38 (in 0.004 days).
                                                                                                  
 Time: 195 of 600 seconds.  Estimated final completion at 13:25:57 (in 0.004 days).
                                                                                                  
 Time: 200 of 600 seconds.  Estimated final completion at 13:25:41 (in 0.004 days).
                                                                                                  
 Time: 205 of 600 seconds.  Estimated final completion at 13:25:45 (in 0.004 days).
                                                                                                  
 Time: 210 of 600 seconds.  Estimated final completion at 13:25:23 (in 0.003 days).
                                                                                                  
 Time: 215 of 600 seconds.  Estimated final completion at 13:25:40 (in 0.004 days).
                                                                                                  
 Time: 220 of 600 seconds.  Estimated final completion at 13:25:21 (in 0.003 days).
                                                                                                  
 Time: 225 of 600 seconds.  Estimated final completion at 13:25:25 (in 0.003 days).
                                                                                                  
 Time: 230 of 600 seconds.  Estimated final completion at 13:25:20 (in 0.003 days).
                                                                                                  
 Time: 235 of 600 seconds.  Estimated final completion at 13:25:45 (in 0.003 days).
                                                                                                  
 Time: 240 of 600 seconds.  Estimated final completion at 13:25:53 (in 0.004 days).
                                                                                                  
 Time: 245 of 600 seconds.  Estimated final completion at 13:25:33 (in 0.003 days).
                                                                                                  
 Time: 250 of 600 seconds.  Estimated final completion at 13:25:44 (in 0.003 days).
                                                                                                  
 Time: 255 of 600 seconds.  Estimated final completion at 13:25:34 (in 0.003 days).
                                                                                                  
 Time: 260 of 600 seconds.  Estimated final completion at 13:25:18 (in 0.003 days).
                                                                                                  
 Time: 265 of 600 seconds.  Estimated final completion at 13:25:32 (in 0.003 days).
                                                                                                  
 Time: 270 of 600 seconds.  Estimated final completion at 13:25:49 (in 0.003 days).
                                                                                                  
 Time: 275 of 600 seconds.  Estimated final completion at 13:25:24 (in 0.003 days).
                                                                                                  
 Time: 280 of 600 seconds.  Estimated final completion at 13:25:10 (in 0.003 days).
                                                                                                  
 Time: 285 of 600 seconds.  Estimated final completion at 13:25:42 (in 0.003 days).
                                                                                                  
 Time: 290 of 600 seconds.  Estimated final completion at 13:25:19 (in 0.003 days).
                                                                                                  
 Time: 295 of 600 seconds.  Estimated final completion at 13:25:54 (in 0.003 days).
                                                                                                  
 Time: 300 of 600 seconds.  Estimated final completion at 13:25:16 (in 0.003 days).
                                                                                                  
 Time: 305 of 600 seconds.  Estimated final completion at 13:25:38 (in 0.003 days).
                                                                                                  
 Time: 310 of 600 seconds.  Estimated final completion at 13:25:35 (in 0.003 days).
                                                                                                  
 Time: 315 of 600 seconds.  Estimated final completion at 13:25:51 (in 0.003 days).
                                                                                                  
 Time: 320 of 600 seconds.  Estimated final completion at 13:25:15 (in 0.002 days).
                                                                                                  
 Time: 325 of 600 seconds.  Estimated final completion at 13:25:06 (in 0.002 days).
                                                                                                  
 Time: 330 of 600 seconds.  Estimated final completion at 13:23:11 (in 0.001 days).
                                                                                                  
 Time: 335 of 600 seconds.  Estimated final completion at 13:23:23 (in 0.001 days).
                                                                                                  
 Time: 340 of 600 seconds.  Estimated final completion at 13:23:21 (in 0.001 days).
                                                                                                  
 Time: 345 of 600 seconds.  Estimated final completion at 13:23:24 (in 0.001 days).
                                                                                                  
 Time: 350 of 600 seconds.  Estimated final completion at 13:23:11 (in 0.001 days).
                                                                                                  
 Time: 355 of 600 seconds.  Estimated final completion at 13:23:06 (in 0.001 days).
                                                                                                  
 Time: 360 of 600 seconds.  Estimated final completion at 13:23:21 (in 0.001 days).
                                                                                                  
 Time: 365 of 600 seconds.  Estimated final completion at 13:23:06 (in 0.001 days).
                                                                                                  
 Time: 370 of 600 seconds.  Estimated final completion at 13:23:18 (in 0.001 days).
                                                                                                  
 Time: 375 of 600 seconds.  Estimated final completion at 13:23:18 (in 0.001 days).
                                                                                                  
 Time: 380 of 600 seconds.  Estimated final completion at 13:23:15 (in 0.001 days).
                                                                                                  
 Time: 385 of 600 seconds.  Estimated final completion at 13:23:12 (in 0.001 days).
                                                                                                  
 Time: 390 of 600 seconds.  Estimated final completion at 13:23:07 (in 0.001 days).
                                                                                                  
 Time: 395 of 600 seconds.  Estimated final completion at 13:23:17 (in 0.001 days).
                                                                                                  
 Time: 400 of 600 seconds.  Estimated final completion at 13:23:18 (in 0.001 days).
                                                                                                  
 Time: 405 of 600 seconds.  Estimated final completion at 13:23:17 (in 0.001 days).
                                                                                                  
 Time: 410 of 600 seconds.  Estimated final completion at 13:23:17 (in 0.001 days).
                                                                                                  
 Time: 415 of 600 seconds.  Estimated final completion at 13:23:15 (in 0.001 days).
                                                                                                  
 Time: 420 of 600 seconds.  Estimated final completion at 13:23:12 (in 0.001 days).
                                                                                                  
 Time: 425 of 600 seconds.  Estimated final completion at 13:23:17 (in 0.001 days).
                                                                                                  
 Time: 430 of 600 seconds.  Estimated final completion at 13:23:18 (in 0.001 days).
                                                                                                  
 Time: 435 of 600 seconds.  Estimated final completion at 13:23:17 (in 0.001 days).
                                                                                                  
 Time: 440 of 600 seconds.  Estimated final completion at 13:23:12 (in 0.001 days).
                                                                                                  
 Time: 445 of 600 seconds.  Estimated final completion at 13:23:17 (in 0.001 days).
                                                                                                  
 Time: 450 of 600 seconds.  Estimated final completion at 13:23:17 (in 0.001 days).
                                                                                                  
 Time: 455 of 600 seconds.  Estimated final completion at 13:23:17 (in 0.001 days).
                                                                                                  
 Time: 460 of 600 seconds.  Estimated final completion at 13:23:16 (in 0.000 days).
                                                                                                  
 Time: 465 of 600 seconds.  Estimated final completion at 13:23:17 (in 0.000 days).
                                                                                                  
 Time: 470 of 600 seconds.  Estimated final completion at 13:23:17 (in 0.000 days).
                                                                                                  
 Time: 475 of 600 seconds.  Estimated final completion at 13:23:17 (in 0.000 days).
                                                                                                  
 Time: 480 of 600 seconds.  Estimated final completion at 13:23:17 (in 0.000 days).
                                                                                                  
 Time: 485 of 600 seconds.  Estimated final completion at 13:23:17 (in 0.000 days).
                                                                                                  
 Time: 490 of 600 seconds.  Estimated final completion at 13:23:17 (in 0.000 days).
                                                                                                  
 Time: 495 of 600 seconds.  Estimated final completion at 13:23:16 (in 0.000 days).
                                                                                                  
 Time: 500 of 600 seconds.  Estimated final completion at 13:23:17 (in 0.000 days).
                                                                                                  
 Time: 505 of 600 seconds.  Estimated final completion at 13:23:17 (in 0.000 days).
                                                                                                  
 Time: 510 of 600 seconds.  Estimated final completion at 13:23:17 (in 0.000 days).
                                                                                                  
 Time: 515 of 600 seconds.  Estimated final completion at 13:23:17 (in 0.000 days).
                                                                                                  
 Time: 520 of 600 seconds.  Estimated final completion at 13:23:17 (in 0.000 days).
                                                                                                  
 Time: 525 of 600 seconds.  Estimated final completion at 13:23:17 (in 0.000 days).
                                                                                                  
 Time: 530 of 600 seconds.  Estimated final completion at 13:23:17 (in 0.000 days).
                                                                                                  
 Time: 535 of 600 seconds.  Estimated final completion at 13:23:17 (in 0.000 days).
                                                                                                  
 Time: 540 of 600 seconds.  Estimated final completion at 13:23:17 (in 0.000 days).
                                                                                                  
 Time: 545 of 600 seconds.  Estimated final completion at 13:23:17 (in 0.000 days).
                                                                                                  
 Time: 550 of 600 seconds.  Estimated final completion at 13:23:17 (in 0.000 days).
                                                                                                  
 Time: 555 of 600 seconds.  Estimated final completion at 13:23:16 (in 0.000 days).
                                                                                                  
 Time: 560 of 600 seconds.  Estimated final completion at 13:23:22 (in 0.000 days).
                                                                                                  
 Time: 565 of 600 seconds.  Estimated final completion at 13:23:40 (in 0.000 days).
                                                                                                  
 Time: 570 of 600 seconds.  Estimated final completion at 13:23:39 (in 0.000 days).
                                                                                                  
 Time: 575 of 600 seconds.  Estimated final completion at 13:23:28 (in 0.000 days).
                                                                                                  
 Time: 580 of 600 seconds.  Estimated final completion at 13:23:24 (in 0.000 days).
                                                                                                  
 Time: 585 of 600 seconds.  Estimated final completion at 13:23:23 (in 0.000 days).
                                                                                                  
 Time: 590 of 600 seconds.  Estimated final completion at 13:23:23 (in 0.000 days).
                                                                                                  
 Time: 595 of 600 seconds.  Estimated final completion at 13:23:23 (in 0.000 days).
                                                                                                  
 Time: 600 of 600 seconds.  Estimated final completion at 13:23:23 (in 0.000 days).
                                                                                                  

 Total Real Time:       7.8917 minutes
 Total CPU Time:        4.6995 minutes
 Simulation CPU Time:   4.6958 minutes
 Simulated Time:        10 minutes
 Time Ratio (Sim/CPU):  2.1295

 OpenFAST terminated normally.



======================================================================
CASE: 5MW_Land_DLL_WTurb_WS19_Seed04
FST : 5MW_Land_DLL_WTurb\OpenFAST_Case_Outputs\WS19\Seed04\5MW_Land_DLL_WTurb_WS19_Seed04.fst
======================================================================


**************************************************************************************************
OpenFAST

Copyright (C) 2026 National Renewable Energy Laboratory
Copyright (C) 2026 Envision Energy USA LTD

This program is licensed under Apache License Version 2.0 and comes with ABSOLUTELY NO WARRANTY.
See the "LICENSE" file distributed with this software for details.
**************************************************************************************************

OpenFAST-v5.0.0
Compile Info:
 - Compiler: Intel(R) Fortran Compiler 20250302
 - Architecture: 64 bit
 - Precision: single
 - OpenMP: No
 - Date: Mar 13 2026
 - Time: 19:00:22
Execution Info:
 - Date: 09/06/2026
 - Time: 13:23:23+0200

OpenFAST input file heading:
    FAST Certification Test #18: NREL 5.0 MW Baseline Wind Turbine (Onshore)

 Running ElastoDyn.
 Running InflowWind.

   Reading a 31x31 grid (145 m wide, 17.5 m to 162.5 m above ground) with a characteristic wind
   speed of 19 m/s. This full-field file was generated by TurbSim (v2.00.07a-bjj, 14-Jun-2016) on
   02-Sep-2026 at 21:40:22.

   Processed 12153 time steps of 20-Hz grid-field data (607.6 seconds).
 Running AeroDyn.
   AeroDyn: projMod: 1
   Projection: legacy (NoSweepPitchTwist), BEM: legacy (2D)
Warning: Turning off Unsteady Aerodynamics because polar has constant data. (node 1, blade 1)
Warning: Turning off Unsteady Aerodynamics because polar has constant data. (node 2, blade 1)
Warning: Turning off Unsteady Aerodynamics because polar has constant data. (node 3, blade 1)
Warning: Turning off Unsteady Aerodynamics because polar has constant data. (node 4, blade 1)
Warning: Turning off Unsteady Aerodynamics because polar has constant data. (node 1, blade 2)
Warning: Turning off Unsteady Aerodynamics because polar has constant data. (node 2, blade 2)
Warning: Turning off Unsteady Aerodynamics because polar has constant data. (node 3, blade 2)
Warning: Turning off Unsteady Aerodynamics because polar has constant data. (node 4, blade 2)
Warning: Turning off Unsteady Aerodynamics because polar has constant data. (node 1, blade 3)
Warning: Turning off Unsteady Aerodynamics because polar has constant data. (node 2, blade 3)
Warning: Turning off Unsteady Aerodynamics because polar has constant data. (node 3, blade 3)
Warning: Turning off Unsteady Aerodynamics because polar has constant data. (node 4, blade 3)
 Running ServoDyn.
 Running ServoDyn Interface for Bladed Controllers (using Intel Visual Fortran for Windows).
Using legacy Bladed DLL interface.
 Time: 0 of 600 seconds.

FAST_Solution:FAST_UpdateStates:Solver_Step:FAST_UpdateStates:AD_UpdateStates:BEMT_UpdateStates(no
de 18, blade 3):UA_UpdateStates:UA_UpdateDiscOtherState:ComputeKelvinChain:Mach number exceeds
0.3. Theory is invalid. This warning will not be repeated though the condition may persist.

                                                                                                  
 Time: 5 of 600 seconds.  Estimated final completion at 13:25:59 (in 0.002 days).
                                                                                                  
 Time: 10 of 600 seconds.  Estimated final completion at 13:26:14 (in 0.002 days).
                                                                                                  
 Time: 15 of 600 seconds.  Estimated final completion at 13:26:14 (in 0.002 days).
                                                                                                  
 Time: 20 of 600 seconds.  Estimated final completion at 13:26:29 (in 0.002 days).
                                                                                                  
 Time: 25 of 600 seconds.  Estimated final completion at 13:26:26 (in 0.002 days).
                                                                                                  
 Time: 30 of 600 seconds.  Estimated final completion at 13:26:27 (in 0.002 days).
                                                                                                  
 Time: 35 of 600 seconds.  Estimated final completion at 13:26:26 (in 0.002 days).
                                                                                                  
 Time: 40 of 600 seconds.  Estimated final completion at 13:26:23 (in 0.002 days).
                                                                                                  
 Time: 45 of 600 seconds.  Estimated final completion at 13:26:24 (in 0.002 days).
                                                                                                  
 Time: 50 of 600 seconds.  Estimated final completion at 13:26:23 (in 0.002 days).
                                                                                                  
 Time: 55 of 600 seconds.  Estimated final completion at 13:26:23 (in 0.002 days).
                                                                                                  
 Time: 60 of 600 seconds.  Estimated final completion at 13:26:23 (in 0.002 days).
                                                                                                  
 Time: 65 of 600 seconds.  Estimated final completion at 13:26:29 (in 0.002 days).
                                                                                                  
 Time: 70 of 600 seconds.  Estimated final completion at 13:26:25 (in 0.002 days).
                                                                                                  
 Time: 75 of 600 seconds.  Estimated final completion at 13:26:23 (in 0.002 days).
                                                                                                  
 Time: 80 of 600 seconds.  Estimated final completion at 13:27:12 (in 0.002 days).
                                                                                                  
 Time: 85 of 600 seconds.  Estimated final completion at 13:31:60 (in 0.006 days).
                                                                                                  
 Time: 90 of 600 seconds.  Estimated final completion at 13:31:05 (in 0.005 days).
                                                                                                  
 Time: 95 of 600 seconds.  Estimated final completion at 13:31:23 (in 0.005 days).
                                                                                                  
 Time: 100 of 600 seconds.  Estimated final completion at 13:29:09 (in 0.004 days).
                                                                                                  
 Time: 105 of 600 seconds.  Estimated final completion at 13:26:34 (in 0.002 days).
                                                                                                  
 Time: 110 of 600 seconds.  Estimated final completion at 13:26:35 (in 0.002 days).
                                                                                                  
 Time: 115 of 600 seconds.  Estimated final completion at 13:26:37 (in 0.002 days).
                                                                                                  
 Time: 120 of 600 seconds.  Estimated final completion at 13:26:37 (in 0.002 days).
                                                                                                  
 Time: 125 of 600 seconds.  Estimated final completion at 13:26:33 (in 0.002 days).
                                                                                                  
 Time: 130 of 600 seconds.  Estimated final completion at 13:26:35 (in 0.002 days).
                                                                                                  
 Time: 135 of 600 seconds.  Estimated final completion at 13:26:34 (in 0.002 days).
                                                                                                  
 Time: 140 of 600 seconds.  Estimated final completion at 13:26:35 (in 0.002 days).
                                                                                                  
 Time: 145 of 600 seconds.  Estimated final completion at 13:26:34 (in 0.002 days).
                                                                                                  
 Time: 150 of 600 seconds.  Estimated final completion at 13:26:36 (in 0.002 days).
                                                                                                  
 Time: 155 of 600 seconds.  Estimated final completion at 13:26:33 (in 0.002 days).
                                                                                                  
 Time: 160 of 600 seconds.  Estimated final completion at 13:26:34 (in 0.002 days).
                                                                                                  
 Time: 165 of 600 seconds.  Estimated final completion at 13:26:37 (in 0.002 days).
                                                                                                  
 Time: 170 of 600 seconds.  Estimated final completion at 13:26:49 (in 0.002 days).
                                                                                                  
 Time: 175 of 600 seconds.  Estimated final completion at 13:30:50 (in 0.004 days).
                                                                                                  
 Time: 180 of 600 seconds.  Estimated final completion at 13:30:34 (in 0.004 days).
                                                                                                  
 Time: 185 of 600 seconds.  Estimated final completion at 13:30:34 (in 0.004 days).
                                                                                                  
 Time: 190 of 600 seconds.  Estimated final completion at 13:30:20 (in 0.004 days).
                                                                                                  
 Time: 195 of 600 seconds.  Estimated final completion at 13:30:44 (in 0.004 days).
                                                                                                  
 Time: 200 of 600 seconds.  Estimated final completion at 13:31:00 (in 0.004 days).
                                                                                                  
 Time: 205 of 600 seconds.  Estimated final completion at 13:30:45 (in 0.004 days).
                                                                                                  
 Time: 210 of 600 seconds.  Estimated final completion at 13:30:53 (in 0.004 days).
                                                                                                  
 Time: 215 of 600 seconds.  Estimated final completion at 13:31:04 (in 0.004 days).
                                                                                                  
 Time: 220 of 600 seconds.  Estimated final completion at 13:30:48 (in 0.004 days).
                                                                                                  
 Time: 225 of 600 seconds.  Estimated final completion at 13:30:40 (in 0.004 days).
                                                                                                  
 Time: 230 of 600 seconds.  Estimated final completion at 13:30:27 (in 0.004 days).
                                                                                                  
 Time: 235 of 600 seconds.  Estimated final completion at 13:30:41 (in 0.004 days).
                                                                                                  
 Time: 240 of 600 seconds.  Estimated final completion at 13:31:25 (in 0.004 days).
                                                                                                  
 Time: 245 of 600 seconds.  Estimated final completion at 13:31:14 (in 0.004 days).
                                                                                                  
 Time: 250 of 600 seconds.  Estimated final completion at 13:30:21 (in 0.003 days).
                                                                                                  
 Time: 255 of 600 seconds.  Estimated final completion at 13:30:39 (in 0.003 days).
                                                                                                  
 Time: 260 of 600 seconds.  Estimated final completion at 13:30:41 (in 0.003 days).
                                                                                                  
 Time: 265 of 600 seconds.  Estimated final completion at 13:30:10 (in 0.003 days).
                                                                                                  
 Time: 270 of 600 seconds.  Estimated final completion at 13:30:41 (in 0.003 days).
                                                                                                  
 Time: 275 of 600 seconds.  Estimated final completion at 13:30:24 (in 0.003 days).
                                                                                                  
 Time: 280 of 600 seconds.  Estimated final completion at 13:30:32 (in 0.003 days).
                                                                                                  
 Time: 285 of 600 seconds.  Estimated final completion at 13:30:27 (in 0.003 days).
                                                                                                  
 Time: 290 of 600 seconds.  Estimated final completion at 13:30:47 (in 0.003 days).
                                                                                                  
 Time: 295 of 600 seconds.  Estimated final completion at 13:30:20 (in 0.003 days).
                                                                                                  
 Time: 300 of 600 seconds.  Estimated final completion at 13:30:28 (in 0.003 days).
                                                                                                  
 Time: 305 of 600 seconds.  Estimated final completion at 13:30:34 (in 0.003 days).
                                                                                                  
 Time: 310 of 600 seconds.  Estimated final completion at 13:30:54 (in 0.003 days).
                                                                                                  
 Time: 315 of 600 seconds.  Estimated final completion at 13:30:40 (in 0.003 days).
                                                                                                  
 Time: 320 of 600 seconds.  Estimated final completion at 13:30:40 (in 0.003 days).
                                                                                                  
 Time: 325 of 600 seconds.  Estimated final completion at 13:30:41 (in 0.003 days).
                                                                                                  
 Time: 330 of 600 seconds.  Estimated final completion at 13:30:42 (in 0.003 days).
                                                                                                  
 Time: 335 of 600 seconds.  Estimated final completion at 13:30:51 (in 0.003 days).
                                                                                                  
 Time: 340 of 600 seconds.  Estimated final completion at 13:30:32 (in 0.003 days).
                                                                                                  
 Time: 345 of 600 seconds.  Estimated final completion at 13:30:38 (in 0.003 days).
                                                                                                  
 Time: 350 of 600 seconds.  Estimated final completion at 13:30:48 (in 0.003 days).
                                                                                                  
 Time: 355 of 600 seconds.  Estimated final completion at 13:30:17 (in 0.002 days).
                                                                                                  
 Time: 360 of 600 seconds.  Estimated final completion at 13:30:45 (in 0.002 days).
                                                                                                  
 Time: 365 of 600 seconds.  Estimated final completion at 13:30:36 (in 0.002 days).
                                                                                                  
 Time: 370 of 600 seconds.  Estimated final completion at 13:30:49 (in 0.002 days).
                                                                                                  
 Time: 375 of 600 seconds.  Estimated final completion at 13:30:44 (in 0.002 days).
                                                                                                  
 Time: 380 of 600 seconds.  Estimated final completion at 13:30:25 (in 0.002 days).
                                                                                                  
 Time: 385 of 600 seconds.  Estimated final completion at 13:30:43 (in 0.002 days).
                                                                                                  
 Time: 390 of 600 seconds.  Estimated final completion at 13:30:38 (in 0.002 days).
                                                                                                  
 Time: 395 of 600 seconds.  Estimated final completion at 13:30:52 (in 0.002 days).
                                                                                                  
 Time: 400 of 600 seconds.  Estimated final completion at 13:30:56 (in 0.002 days).
                                                                                                  
 Time: 405 of 600 seconds.  Estimated final completion at 13:30:27 (in 0.002 days).
                                                                                                  
 Time: 410 of 600 seconds.  Estimated final completion at 13:30:28 (in 0.002 days).
                                                                                                  
 Time: 415 of 600 seconds.  Estimated final completion at 13:30:46 (in 0.002 days).
                                                                                                  
 Time: 420 of 600 seconds.  Estimated final completion at 13:30:28 (in 0.002 days).
                                                                                                  
 Time: 425 of 600 seconds.  Estimated final completion at 13:29:39 (in 0.001 days).
                                                                                                  
 Time: 430 of 600 seconds.  Estimated final completion at 13:29:33 (in 0.001 days).
                                                                                                  
 Time: 435 of 600 seconds.  Estimated final completion at 13:29:34 (in 0.001 days).
                                                                                                  
 Time: 440 of 600 seconds.  Estimated final completion at 13:29:47 (in 0.001 days).
                                                                                                  
 Time: 445 of 600 seconds.  Estimated final completion at 13:29:39 (in 0.001 days).
                                                                                                  
 Time: 450 of 600 seconds.  Estimated final completion at 13:29:42 (in 0.001 days).
                                                                                                  
 Time: 455 of 600 seconds.  Estimated final completion at 13:29:38 (in 0.001 days).
                                                                                                  
 Time: 460 of 600 seconds.  Estimated final completion at 13:29:44 (in 0.001 days).
                                                                                                  
 Time: 465 of 600 seconds.  Estimated final completion at 13:29:31 (in 0.001 days).
                                                                                                  
 Time: 470 of 600 seconds.  Estimated final completion at 13:29:37 (in 0.001 days).
                                                                                                  
 Time: 475 of 600 seconds.  Estimated final completion at 13:29:43 (in 0.001 days).
                                                                                                  
 Time: 480 of 600 seconds.  Estimated final completion at 13:29:32 (in 0.001 days).
                                                                                                  
 Time: 485 of 600 seconds.  Estimated final completion at 13:29:32 (in 0.001 days).
                                                                                                  
 Time: 490 of 600 seconds.  Estimated final completion at 13:29:38 (in 0.001 days).
                                                                                                  
 Time: 495 of 600 seconds.  Estimated final completion at 13:29:39 (in 0.001 days).
                                                                                                  
 Time: 500 of 600 seconds.  Estimated final completion at 13:29:46 (in 0.001 days).
                                                                                                  
 Time: 505 of 600 seconds.  Estimated final completion at 13:29:42 (in 0.001 days).
                                                                                                  
 Time: 510 of 600 seconds.  Estimated final completion at 13:29:40 (in 0.001 days).
                                                                                                  
 Time: 515 of 600 seconds.  Estimated final completion at 13:29:41 (in 0.001 days).
                                                                                                  
 Time: 520 of 600 seconds.  Estimated final completion at 13:29:36 (in 0.000 days).
                                                                                                  
 Time: 525 of 600 seconds.  Estimated final completion at 13:29:42 (in 0.000 days).
                                                                                                  
 Time: 530 of 600 seconds.  Estimated final completion at 13:29:16 (in 0.000 days).
                                                                                                  
 Time: 535 of 600 seconds.  Estimated final completion at 13:29:14 (in 0.000 days).
                                                                                                  
 Time: 540 of 600 seconds.  Estimated final completion at 13:29:14 (in 0.000 days).
                                                                                                  
 Time: 545 of 600 seconds.  Estimated final completion at 13:29:14 (in 0.000 days).
                                                                                                  
 Time: 550 of 600 seconds.  Estimated final completion at 13:29:14 (in 0.000 days).
                                                                                                  
 Time: 555 of 600 seconds.  Estimated final completion at 13:29:14 (in 0.000 days).
                                                                                                  
 Time: 560 of 600 seconds.  Estimated final completion at 13:29:14 (in 0.000 days).
                                                                                                  
 Time: 565 of 600 seconds.  Estimated final completion at 13:29:14 (in 0.000 days).
                                                                                                  
 Time: 570 of 600 seconds.  Estimated final completion at 13:29:14 (in 0.000 days).
                                                                                                  
 Time: 575 of 600 seconds.  Estimated final completion at 13:29:14 (in 0.000 days).
                                                                                                  
 Time: 580 of 600 seconds.  Estimated final completion at 13:29:14 (in 0.000 days).
                                                                                                  
 Time: 585 of 600 seconds.  Estimated final completion at 13:29:14 (in 0.000 days).
                                                                                                  
 Time: 590 of 600 seconds.  Estimated final completion at 13:29:14 (in 0.000 days).
                                                                                                  
 Time: 595 of 600 seconds.  Estimated final completion at 13:29:14 (in 0.000 days).
                                                                                                  
 Time: 600 of 600 seconds.  Estimated final completion at 13:29:14 (in 0.000 days).
                                                                                                  

 Total Real Time:       5.8402 minutes
 Total CPU Time:        4.9729 minutes
 Simulation CPU Time:   4.9693 minutes
 Simulated Time:        10 minutes
 Time Ratio (Sim/CPU):  2.0124

 OpenFAST terminated normally.



======================================================================
CASE: 5MW_Land_DLL_WTurb_WS19_Seed05
FST : 5MW_Land_DLL_WTurb\OpenFAST_Case_Outputs\WS19\Seed05\5MW_Land_DLL_WTurb_WS19_Seed05.fst
======================================================================


**************************************************************************************************
OpenFAST

Copyright (C) 2026 National Renewable Energy Laboratory
Copyright (C) 2026 Envision Energy USA LTD

This program is licensed under Apache License Version 2.0 and comes with ABSOLUTELY NO WARRANTY.
See the "LICENSE" file distributed with this software for details.
**************************************************************************************************

OpenFAST-v5.0.0
Compile Info:
 - Compiler: Intel(R) Fortran Compiler 20250302
 - Architecture: 64 bit
 - Precision: single
 - OpenMP: No
 - Date: Mar 13 2026
 - Time: 19:00:22
Execution Info:
 - Date: 09/06/2026
 - Time: 13:29:13+0200

OpenFAST input file heading:
    FAST Certification Test #18: NREL 5.0 MW Baseline Wind Turbine (Onshore)

 Running ElastoDyn.
 Running InflowWind.

   Reading a 31x31 grid (145 m wide, 17.5 m to 162.5 m above ground) with a characteristic wind
   speed of 19 m/s. This full-field file was generated by TurbSim (v2.00.07a-bjj, 14-Jun-2016) on
   02-Sep-2026 at 21:44:29.

   Processed 12153 time steps of 20-Hz grid-field data (607.6 seconds).
 Running AeroDyn.
   AeroDyn: projMod: 1
   Projection: legacy (NoSweepPitchTwist), BEM: legacy (2D)
Warning: Turning off Unsteady Aerodynamics because polar has constant data. (node 1, blade 1)
Warning: Turning off Unsteady Aerodynamics because polar has constant data. (node 2, blade 1)
Warning: Turning off Unsteady Aerodynamics because polar has constant data. (node 3, blade 1)
Warning: Turning off Unsteady Aerodynamics because polar has constant data. (node 4, blade 1)
Warning: Turning off Unsteady Aerodynamics because polar has constant data. (node 1, blade 2)
Warning: Turning off Unsteady Aerodynamics because polar has constant data. (node 2, blade 2)
Warning: Turning off Unsteady Aerodynamics because polar has constant data. (node 3, blade 2)
Warning: Turning off Unsteady Aerodynamics because polar has constant data. (node 4, blade 2)
Warning: Turning off Unsteady Aerodynamics because polar has constant data. (node 1, blade 3)
Warning: Turning off Unsteady Aerodynamics because polar has constant data. (node 2, blade 3)
Warning: Turning off Unsteady Aerodynamics because polar has constant data. (node 3, blade 3)
Warning: Turning off Unsteady Aerodynamics because polar has constant data. (node 4, blade 3)
 Running ServoDyn.
 Running ServoDyn Interface for Bladed Controllers (using Intel Visual Fortran for Windows).
Using legacy Bladed DLL interface.
 Time: 0 of 600 seconds.

FAST_Solution:FAST_UpdateStates:Solver_Step:FAST_CalcOutput:AD_CalcOutput:RotCalcOutput:BEMT_CalcO
utput(node 5, blade 3):UA_CalcOutput:UA_BlendSteady:Temporarily turning off UA due to high angle
of attack or low relative velocity. This warning will not be repeated though the condition may
persist.


FAST_Solution:FAST_UpdateStates:Solver_Step:FAST_CalcOutput:AD_CalcOutput:RotCalcOutput:BEMT_CalcO
utput(node 18, blade 3):UA_CalcOutput:Mach number exceeds 0.3. Theory is invalid. This warning
will not be repeated though the condition may persist.

                                                                                                  
 Time: 5 of 600 seconds.  Estimated final completion at 13:31:17 (in 0.001 days).
                                                                                                  
 Time: 10 of 600 seconds.  Estimated final completion at 13:31:13 (in 0.001 days).
                                                                                                  
 Time: 15 of 600 seconds.  Estimated final completion at 13:31:12 (in 0.001 days).
                                                                                                  
 Time: 20 of 600 seconds.  Estimated final completion at 13:31:12 (in 0.001 days).
                                                                                                  
 Time: 25 of 600 seconds.  Estimated final completion at 13:31:11 (in 0.001 days).
                                                                                                  
 Time: 30 of 600 seconds.  Estimated final completion at 13:31:11 (in 0.001 days).
                                                                                                  
 Time: 35 of 600 seconds.  Estimated final completion at 13:31:13 (in 0.001 days).
                                                                                                  
 Time: 40 of 600 seconds.  Estimated final completion at 13:31:11 (in 0.001 days).
                                                                                                  
 Time: 45 of 600 seconds.  Estimated final completion at 13:31:12 (in 0.001 days).
                                                                                                  
 Time: 50 of 600 seconds.  Estimated final completion at 13:32:42 (in 0.002 days).
                                                                                                  
 Time: 55 of 600 seconds.  Estimated final completion at 13:34:24 (in 0.003 days).
                                                                                                  
 Time: 60 of 600 seconds.  Estimated final completion at 13:34:48 (in 0.004 days).
                                                                                                  
 Time: 65 of 600 seconds.  Estimated final completion at 13:34:45 (in 0.004 days).
                                                                                                  
 Time: 70 of 600 seconds.  Estimated final completion at 13:35:01 (in 0.004 days).
                                                                                                  
 Time: 75 of 600 seconds.  Estimated final completion at 13:34:39 (in 0.003 days).
                                                                                                  
 Time: 80 of 600 seconds.  Estimated final completion at 13:34:54 (in 0.004 days).
                                                                                                  
 Time: 85 of 600 seconds.  Estimated final completion at 13:34:17 (in 0.003 days).
                                                                                                  
 Time: 90 of 600 seconds.  Estimated final completion at 13:34:43 (in 0.003 days).
                                                                                                  
 Time: 95 of 600 seconds.  Estimated final completion at 13:35:01 (in 0.004 days).
                                                                                                  
 Time: 100 of 600 seconds.  Estimated final completion at 13:35:06 (in 0.004 days).
                                                                                                  
 Time: 105 of 600 seconds.  Estimated final completion at 13:34:60 (in 0.004 days).
                                                                                                  
 Time: 110 of 600 seconds.  Estimated final completion at 13:33:29 (in 0.002 days).
                                                                                                  
 Time: 115 of 600 seconds.  Estimated final completion at 13:31:37 (in 0.001 days).
                                                                                                  
 Time: 120 of 600 seconds.  Estimated final completion at 13:31:36 (in 0.001 days).
                                                                                                  
 Time: 125 of 600 seconds.  Estimated final completion at 13:31:38 (in 0.001 days).
                                                                                                  
 Time: 130 of 600 seconds.  Estimated final completion at 13:31:38 (in 0.001 days).
                                                                                                  
 Time: 135 of 600 seconds.  Estimated final completion at 13:31:36 (in 0.001 days).
                                                                                                  
 Time: 140 of 600 seconds.  Estimated final completion at 13:31:36 (in 0.001 days).
                                                                                                  
 Time: 145 of 600 seconds.  Estimated final completion at 13:31:41 (in 0.001 days).
                                                                                                  
 Time: 150 of 600 seconds.  Estimated final completion at 13:31:37 (in 0.001 days).
                                                                                                  
 Time: 155 of 600 seconds.  Estimated final completion at 13:31:38 (in 0.001 days).
                                                                                                  
 Time: 160 of 600 seconds.  Estimated final completion at 13:32:05 (in 0.001 days).
                                                                                                  
 Time: 165 of 600 seconds.  Estimated final completion at 13:31:36 (in 0.001 days).
                                                                                                  
 Time: 170 of 600 seconds.  Estimated final completion at 13:31:35 (in 0.001 days).
                                                                                                  
 Time: 175 of 600 seconds.  Estimated final completion at 13:31:35 (in 0.001 days).
                                                                                                  
 Time: 180 of 600 seconds.  Estimated final completion at 13:33:48 (in 0.002 days).
                                                                                                  
 Time: 185 of 600 seconds.  Estimated final completion at 13:33:58 (in 0.003 days).
                                                                                                  
 Time: 190 of 600 seconds.  Estimated final completion at 13:31:39 (in 0.001 days).
                                                                                                  
 Time: 195 of 600 seconds.  Estimated final completion at 13:31:38 (in 0.001 days).
                                                                                                  
 Time: 200 of 600 seconds.  Estimated final completion at 13:31:39 (in 0.001 days).
                                                                                                  
 Time: 205 of 600 seconds.  Estimated final completion at 13:31:40 (in 0.001 days).
                                                                                                  
 Time: 210 of 600 seconds.  Estimated final completion at 13:31:40 (in 0.001 days).
                                                                                                  
 Time: 215 of 600 seconds.  Estimated final completion at 13:32:47 (in 0.002 days).
                                                                                                  
 Time: 220 of 600 seconds.  Estimated final completion at 13:32:21 (in 0.001 days).
                                                                                                  
 Time: 225 of 600 seconds.  Estimated final completion at 13:32:48 (in 0.002 days).
                                                                                                  
 Time: 230 of 600 seconds.  Estimated final completion at 13:31:40 (in 0.001 days).
                                                                                                  
 Time: 235 of 600 seconds.  Estimated final completion at 13:32:37 (in 0.001 days).
                                                                                                  
 Time: 240 of 600 seconds.  Estimated final completion at 13:31:44 (in 0.001 days).
                                                                                                  
 Time: 245 of 600 seconds.  Estimated final completion at 13:31:43 (in 0.001 days).
                                                                                                  
 Time: 250 of 600 seconds.  Estimated final completion at 13:31:43 (in 0.001 days).
                                                                                                  
 Time: 255 of 600 seconds.  Estimated final completion at 13:31:52 (in 0.001 days).
                                                                                                  
 Time: 260 of 600 seconds.  Estimated final completion at 13:31:44 (in 0.001 days).
                                                                                                  
 Time: 265 of 600 seconds.  Estimated final completion at 13:31:45 (in 0.001 days).
                                                                                                  
 Time: 270 of 600 seconds.  Estimated final completion at 13:31:42 (in 0.001 days).
                                                                                                  
 Time: 275 of 600 seconds.  Estimated final completion at 13:31:43 (in 0.001 days).
                                                                                                  
 Time: 280 of 600 seconds.  Estimated final completion at 13:31:43 (in 0.001 days).
                                                                                                  
 Time: 285 of 600 seconds.  Estimated final completion at 13:31:43 (in 0.001 days).
                                                                                                  
 Time: 290 of 600 seconds.  Estimated final completion at 13:31:43 (in 0.001 days).
                                                                                                  
 Time: 295 of 600 seconds.  Estimated final completion at 13:31:43 (in 0.001 days).
                                                                                                  
 Time: 300 of 600 seconds.  Estimated final completion at 13:31:46 (in 0.001 days).
                                                                                                  
 Time: 305 of 600 seconds.  Estimated final completion at 13:31:44 (in 0.001 days).
                                                                                                  
 Time: 310 of 600 seconds.  Estimated final completion at 13:31:44 (in 0.001 days).
                                                                                                  
 Time: 315 of 600 seconds.  Estimated final completion at 13:31:43 (in 0.001 days).
                                                                                                  
 Time: 320 of 600 seconds.  Estimated final completion at 13:31:44 (in 0.001 days).
                                                                                                  
 Time: 325 of 600 seconds.  Estimated final completion at 13:31:46 (in 0.001 days).
                                                                                                  
 Time: 330 of 600 seconds.  Estimated final completion at 13:31:45 (in 0.001 days).
                                                                                                  
 Time: 335 of 600 seconds.  Estimated final completion at 13:31:46 (in 0.001 days).
                                                                                                  
 Time: 340 of 600 seconds.  Estimated final completion at 13:31:47 (in 0.001 days).
                                                                                                  
 Time: 345 of 600 seconds.  Estimated final completion at 13:31:46 (in 0.001 days).
                                                                                                  
 Time: 350 of 600 seconds.  Estimated final completion at 13:31:44 (in 0.001 days).
                                                                                                  
 Time: 355 of 600 seconds.  Estimated final completion at 13:31:44 (in 0.001 days).
                                                                                                  
 Time: 360 of 600 seconds.  Estimated final completion at 13:31:43 (in 0.001 days).
                                                                                                  
 Time: 365 of 600 seconds.  Estimated final completion at 13:31:44 (in 0.001 days).
                                                                                                  
 Time: 370 of 600 seconds.  Estimated final completion at 13:31:43 (in 0.001 days).
                                                                                                  
 Time: 375 of 600 seconds.  Estimated final completion at 13:31:43 (in 0.001 days).
                                                                                                  
 Time: 380 of 600 seconds.  Estimated final completion at 13:31:43 (in 0.001 days).
                                                                                                  
 Time: 385 of 600 seconds.  Estimated final completion at 13:31:43 (in 0.000 days).
                                                                                                  
 Time: 390 of 600 seconds.  Estimated final completion at 13:31:44 (in 0.000 days).
                                                                                                  
 Time: 395 of 600 seconds.  Estimated final completion at 13:31:44 (in 0.000 days).
                                                                                                  
 Time: 400 of 600 seconds.  Estimated final completion at 13:31:43 (in 0.000 days).
                                                                                                  
 Time: 405 of 600 seconds.  Estimated final completion at 13:31:43 (in 0.000 days).
                                                                                                  
 Time: 410 of 600 seconds.  Estimated final completion at 13:31:42 (in 0.000 days).
                                                                                                  
 Time: 415 of 600 seconds.  Estimated final completion at 13:31:44 (in 0.000 days).
                                                                                                  
 Time: 420 of 600 seconds.  Estimated final completion at 13:31:44 (in 0.000 days).
                                                                                                  
 Time: 425 of 600 seconds.  Estimated final completion at 13:31:44 (in 0.000 days).
                                                                                                  
 Time: 430 of 600 seconds.  Estimated final completion at 13:31:43 (in 0.000 days).
                                                                                                  
 Time: 435 of 600 seconds.  Estimated final completion at 13:31:43 (in 0.000 days).
                                                                                                  
 Time: 440 of 600 seconds.  Estimated final completion at 13:31:43 (in 0.000 days).
                                                                                                  
 Time: 445 of 600 seconds.  Estimated final completion at 13:31:43 (in 0.000 days).
                                                                                                  
 Time: 450 of 600 seconds.  Estimated final completion at 13:31:43 (in 0.000 days).
                                                                                                  
 Time: 455 of 600 seconds.  Estimated final completion at 13:31:43 (in 0.000 days).
                                                                                                  
 Time: 460 of 600 seconds.  Estimated final completion at 13:31:44 (in 0.000 days).
                                                                                                  
 Time: 465 of 600 seconds.  Estimated final completion at 13:31:44 (in 0.000 days).
                                                                                                  
 Time: 470 of 600 seconds.  Estimated final completion at 13:31:43 (in 0.000 days).
                                                                                                  
 Time: 475 of 600 seconds.  Estimated final completion at 13:31:43 (in 0.000 days).
                                                                                                  
 Time: 480 of 600 seconds.  Estimated final completion at 13:31:44 (in 0.000 days).
                                                                                                  
 Time: 485 of 600 seconds.  Estimated final completion at 13:31:44 (in 0.000 days).
                                                                                                  
 Time: 490 of 600 seconds.  Estimated final completion at 13:31:43 (in 0.000 days).
                                                                                                  
 Time: 495 of 600 seconds.  Estimated final completion at 13:31:44 (in 0.000 days).
                                                                                                  
 Time: 500 of 600 seconds.  Estimated final completion at 13:31:43 (in 0.000 days).
                                                                                                  
 Time: 505 of 600 seconds.  Estimated final completion at 13:31:43 (in 0.000 days).
                                                                                                  
 Time: 510 of 600 seconds.  Estimated final completion at 13:31:43 (in 0.000 days).
                                                                                                  
 Time: 515 of 600 seconds.  Estimated final completion at 13:31:43 (in 0.000 days).
                                                                                                  
 Time: 520 of 600 seconds.  Estimated final completion at 13:31:43 (in 0.000 days).
                                                                                                  
 Time: 525 of 600 seconds.  Estimated final completion at 13:31:43 (in 0.000 days).
                                                                                                  
 Time: 530 of 600 seconds.  Estimated final completion at 13:31:43 (in 0.000 days).
                                                                                                  
 Time: 535 of 600 seconds.  Estimated final completion at 13:31:43 (in 0.000 days).
                                                                                                  
 Time: 540 of 600 seconds.  Estimated final completion at 13:31:43 (in 0.000 days).
                                                                                                  
 Time: 545 of 600 seconds.  Estimated final completion at 13:31:43 (in 0.000 days).
                                                                                                  
 Time: 550 of 600 seconds.  Estimated final completion at 13:31:43 (in 0.000 days).
                                                                                                  
 Time: 555 of 600 seconds.  Estimated final completion at 13:31:43 (in 0.000 days).
                                                                                                  
 Time: 560 of 600 seconds.  Estimated final completion at 13:31:43 (in 0.000 days).
                                                                                                  
 Time: 565 of 600 seconds.  Estimated final completion at 13:31:43 (in 0.000 days).
                                                                                                  
 Time: 570 of 600 seconds.  Estimated final completion at 13:31:43 (in 0.000 days).
                                                                                                  
 Time: 575 of 600 seconds.  Estimated final completion at 13:31:43 (in 0.000 days).
                                                                                                  
 Time: 580 of 600 seconds.  Estimated final completion at 13:31:43 (in 0.000 days).
                                                                                                  
 Time: 585 of 600 seconds.  Estimated final completion at 13:31:43 (in 0.000 days).
                                                                                                  
 Time: 590 of 600 seconds.  Estimated final completion at 13:31:43 (in 0.000 days).
                                                                                                  
 Time: 595 of 600 seconds.  Estimated final completion at 13:31:43 (in 0.000 days).
                                                                                                  
 Time: 600 of 600 seconds.  Estimated final completion at 13:31:43 (in 0.000 days).
                                                                                                  

 Total Real Time:       2.488 minutes
 Total CPU Time:        2.3432 minutes
 Simulation CPU Time:   2.3398 minutes
 Simulated Time:        10 minutes
 Time Ratio (Sim/CPU):  4.2738

 OpenFAST terminated normally.



======================================================================
CASE: 5MW_Land_DLL_WTurb_WS19_Seed06
FST : 5MW_Land_DLL_WTurb\OpenFAST_Case_Outputs\WS19\Seed06\5MW_Land_DLL_WTurb_WS19_Seed06.fst
======================================================================


**************************************************************************************************
OpenFAST

Copyright (C) 2026 National Renewable Energy Laboratory
Copyright (C) 2026 Envision Energy USA LTD

This program is licensed under Apache License Version 2.0 and comes with ABSOLUTELY NO WARRANTY.
See the "LICENSE" file distributed with this software for details.
**************************************************************************************************

OpenFAST-v5.0.0
Compile Info:
 - Compiler: Intel(R) Fortran Compiler 20250302
 - Architecture: 64 bit
 - Precision: single
 - OpenMP: No
 - Date: Mar 13 2026
 - Time: 19:00:22
Execution Info:
 - Date: 09/06/2026
 - Time: 13:31:43+0200

OpenFAST input file heading:
    FAST Certification Test #18: NREL 5.0 MW Baseline Wind Turbine (Onshore)

 Running ElastoDyn.
 Running InflowWind.

   Reading a 31x31 grid (145 m wide, 17.5 m to 162.5 m above ground) with a characteristic wind
   speed of 19 m/s. This full-field file was generated by TurbSim (v2.00.07a-bjj, 14-Jun-2016) on
   02-Sep-2026 at 21:47:03.

   Processed 12153 time steps of 20-Hz grid-field data (607.6 seconds).
 Running AeroDyn.
   AeroDyn: projMod: 1
   Projection: legacy (NoSweepPitchTwist), BEM: legacy (2D)
Warning: Turning off Unsteady Aerodynamics because polar has constant data. (node 1, blade 1)
Warning: Turning off Unsteady Aerodynamics because polar has constant data. (node 2, blade 1)
Warning: Turning off Unsteady Aerodynamics because polar has constant data. (node 3, blade 1)
Warning: Turning off Unsteady Aerodynamics because polar has constant data. (node 4, blade 1)
Warning: Turning off Unsteady Aerodynamics because polar has constant data. (node 1, blade 2)
Warning: Turning off Unsteady Aerodynamics because polar has constant data. (node 2, blade 2)
Warning: Turning off Unsteady Aerodynamics because polar has constant data. (node 3, blade 2)
Warning: Turning off Unsteady Aerodynamics because polar has constant data. (node 4, blade 2)
Warning: Turning off Unsteady Aerodynamics because polar has constant data. (node 1, blade 3)
Warning: Turning off Unsteady Aerodynamics because polar has constant data. (node 2, blade 3)
Warning: Turning off Unsteady Aerodynamics because polar has constant data. (node 3, blade 3)
Warning: Turning off Unsteady Aerodynamics because polar has constant data. (node 4, blade 3)
 Running ServoDyn.
 Running ServoDyn Interface for Bladed Controllers (using Intel Visual Fortran for Windows).
Using legacy Bladed DLL interface.
 Time: 0 of 600 seconds.

FAST_Solution:FAST_UpdateStates:Solver_Step:FAST_CalcOutput:AD_CalcOutput:RotCalcOutput:BEMT_CalcO
utput(node 18, blade 3):UA_CalcOutput:Mach number exceeds 0.3. Theory is invalid. This warning
will not be repeated though the condition may persist.

                                                                                                  
 Time: 5 of 600 seconds.  Estimated final completion at 13:33:46 (in 0.001 days).
                                                                                                  
 Time: 10 of 600 seconds.  Estimated final completion at 13:33:41 (in 0.001 days).
                                                                                                  
 Time: 15 of 600 seconds.  Estimated final completion at 13:33:40 (in 0.001 days).
                                                                                                  
 Time: 20 of 600 seconds.  Estimated final completion at 13:33:39 (in 0.001 days).
                                                                                                  
 Time: 25 of 600 seconds.  Estimated final completion at 13:33:38 (in 0.001 days).
                                                                                                  
 Time: 30 of 600 seconds.  Estimated final completion at 13:33:41 (in 0.001 days).
                                                                                                  
 Time: 35 of 600 seconds.  Estimated final completion at 13:33:41 (in 0.001 days).
                                                                                                  
 Time: 40 of 600 seconds.  Estimated final completion at 13:33:41 (in 0.001 days).
                                                                                                  
 Time: 45 of 600 seconds.  Estimated final completion at 13:33:43 (in 0.001 days).
                                                                                                  
 Time: 50 of 600 seconds.  Estimated final completion at 13:33:41 (in 0.001 days).
                                                                                                  
 Time: 55 of 600 seconds.  Estimated final completion at 13:33:38 (in 0.001 days).
                                                                                                  
 Time: 60 of 600 seconds.  Estimated final completion at 13:33:39 (in 0.001 days).
                                                                                                  
 Time: 65 of 600 seconds.  Estimated final completion at 13:33:38 (in 0.001 days).
                                                                                                  
 Time: 70 of 600 seconds.  Estimated final completion at 13:33:40 (in 0.001 days).
                                                                                                  
 Time: 75 of 600 seconds.  Estimated final completion at 13:33:40 (in 0.001 days).
                                                                                                  
 Time: 80 of 600 seconds.  Estimated final completion at 13:33:36 (in 0.001 days).
                                                                                                  
 Time: 85 of 600 seconds.  Estimated final completion at 13:33:41 (in 0.001 days).
                                                                                                  
 Time: 90 of 600 seconds.  Estimated final completion at 13:33:38 (in 0.001 days).
                                                                                                  
 Time: 95 of 600 seconds.  Estimated final completion at 13:33:40 (in 0.001 days).
                                                                                                  
 Time: 100 of 600 seconds.  Estimated final completion at 13:33:41 (in 0.001 days).
                                                                                                  
 Time: 105 of 600 seconds.  Estimated final completion at 13:33:39 (in 0.001 days).
                                                                                                  
 Time: 110 of 600 seconds.  Estimated final completion at 13:33:39 (in 0.001 days).
                                                                                                  
 Time: 115 of 600 seconds.  Estimated final completion at 13:33:39 (in 0.001 days).
                                                                                                  
 Time: 120 of 600 seconds.  Estimated final completion at 13:33:40 (in 0.001 days).
                                                                                                  
 Time: 125 of 600 seconds.  Estimated final completion at 13:33:39 (in 0.001 days).
                                                                                                  
 Time: 130 of 600 seconds.  Estimated final completion at 13:33:39 (in 0.001 days).
                                                                                                  
 Time: 135 of 600 seconds.  Estimated final completion at 13:33:38 (in 0.001 days).
                                                                                                  
 Time: 140 of 600 seconds.  Estimated final completion at 13:33:39 (in 0.001 days).
                                                                                                  
 Time: 145 of 600 seconds.  Estimated final completion at 13:33:39 (in 0.001 days).
                                                                                                  
 Time: 150 of 600 seconds.  Estimated final completion at 13:33:39 (in 0.001 days).
                                                                                                  
 Time: 155 of 600 seconds.  Estimated final completion at 13:33:42 (in 0.001 days).
                                                                                                  
 Time: 160 of 600 seconds.  Estimated final completion at 13:33:39 (in 0.001 days).
                                                                                                  
 Time: 165 of 600 seconds.  Estimated final completion at 13:33:38 (in 0.001 days).
                                                                                                  
 Time: 170 of 600 seconds.  Estimated final completion at 13:33:40 (in 0.001 days).
                                                                                                  
 Time: 175 of 600 seconds.  Estimated final completion at 13:33:39 (in 0.001 days).
                                                                                                  
 Time: 180 of 600 seconds.  Estimated final completion at 13:33:40 (in 0.001 days).
                                                                                                  
 Time: 185 of 600 seconds.  Estimated final completion at 13:33:39 (in 0.001 days).
                                                                                                  
 Time: 190 of 600 seconds.  Estimated final completion at 13:33:39 (in 0.001 days).
                                                                                                  
 Time: 195 of 600 seconds.  Estimated final completion at 13:33:39 (in 0.001 days).
                                                                                                  
 Time: 200 of 600 seconds.  Estimated final completion at 13:33:38 (in 0.001 days).
                                                                                                  
 Time: 205 of 600 seconds.  Estimated final completion at 13:33:40 (in 0.001 days).
                                                                                                  
 Time: 210 of 600 seconds.  Estimated final completion at 13:33:39 (in 0.001 days).
                                                                                                  
 Time: 215 of 600 seconds.  Estimated final completion at 13:33:40 (in 0.001 days).
                                                                                                  
 Time: 220 of 600 seconds.  Estimated final completion at 13:33:38 (in 0.001 days).
                                                                                                  
 Time: 225 of 600 seconds.  Estimated final completion at 13:33:39 (in 0.001 days).
                                                                                                  
 Time: 230 of 600 seconds.  Estimated final completion at 13:33:39 (in 0.001 days).
                                                                                                  
 Time: 235 of 600 seconds.  Estimated final completion at 13:33:39 (in 0.001 days).
                                                                                                  
 Time: 240 of 600 seconds.  Estimated final completion at 13:33:39 (in 0.001 days).
                                                                                                  
 Time: 245 of 600 seconds.  Estimated final completion at 13:33:39 (in 0.001 days).
                                                                                                  
 Time: 250 of 600 seconds.  Estimated final completion at 13:33:38 (in 0.001 days).
                                                                                                  
 Time: 255 of 600 seconds.  Estimated final completion at 13:33:37 (in 0.001 days).
                                                                                                  
 Time: 260 of 600 seconds.  Estimated final completion at 13:33:40 (in 0.001 days).
                                                                                                  
 Time: 265 of 600 seconds.  Estimated final completion at 13:33:38 (in 0.001 days).
                                                                                                  
 Time: 270 of 600 seconds.  Estimated final completion at 13:33:39 (in 0.001 days).
                                                                                                  
 Time: 275 of 600 seconds.  Estimated final completion at 13:33:39 (in 0.001 days).
                                                                                                  
 Time: 280 of 600 seconds.  Estimated final completion at 13:33:39 (in 0.001 days).
                                                                                                  
 Time: 285 of 600 seconds.  Estimated final completion at 13:33:40 (in 0.001 days).
                                                                                                  
 Time: 290 of 600 seconds.  Estimated final completion at 13:33:39 (in 0.001 days).
                                                                                                  
 Time: 295 of 600 seconds.  Estimated final completion at 13:33:40 (in 0.001 days).
                                                                                                  
 Time: 300 of 600 seconds.  Estimated final completion at 13:33:39 (in 0.001 days).
                                                                                                  
 Time: 305 of 600 seconds.  Estimated final completion at 13:33:39 (in 0.001 days).
                                                                                                  
 Time: 310 of 600 seconds.  Estimated final completion at 13:33:39 (in 0.001 days).
                                                                                                  
 Time: 315 of 600 seconds.  Estimated final completion at 13:33:39 (in 0.001 days).
                                                                                                  
 Time: 320 of 600 seconds.  Estimated final completion at 13:33:40 (in 0.001 days).
                                                                                                  
 Time: 325 of 600 seconds.  Estimated final completion at 13:33:40 (in 0.001 days).
                                                                                                  
 Time: 330 of 600 seconds.  Estimated final completion at 13:33:39 (in 0.001 days).
                                                                                                  
 Time: 335 of 600 seconds.  Estimated final completion at 13:33:40 (in 0.001 days).
                                                                                                  
 Time: 340 of 600 seconds.  Estimated final completion at 13:33:40 (in 0.001 days).
                                                                                                  
 Time: 345 of 600 seconds.  Estimated final completion at 13:33:40 (in 0.001 days).
                                                                                                  
 Time: 350 of 600 seconds.  Estimated final completion at 13:33:40 (in 0.001 days).
                                                                                                  
 Time: 355 of 600 seconds.  Estimated final completion at 13:33:40 (in 0.001 days).
                                                                                                  
 Time: 360 of 600 seconds.  Estimated final completion at 13:33:41 (in 0.001 days).
                                                                                                  
 Time: 365 of 600 seconds.  Estimated final completion at 13:33:40 (in 0.001 days).
                                                                                                  
 Time: 370 of 600 seconds.  Estimated final completion at 13:33:40 (in 0.001 days).
                                                                                                  
 Time: 375 of 600 seconds.  Estimated final completion at 13:33:42 (in 0.001 days).
                                                                                                  
 Time: 380 of 600 seconds.  Estimated final completion at 13:33:40 (in 0.000 days).
                                                                                                  
 Time: 385 of 600 seconds.  Estimated final completion at 13:33:40 (in 0.000 days).
                                                                                                  
 Time: 390 of 600 seconds.  Estimated final completion at 13:33:40 (in 0.000 days).
                                                                                                  
 Time: 395 of 600 seconds.  Estimated final completion at 13:33:40 (in 0.000 days).
                                                                                                  
 Time: 400 of 600 seconds.  Estimated final completion at 13:33:40 (in 0.000 days).
                                                                                                  
 Time: 405 of 600 seconds.  Estimated final completion at 13:33:40 (in 0.000 days).
                                                                                                  
 Time: 410 of 600 seconds.  Estimated final completion at 13:33:40 (in 0.000 days).
                                                                                                  
 Time: 415 of 600 seconds.  Estimated final completion at 13:33:41 (in 0.000 days).
                                                                                                  
 Time: 420 of 600 seconds.  Estimated final completion at 13:33:41 (in 0.000 days).
                                                                                                  
 Time: 425 of 600 seconds.  Estimated final completion at 13:33:41 (in 0.000 days).
                                                                                                  
 Time: 430 of 600 seconds.  Estimated final completion at 13:33:43 (in 0.000 days).
                                                                                                  
 Time: 435 of 600 seconds.  Estimated final completion at 13:33:42 (in 0.000 days).
                                                                                                  
 Time: 440 of 600 seconds.  Estimated final completion at 13:33:41 (in 0.000 days).
                                                                                                  
 Time: 445 of 600 seconds.  Estimated final completion at 13:33:40 (in 0.000 days).
                                                                                                  
 Time: 450 of 600 seconds.  Estimated final completion at 13:33:40 (in 0.000 days).
                                                                                                  
 Time: 455 of 600 seconds.  Estimated final completion at 13:33:51 (in 0.000 days).
                                                                                                  
 Time: 460 of 600 seconds.  Estimated final completion at 13:34:36 (in 0.001 days).
                                                                                                  
 Time: 465 of 600 seconds.  Estimated final completion at 13:34:28 (in 0.001 days).
                                                                                                  
 Time: 470 of 600 seconds.  Estimated final completion at 13:34:36 (in 0.001 days).
                                                                                                  
 Time: 475 of 600 seconds.  Estimated final completion at 13:33:53 (in 0.000 days).
                                                                                                  
 Time: 480 of 600 seconds.  Estimated final completion at 13:33:47 (in 0.000 days).
                                                                                                  
 Time: 485 of 600 seconds.  Estimated final completion at 13:33:46 (in 0.000 days).
                                                                                                  
 Time: 490 of 600 seconds.  Estimated final completion at 13:33:46 (in 0.000 days).
                                                                                                  
 Time: 495 of 600 seconds.  Estimated final completion at 13:33:46 (in 0.000 days).
                                                                                                  
 Time: 500 of 600 seconds.  Estimated final completion at 13:33:47 (in 0.000 days).
                                                                                                  
 Time: 505 of 600 seconds.  Estimated final completion at 13:33:46 (in 0.000 days).
                                                                                                  
 Time: 510 of 600 seconds.  Estimated final completion at 13:33:46 (in 0.000 days).
                                                                                                  
 Time: 515 of 600 seconds.  Estimated final completion at 13:33:46 (in 0.000 days).
                                                                                                  
 Time: 520 of 600 seconds.  Estimated final completion at 13:33:46 (in 0.000 days).
                                                                                                  
 Time: 525 of 600 seconds.  Estimated final completion at 13:33:46 (in 0.000 days).
                                                                                                  
 Time: 530 of 600 seconds.  Estimated final completion at 13:33:47 (in 0.000 days).
                                                                                                  
 Time: 535 of 600 seconds.  Estimated final completion at 13:33:46 (in 0.000 days).
                                                                                                  
 Time: 540 of 600 seconds.  Estimated final completion at 13:33:46 (in 0.000 days).
                                                                                                  
 Time: 545 of 600 seconds.  Estimated final completion at 13:33:47 (in 0.000 days).
                                                                                                  
 Time: 550 of 600 seconds.  Estimated final completion at 13:34:07 (in 0.000 days).
                                                                                                  
 Time: 555 of 600 seconds.  Estimated final completion at 13:34:03 (in 0.000 days).
                                                                                                  
 Time: 560 of 600 seconds.  Estimated final completion at 13:34:05 (in 0.000 days).
                                                                                                  
 Time: 565 of 600 seconds.  Estimated final completion at 13:34:08 (in 0.000 days).
                                                                                                  
 Time: 570 of 600 seconds.  Estimated final completion at 13:34:06 (in 0.000 days).
                                                                                                  
 Time: 575 of 600 seconds.  Estimated final completion at 13:34:08 (in 0.000 days).
                                                                                                  
 Time: 580 of 600 seconds.  Estimated final completion at 13:34:07 (in 0.000 days).
                                                                                                  
 Time: 585 of 600 seconds.  Estimated final completion at 13:34:07 (in 0.000 days).
                                                                                                  
 Time: 590 of 600 seconds.  Estimated final completion at 13:34:07 (in 0.000 days).
                                                                                                  
 Time: 595 of 600 seconds.  Estimated final completion at 13:34:07 (in 0.000 days).
                                                                                                  
 Time: 600 of 600 seconds.  Estimated final completion at 13:34:07 (in 0.000 days).
                                                                                                  

 Total Real Time:       2.3928 minutes
 Total CPU Time:        2.2701 minutes
 Simulation CPU Time:   2.2669 minutes
 Simulated Time:        10 minutes
 Time Ratio (Sim/CPU):  4.4113

 OpenFAST terminated normally.



======================================================================
CASE: 5MW_Land_DLL_WTurb_WS23_Seed01
FST : 5MW_Land_DLL_WTurb\OpenFAST_Case_Outputs\WS23\Seed01\5MW_Land_DLL_WTurb_WS23_Seed01.fst
======================================================================


**************************************************************************************************
OpenFAST

Copyright (C) 2026 National Renewable Energy Laboratory
Copyright (C) 2026 Envision Energy USA LTD

This program is licensed under Apache License Version 2.0 and comes with ABSOLUTELY NO WARRANTY.
See the "LICENSE" file distributed with this software for details.
**************************************************************************************************

OpenFAST-v5.0.0
Compile Info:
 - Compiler: Intel(R) Fortran Compiler 20250302
 - Architecture: 64 bit
 - Precision: single
 - OpenMP: No
 - Date: Mar 13 2026
 - Time: 19:00:22
Execution Info:
 - Date: 09/06/2026
 - Time: 13:34:06+0200

OpenFAST input file heading:
    FAST Certification Test #18: NREL 5.0 MW Baseline Wind Turbine (Onshore)

 Running ElastoDyn.
 Running InflowWind.

   Reading a 31x31 grid (145 m wide, 17.5 m to 162.5 m above ground) with a characteristic wind
   speed of 23 m/s. This full-field file was generated by TurbSim (v2.00.07a-bjj, 14-Jun-2016) on
   02-Sep-2026 at 21:50:40.

   Processed 12127 time steps of 20-Hz grid-field data (606.3 seconds).
 Running AeroDyn.
   AeroDyn: projMod: 1
   Projection: legacy (NoSweepPitchTwist), BEM: legacy (2D)
Warning: Turning off Unsteady Aerodynamics because polar has constant data. (node 1, blade 1)
Warning: Turning off Unsteady Aerodynamics because polar has constant data. (node 2, blade 1)
Warning: Turning off Unsteady Aerodynamics because polar has constant data. (node 3, blade 1)
Warning: Turning off Unsteady Aerodynamics because polar has constant data. (node 4, blade 1)
Warning: Turning off Unsteady Aerodynamics because polar has constant data. (node 1, blade 2)
Warning: Turning off Unsteady Aerodynamics because polar has constant data. (node 2, blade 2)
Warning: Turning off Unsteady Aerodynamics because polar has constant data. (node 3, blade 2)
Warning: Turning off Unsteady Aerodynamics because polar has constant data. (node 4, blade 2)
Warning: Turning off Unsteady Aerodynamics because polar has constant data. (node 1, blade 3)
Warning: Turning off Unsteady Aerodynamics because polar has constant data. (node 2, blade 3)
Warning: Turning off Unsteady Aerodynamics because polar has constant data. (node 3, blade 3)
Warning: Turning off Unsteady Aerodynamics because polar has constant data. (node 4, blade 3)
 Running ServoDyn.
 Running ServoDyn Interface for Bladed Controllers (using Intel Visual Fortran for Windows).
Using legacy Bladed DLL interface.
 Time: 0 of 600 seconds.

FAST_Solution:FAST_UpdateStates:Solver_Step:FAST_CalcOutput:AD_CalcOutput:RotCalcOutput:BEMT_CalcO
utput(node 5, blade 3):UA_CalcOutput:UA_BlendSteady:Temporarily turning off UA due to high angle
of attack or low relative velocity. This warning will not be repeated though the condition may
persist.


FAST_Solution:FAST_UpdateStates:Solver_Step:FAST_CalcOutput:ED_CalcContStateDeriv:SetCoordSy:Small
angle assumption violated in SUBROUTINE SmllRotTrans() due to a large blade deflection (ElastoDyn
SetCoordSy). The solution may be inaccurate. Simulation continuing, but future warnings from
SmllRotTrans() will be suppressed.
ED_CalcContStateDeriv:SetCoordSy:Small angle assumption violated in SUBROUTINE SmllRotTrans() due
to a large blade deflection (ElastoDyn SetCoordSy). The solution may be inaccurate. Simulation
continuing, but future warnings from SmllRotTrans() will be suppressed.


FAST_Solution:FAST_UpdateStates:Solver_Step:FAST_UpdateStates:AD_UpdateStates:BEMT_UpdateStates(no
de 18, blade 3):UA_UpdateStates:UA_UpdateDiscOtherState:ComputeKelvinChain:Mach number exceeds
0.3. Theory is invalid. This warning will not be repeated though the condition may persist.

                                                                                                  
 Time: 5 of 600 seconds.  Estimated final completion at 13:36:16 (in 0.001 days).
                                                                                                  
 Time: 10 of 600 seconds.  Estimated final completion at 13:36:07 (in 0.001 days).
                                                                                                  
 Time: 15 of 600 seconds.  Estimated final completion at 13:36:04 (in 0.001 days).
                                                                                                  
 Time: 20 of 600 seconds.  Estimated final completion at 13:36:04 (in 0.001 days).
                                                                                                  
 Time: 25 of 600 seconds.  Estimated final completion at 13:36:03 (in 0.001 days).
                                                                                                  
 Time: 30 of 600 seconds.  Estimated final completion at 13:36:04 (in 0.001 days).
                                                                                                  
 Time: 35 of 600 seconds.  Estimated final completion at 13:36:05 (in 0.001 days).
                                                                                                  
 Time: 40 of 600 seconds.  Estimated final completion at 13:36:13 (in 0.001 days).
                                                                                                  
 Time: 45 of 600 seconds.  Estimated final completion at 13:36:08 (in 0.001 days).
                                                                                                  
 Time: 50 of 600 seconds.  Estimated final completion at 13:36:04 (in 0.001 days).
                                                                                                  
 Time: 55 of 600 seconds.  Estimated final completion at 13:36:03 (in 0.001 days).
                                                                                                  
 Time: 60 of 600 seconds.  Estimated final completion at 13:36:07 (in 0.001 days).
                                                                                                  
 Time: 65 of 600 seconds.  Estimated final completion at 13:36:12 (in 0.001 days).
                                                                                                  
 Time: 70 of 600 seconds.  Estimated final completion at 13:36:12 (in 0.001 days).
                                                                                                  
 Time: 75 of 600 seconds.  Estimated final completion at 13:36:19 (in 0.001 days).
                                                                                                  
 Time: 80 of 600 seconds.  Estimated final completion at 13:36:11 (in 0.001 days).
                                                                                                  
 Time: 85 of 600 seconds.  Estimated final completion at 13:36:10 (in 0.001 days).
                                                                                                  
 Time: 90 of 600 seconds.  Estimated final completion at 13:36:05 (in 0.001 days).
                                                                                                  
 Time: 95 of 600 seconds.  Estimated final completion at 13:36:07 (in 0.001 days).
                                                                                                  
 Time: 100 of 600 seconds.  Estimated final completion at 13:36:05 (in 0.001 days).
                                                                                                  
 Time: 105 of 600 seconds.  Estimated final completion at 13:36:04 (in 0.001 days).
                                                                                                  
 Time: 110 of 600 seconds.  Estimated final completion at 13:36:04 (in 0.001 days).
                                                                                                  
 Time: 115 of 600 seconds.  Estimated final completion at 13:36:06 (in 0.001 days).
                                                                                                  
 Time: 120 of 600 seconds.  Estimated final completion at 13:36:06 (in 0.001 days).
                                                                                                  
 Time: 125 of 600 seconds.  Estimated final completion at 13:36:07 (in 0.001 days).
                                                                                                  
 Time: 130 of 600 seconds.  Estimated final completion at 13:36:07 (in 0.001 days).
                                                                                                  
 Time: 135 of 600 seconds.  Estimated final completion at 13:36:06 (in 0.001 days).
                                                                                                  
 Time: 140 of 600 seconds.  Estimated final completion at 13:36:08 (in 0.001 days).
                                                                                                  
 Time: 145 of 600 seconds.  Estimated final completion at 13:36:06 (in 0.001 days).
                                                                                                  
 Time: 150 of 600 seconds.  Estimated final completion at 13:36:09 (in 0.001 days).
                                                                                                  
 Time: 155 of 600 seconds.  Estimated final completion at 13:36:07 (in 0.001 days).
                                                                                                  
 Time: 160 of 600 seconds.  Estimated final completion at 13:36:05 (in 0.001 days).
                                                                                                  
 Time: 165 of 600 seconds.  Estimated final completion at 13:36:05 (in 0.001 days).
                                                                                                  
 Time: 170 of 600 seconds.  Estimated final completion at 13:36:05 (in 0.001 days).
                                                                                                  
 Time: 175 of 600 seconds.  Estimated final completion at 13:36:05 (in 0.001 days).
                                                                                                  
 Time: 180 of 600 seconds.  Estimated final completion at 13:36:04 (in 0.001 days).
                                                                                                  
 Time: 185 of 600 seconds.  Estimated final completion at 13:36:05 (in 0.001 days).
                                                                                                  
 Time: 190 of 600 seconds.  Estimated final completion at 13:36:06 (in 0.001 days).
                                                                                                  
 Time: 195 of 600 seconds.  Estimated final completion at 13:36:06 (in 0.001 days).
                                                                                                  
 Time: 200 of 600 seconds.  Estimated final completion at 13:36:06 (in 0.001 days).
                                                                                                  
 Time: 205 of 600 seconds.  Estimated final completion at 13:36:07 (in 0.001 days).
                                                                                                  
 Time: 210 of 600 seconds.  Estimated final completion at 13:36:08 (in 0.001 days).
                                                                                                  
 Time: 215 of 600 seconds.  Estimated final completion at 13:36:10 (in 0.001 days).
                                                                                                  
 Time: 220 of 600 seconds.  Estimated final completion at 13:36:12 (in 0.001 days).
                                                                                                  
 Time: 225 of 600 seconds.  Estimated final completion at 13:36:06 (in 0.001 days).
                                                                                                  
 Time: 230 of 600 seconds.  Estimated final completion at 13:36:05 (in 0.001 days).
                                                                                                  
 Time: 235 of 600 seconds.  Estimated final completion at 13:36:10 (in 0.001 days).
                                                                                                  
 Time: 240 of 600 seconds.  Estimated final completion at 13:36:07 (in 0.001 days).
                                                                                                  
 Time: 245 of 600 seconds.  Estimated final completion at 13:36:10 (in 0.001 days).
                                                                                                  
 Time: 250 of 600 seconds.  Estimated final completion at 13:36:07 (in 0.001 days).
                                                                                                  
 Time: 255 of 600 seconds.  Estimated final completion at 13:36:10 (in 0.001 days).
                                                                                                  
 Time: 260 of 600 seconds.  Estimated final completion at 13:36:12 (in 0.001 days).
                                                                                                  
 Time: 265 of 600 seconds.  Estimated final completion at 13:36:15 (in 0.001 days).
                                                                                                  
 Time: 270 of 600 seconds.  Estimated final completion at 13:36:07 (in 0.001 days).
                                                                                                  
 Time: 275 of 600 seconds.  Estimated final completion at 13:36:06 (in 0.001 days).
                                                                                                  
 Time: 280 of 600 seconds.  Estimated final completion at 13:36:05 (in 0.001 days).
                                                                                                  
 Time: 285 of 600 seconds.  Estimated final completion at 13:36:05 (in 0.001 days).
                                                                                                  
 Time: 290 of 600 seconds.  Estimated final completion at 13:36:07 (in 0.001 days).
                                                                                                  
 Time: 295 of 600 seconds.  Estimated final completion at 13:36:07 (in 0.001 days).
                                                                                                  
 Time: 300 of 600 seconds.  Estimated final completion at 13:36:07 (in 0.001 days).
                                                                                                  
 Time: 305 of 600 seconds.  Estimated final completion at 13:36:05 (in 0.001 days).
                                                                                                  
 Time: 310 of 600 seconds.  Estimated final completion at 13:36:04 (in 0.001 days).
                                                                                                  
 Time: 315 of 600 seconds.  Estimated final completion at 13:36:07 (in 0.001 days).
                                                                                                  
 Time: 320 of 600 seconds.  Estimated final completion at 13:36:06 (in 0.001 days).
                                                                                                  
 Time: 325 of 600 seconds.  Estimated final completion at 13:36:05 (in 0.001 days).
                                                                                                  
 Time: 330 of 600 seconds.  Estimated final completion at 13:36:06 (in 0.001 days).
                                                                                                  
 Time: 335 of 600 seconds.  Estimated final completion at 13:36:06 (in 0.001 days).
                                                                                                  
 Time: 340 of 600 seconds.  Estimated final completion at 13:36:07 (in 0.001 days).
                                                                                                  
 Time: 345 of 600 seconds.  Estimated final completion at 13:36:05 (in 0.001 days).
                                                                                                  
 Time: 350 of 600 seconds.  Estimated final completion at 13:36:06 (in 0.001 days).
                                                                                                  
 Time: 355 of 600 seconds.  Estimated final completion at 13:36:06 (in 0.001 days).
                                                                                                  
 Time: 360 of 600 seconds.  Estimated final completion at 13:36:07 (in 0.001 days).
                                                                                                  
 Time: 365 of 600 seconds.  Estimated final completion at 13:36:06 (in 0.001 days).
                                                                                                  
 Time: 370 of 600 seconds.  Estimated final completion at 13:36:05 (in 0.001 days).
                                                                                                  
 Time: 375 of 600 seconds.  Estimated final completion at 13:36:08 (in 0.001 days).
                                                                                                  
 Time: 380 of 600 seconds.  Estimated final completion at 13:36:06 (in 0.001 days).
                                                                                                  
 Time: 385 of 600 seconds.  Estimated final completion at 13:36:06 (in 0.000 days).
                                                                                                  
 Time: 390 of 600 seconds.  Estimated final completion at 13:36:05 (in 0.000 days).
                                                                                                  
 Time: 395 of 600 seconds.  Estimated final completion at 13:36:07 (in 0.000 days).
                                                                                                  
 Time: 400 of 600 seconds.  Estimated final completion at 13:36:07 (in 0.000 days).
                                                                                                  
 Time: 405 of 600 seconds.  Estimated final completion at 13:36:07 (in 0.000 days).
                                                                                                  
 Time: 410 of 600 seconds.  Estimated final completion at 13:36:08 (in 0.000 days).
                                                                                                  
 Time: 415 of 600 seconds.  Estimated final completion at 13:36:06 (in 0.000 days).
                                                                                                  
 Time: 420 of 600 seconds.  Estimated final completion at 13:36:06 (in 0.000 days).
                                                                                                  
 Time: 425 of 600 seconds.  Estimated final completion at 13:36:07 (in 0.000 days).
                                                                                                  
 Time: 430 of 600 seconds.  Estimated final completion at 13:36:06 (in 0.000 days).
                                                                                                  
 Time: 435 of 600 seconds.  Estimated final completion at 13:36:06 (in 0.000 days).
                                                                                                  
 Time: 440 of 600 seconds.  Estimated final completion at 13:36:06 (in 0.000 days).
                                                                                                  
 Time: 445 of 600 seconds.  Estimated final completion at 13:36:07 (in 0.000 days).
                                                                                                  
 Time: 450 of 600 seconds.  Estimated final completion at 13:36:07 (in 0.000 days).
                                                                                                  
 Time: 455 of 600 seconds.  Estimated final completion at 13:36:06 (in 0.000 days).
                                                                                                  
 Time: 460 of 600 seconds.  Estimated final completion at 13:36:07 (in 0.000 days).
                                                                                                  
 Time: 465 of 600 seconds.  Estimated final completion at 13:36:07 (in 0.000 days).
                                                                                                  
 Time: 470 of 600 seconds.  Estimated final completion at 13:36:06 (in 0.000 days).
                                                                                                  
 Time: 475 of 600 seconds.  Estimated final completion at 13:36:06 (in 0.000 days).
                                                                                                  
 Time: 480 of 600 seconds.  Estimated final completion at 13:36:07 (in 0.000 days).
                                                                                                  
 Time: 485 of 600 seconds.  Estimated final completion at 13:36:07 (in 0.000 days).
                                                                                                  
 Time: 490 of 600 seconds.  Estimated final completion at 13:36:07 (in 0.000 days).
                                                                                                  
 Time: 495 of 600 seconds.  Estimated final completion at 13:36:07 (in 0.000 days).
                                                                                                  
 Time: 500 of 600 seconds.  Estimated final completion at 13:36:07 (in 0.000 days).
                                                                                                  
 Time: 505 of 600 seconds.  Estimated final completion at 13:36:07 (in 0.000 days).
                                                                                                  
 Time: 510 of 600 seconds.  Estimated final completion at 13:36:08 (in 0.000 days).
                                                                                                  
 Time: 515 of 600 seconds.  Estimated final completion at 13:36:08 (in 0.000 days).
                                                                                                  
 Time: 520 of 600 seconds.  Estimated final completion at 13:36:07 (in 0.000 days).
                                                                                                  
 Time: 525 of 600 seconds.  Estimated final completion at 13:36:07 (in 0.000 days).
                                                                                                  
 Time: 530 of 600 seconds.  Estimated final completion at 13:36:07 (in 0.000 days).
                                                                                                  
 Time: 535 of 600 seconds.  Estimated final completion at 13:36:07 (in 0.000 days).
                                                                                                  
 Time: 540 of 600 seconds.  Estimated final completion at 13:36:07 (in 0.000 days).
                                                                                                  
 Time: 545 of 600 seconds.  Estimated final completion at 13:36:07 (in 0.000 days).
                                                                                                  
 Time: 550 of 600 seconds.  Estimated final completion at 13:36:07 (in 0.000 days).
                                                                                                  
 Time: 555 of 600 seconds.  Estimated final completion at 13:36:07 (in 0.000 days).
                                                                                                  
 Time: 560 of 600 seconds.  Estimated final completion at 13:36:07 (in 0.000 days).
                                                                                                  
 Time: 565 of 600 seconds.  Estimated final completion at 13:36:07 (in 0.000 days).
                                                                                                  
 Time: 570 of 600 seconds.  Estimated final completion at 13:36:07 (in 0.000 days).
                                                                                                  
 Time: 575 of 600 seconds.  Estimated final completion at 13:36:07 (in 0.000 days).
                                                                                                  
 Time: 580 of 600 seconds.  Estimated final completion at 13:36:07 (in 0.000 days).
                                                                                                  
 Time: 585 of 600 seconds.  Estimated final completion at 13:36:07 (in 0.000 days).
                                                                                                  
 Time: 590 of 600 seconds.  Estimated final completion at 13:36:07 (in 0.000 days).
                                                                                                  
 Time: 595 of 600 seconds.  Estimated final completion at 13:36:07 (in 0.000 days).
                                                                                                  
 Time: 600 of 600 seconds.  Estimated final completion at 13:36:07 (in 0.000 days).
                                                                                                  

 Total Real Time:       1.9999 minutes
 Total CPU Time:        1.9781 minutes
 Simulation CPU Time:   1.9753 minutes
 Simulated Time:        10 minutes
 Time Ratio (Sim/CPU):  5.0626

 OpenFAST terminated normally.



======================================================================
CASE: 5MW_Land_DLL_WTurb_WS23_Seed02
FST : 5MW_Land_DLL_WTurb\OpenFAST_Case_Outputs\WS23\Seed02\5MW_Land_DLL_WTurb_WS23_Seed02.fst
======================================================================


**************************************************************************************************
OpenFAST

Copyright (C) 2026 National Renewable Energy Laboratory
Copyright (C) 2026 Envision Energy USA LTD

This program is licensed under Apache License Version 2.0 and comes with ABSOLUTELY NO WARRANTY.
See the "LICENSE" file distributed with this software for details.
**************************************************************************************************

OpenFAST-v5.0.0
Compile Info:
 - Compiler: Intel(R) Fortran Compiler 20250302
 - Architecture: 64 bit
 - Precision: single
 - OpenMP: No
 - Date: Mar 13 2026
 - Time: 19:00:22
Execution Info:
 - Date: 09/06/2026
 - Time: 13:36:06+0200

OpenFAST input file heading:
    FAST Certification Test #18: NREL 5.0 MW Baseline Wind Turbine (Onshore)

 Running ElastoDyn.
 Running InflowWind.

   Reading a 31x31 grid (145 m wide, 17.5 m to 162.5 m above ground) with a characteristic wind
   speed of 23 m/s. This full-field file was generated by TurbSim (v2.00.07a-bjj, 14-Jun-2016) on
   02-Sep-2026 at 21:54:47.

   Processed 12127 time steps of 20-Hz grid-field data (606.3 seconds).
 Running AeroDyn.
   AeroDyn: projMod: 1
   Projection: legacy (NoSweepPitchTwist), BEM: legacy (2D)
Warning: Turning off Unsteady Aerodynamics because polar has constant data. (node 1, blade 1)
Warning: Turning off Unsteady Aerodynamics because polar has constant data. (node 2, blade 1)
Warning: Turning off Unsteady Aerodynamics because polar has constant data. (node 3, blade 1)
Warning: Turning off Unsteady Aerodynamics because polar has constant data. (node 4, blade 1)
Warning: Turning off Unsteady Aerodynamics because polar has constant data. (node 1, blade 2)
Warning: Turning off Unsteady Aerodynamics because polar has constant data. (node 2, blade 2)
Warning: Turning off Unsteady Aerodynamics because polar has constant data. (node 3, blade 2)
Warning: Turning off Unsteady Aerodynamics because polar has constant data. (node 4, blade 2)
Warning: Turning off Unsteady Aerodynamics because polar has constant data. (node 1, blade 3)
Warning: Turning off Unsteady Aerodynamics because polar has constant data. (node 2, blade 3)
Warning: Turning off Unsteady Aerodynamics because polar has constant data. (node 3, blade 3)
Warning: Turning off Unsteady Aerodynamics because polar has constant data. (node 4, blade 3)
 Running ServoDyn.
 Running ServoDyn Interface for Bladed Controllers (using Intel Visual Fortran for Windows).
Using legacy Bladed DLL interface.
 Time: 0 of 600 seconds.

FAST_Solution:FAST_UpdateStates:Solver_Step:FAST_CalcOutput:AD_CalcOutput:RotCalcOutput:BEMT_CalcO
utput(node 5, blade 3):UA_CalcOutput:UA_BlendSteady:Temporarily turning off UA due to high angle
of attack or low relative velocity. This warning will not be repeated though the condition may
persist.


FAST_Solution:FAST_UpdateStates:Solver_Step:FAST_CalcOutput:ED_CalcContStateDeriv:SetCoordSy:Small
angle assumption violated in SUBROUTINE SmllRotTrans() due to a large blade deflection (ElastoDyn
SetCoordSy). The solution may be inaccurate. Simulation continuing, but future warnings from
SmllRotTrans() will be suppressed.
ED_CalcContStateDeriv:SetCoordSy:Small angle assumption violated in SUBROUTINE SmllRotTrans() due
to a large blade deflection (ElastoDyn SetCoordSy). The solution may be inaccurate. Simulation
continuing, but future warnings from SmllRotTrans() will be suppressed.


FAST_Solution:FAST_UpdateStates:Solver_Step:FAST_CalcOutput:AD_CalcOutput:RotCalcOutput:BEMT_CalcO
utput(node 18, blade 2):UA_CalcOutput:Mach number exceeds 0.3. Theory is invalid. This warning
will not be repeated though the condition may persist.



** WARNING: Tower strike. **  This warning will not be repeated though the condition may persist.



FAST_Solution:FAST_UpdateStates:Solver_Step:FAST_UpdateStates:AD_UpdateStates:SetInputs:SetDisturb
edInflow:TwrInfl:Tower strike.

  OpenFAST encountered an error at simulation time 0.7625 of 600 seconds.
 Simulation error level: FATAL ERROR

 Aborting OpenFAST.



======================================================================
CASE: 5MW_Land_DLL_WTurb_WS23_Seed03
FST : 5MW_Land_DLL_WTurb\OpenFAST_Case_Outputs\WS23\Seed03\5MW_Land_DLL_WTurb_WS23_Seed03.fst
======================================================================


**************************************************************************************************
OpenFAST

Copyright (C) 2026 National Renewable Energy Laboratory
Copyright (C) 2026 Envision Energy USA LTD

This program is licensed under Apache License Version 2.0 and comes with ABSOLUTELY NO WARRANTY.
See the "LICENSE" file distributed with this software for details.
**************************************************************************************************

OpenFAST-v5.0.0
Compile Info:
 - Compiler: Intel(R) Fortran Compiler 20250302
 - Architecture: 64 bit
 - Precision: single
 - OpenMP: No
 - Date: Mar 13 2026
 - Time: 19:00:22
Execution Info:
 - Date: 09/06/2026
 - Time: 13:36:10+0200

OpenFAST input file heading:
    FAST Certification Test #18: NREL 5.0 MW Baseline Wind Turbine (Onshore)

 Running ElastoDyn.
 Running InflowWind.

   Reading a 31x31 grid (145 m wide, 17.5 m to 162.5 m above ground) with a characteristic wind
   speed of 23 m/s. This full-field file was generated by TurbSim (v2.00.07a-bjj, 14-Jun-2016) on
   02-Sep-2026 at 21:58:29.

   Processed 12127 time steps of 20-Hz grid-field data (606.3 seconds).
 Running AeroDyn.
   AeroDyn: projMod: 1
   Projection: legacy (NoSweepPitchTwist), BEM: legacy (2D)
Warning: Turning off Unsteady Aerodynamics because polar has constant data. (node 1, blade 1)
Warning: Turning off Unsteady Aerodynamics because polar has constant data. (node 2, blade 1)
Warning: Turning off Unsteady Aerodynamics because polar has constant data. (node 3, blade 1)
Warning: Turning off Unsteady Aerodynamics because polar has constant data. (node 4, blade 1)
Warning: Turning off Unsteady Aerodynamics because polar has constant data. (node 1, blade 2)
Warning: Turning off Unsteady Aerodynamics because polar has constant data. (node 2, blade 2)
Warning: Turning off Unsteady Aerodynamics because polar has constant data. (node 3, blade 2)
Warning: Turning off Unsteady Aerodynamics because polar has constant data. (node 4, blade 2)
Warning: Turning off Unsteady Aerodynamics because polar has constant data. (node 1, blade 3)
Warning: Turning off Unsteady Aerodynamics because polar has constant data. (node 2, blade 3)
Warning: Turning off Unsteady Aerodynamics because polar has constant data. (node 3, blade 3)
Warning: Turning off Unsteady Aerodynamics because polar has constant data. (node 4, blade 3)
 Running ServoDyn.
 Running ServoDyn Interface for Bladed Controllers (using Intel Visual Fortran for Windows).
Using legacy Bladed DLL interface.
 Time: 0 of 600 seconds.

FAST_Solution:FAST_UpdateStates:Solver_Step:FAST_CalcOutput:AD_CalcOutput:RotCalcOutput:BEMT_CalcO
utput(node 5, blade 1):UA_CalcOutput:UA_BlendSteady:Temporarily turning off UA due to high angle
of attack or low relative velocity. This warning will not be repeated though the condition may
persist.


FAST_Solution:FAST_UpdateStates:Solver_Step:FAST_CalcOutput:ED_CalcContStateDeriv:SetCoordSy:Small
angle assumption violated in SUBROUTINE SmllRotTrans() due to a large blade deflection (ElastoDyn
SetCoordSy). The solution may be inaccurate. Simulation continuing, but future warnings from
SmllRotTrans() will be suppressed.
ED_CalcContStateDeriv:SetCoordSy:Small angle assumption violated in SUBROUTINE SmllRotTrans() due
to a large blade deflection (ElastoDyn SetCoordSy). The solution may be inaccurate. Simulation
continuing, but future warnings from SmllRotTrans() will be suppressed.


FAST_Solution:FAST_UpdateStates:Solver_Step:FAST_UpdateStates:AD_UpdateStates:BEMT_UpdateStates(no
de 18, blade 3):UA_UpdateStates:UA_UpdateDiscOtherState:ComputeKelvinChain:Mach number exceeds
0.3. Theory is invalid. This warning will not be repeated though the condition may persist.

                                                                                                  
 Time: 5 of 600 seconds.  Estimated final completion at 13:38:19 (in 0.001 days).
                                                                                                  
 Time: 10 of 600 seconds.  Estimated final completion at 13:38:09 (in 0.001 days).
                                                                                                  
 Time: 15 of 600 seconds.  Estimated final completion at 13:38:13 (in 0.001 days).
                                                                                                  
 Time: 20 of 600 seconds.  Estimated final completion at 13:38:10 (in 0.001 days).
                                                                                                  
 Time: 25 of 600 seconds.  Estimated final completion at 13:38:10 (in 0.001 days).
                                                                                                  
 Time: 30 of 600 seconds.  Estimated final completion at 13:38:10 (in 0.001 days).
                                                                                                  
 Time: 35 of 600 seconds.  Estimated final completion at 13:38:09 (in 0.001 days).
                                                                                                  
 Time: 40 of 600 seconds.  Estimated final completion at 13:38:12 (in 0.001 days).
                                                                                                  
 Time: 45 of 600 seconds.  Estimated final completion at 13:38:15 (in 0.001 days).
                                                                                                  
 Time: 50 of 600 seconds.  Estimated final completion at 13:38:11 (in 0.001 days).
                                                                                                  
 Time: 55 of 600 seconds.  Estimated final completion at 13:38:14 (in 0.001 days).
                                                                                                  
 Time: 60 of 600 seconds.  Estimated final completion at 13:38:09 (in 0.001 days).
                                                                                                  
 Time: 65 of 600 seconds.  Estimated final completion at 13:38:07 (in 0.001 days).
                                                                                                  
 Time: 70 of 600 seconds.  Estimated final completion at 13:38:06 (in 0.001 days).
                                                                                                  
 Time: 75 of 600 seconds.  Estimated final completion at 13:38:08 (in 0.001 days).
                                                                                                  
 Time: 80 of 600 seconds.  Estimated final completion at 13:38:09 (in 0.001 days).
                                                                                                  
 Time: 85 of 600 seconds.  Estimated final completion at 13:38:07 (in 0.001 days).
                                                                                                  
 Time: 90 of 600 seconds.  Estimated final completion at 13:38:08 (in 0.001 days).
                                                                                                  
 Time: 95 of 600 seconds.  Estimated final completion at 13:38:10 (in 0.001 days).
                                                                                                  
 Time: 100 of 600 seconds.  Estimated final completion at 13:38:08 (in 0.001 days).
                                                                                                  
 Time: 105 of 600 seconds.  Estimated final completion at 13:38:08 (in 0.001 days).
                                                                                                  
 Time: 110 of 600 seconds.  Estimated final completion at 13:38:09 (in 0.001 days).
                                                                                                  
 Time: 115 of 600 seconds.  Estimated final completion at 13:38:08 (in 0.001 days).
                                                                                                  
 Time: 120 of 600 seconds.  Estimated final completion at 13:38:10 (in 0.001 days).
                                                                                                  
 Time: 125 of 600 seconds.  Estimated final completion at 13:38:08 (in 0.001 days).
                                                                                                  
 Time: 130 of 600 seconds.  Estimated final completion at 13:38:09 (in 0.001 days).
                                                                                                  
 Time: 135 of 600 seconds.  Estimated final completion at 13:38:09 (in 0.001 days).
                                                                                                  
 Time: 140 of 600 seconds.  Estimated final completion at 13:38:11 (in 0.001 days).
                                                                                                  
 Time: 145 of 600 seconds.  Estimated final completion at 13:38:08 (in 0.001 days).
                                                                                                  
 Time: 150 of 600 seconds.  Estimated final completion at 13:38:08 (in 0.001 days).
                                                                                                  
 Time: 155 of 600 seconds.  Estimated final completion at 13:38:09 (in 0.001 days).
                                                                                                  
 Time: 160 of 600 seconds.  Estimated final completion at 13:38:09 (in 0.001 days).
                                                                                                  
 Time: 165 of 600 seconds.  Estimated final completion at 13:38:06 (in 0.001 days).
                                                                                                  
 Time: 170 of 600 seconds.  Estimated final completion at 13:38:07 (in 0.001 days).
                                                                                                  
 Time: 175 of 600 seconds.  Estimated final completion at 13:38:08 (in 0.001 days).
                                                                                                  
 Time: 180 of 600 seconds.  Estimated final completion at 13:38:09 (in 0.001 days).
                                                                                                  
 Time: 185 of 600 seconds.  Estimated final completion at 13:38:09 (in 0.001 days).
                                                                                                  
 Time: 190 of 600 seconds.  Estimated final completion at 13:38:07 (in 0.001 days).
                                                                                                  
 Time: 195 of 600 seconds.  Estimated final completion at 13:38:08 (in 0.001 days).
                                                                                                  
 Time: 200 of 600 seconds.  Estimated final completion at 13:38:08 (in 0.001 days).
                                                                                                  
 Time: 205 of 600 seconds.  Estimated final completion at 13:38:08 (in 0.001 days).
                                                                                                  
 Time: 210 of 600 seconds.  Estimated final completion at 13:38:08 (in 0.001 days).
                                                                                                  
 Time: 215 of 600 seconds.  Estimated final completion at 13:38:09 (in 0.001 days).
                                                                                                  
 Time: 220 of 600 seconds.  Estimated final completion at 13:38:08 (in 0.001 days).
                                                                                                  
 Time: 225 of 600 seconds.  Estimated final completion at 13:38:08 (in 0.001 days).
                                                                                                  
 Time: 230 of 600 seconds.  Estimated final completion at 13:38:08 (in 0.001 days).
                                                                                                  
 Time: 235 of 600 seconds.  Estimated final completion at 13:38:08 (in 0.001 days).
                                                                                                  
 Time: 240 of 600 seconds.  Estimated final completion at 13:38:08 (in 0.001 days).
                                                                                                  
 Time: 245 of 600 seconds.  Estimated final completion at 13:38:09 (in 0.001 days).
                                                                                                  
 Time: 250 of 600 seconds.  Estimated final completion at 13:38:08 (in 0.001 days).
                                                                                                  
 Time: 255 of 600 seconds.  Estimated final completion at 13:38:06 (in 0.001 days).
                                                                                                  
 Time: 260 of 600 seconds.  Estimated final completion at 13:38:10 (in 0.001 days).
                                                                                                  
 Time: 265 of 600 seconds.  Estimated final completion at 13:38:08 (in 0.001 days).
                                                                                                  
 Time: 270 of 600 seconds.  Estimated final completion at 13:38:09 (in 0.001 days).
                                                                                                  
 Time: 275 of 600 seconds.  Estimated final completion at 13:38:08 (in 0.001 days).
                                                                                                  
 Time: 280 of 600 seconds.  Estimated final completion at 13:38:08 (in 0.001 days).
                                                                                                  
 Time: 285 of 600 seconds.  Estimated final completion at 13:38:08 (in 0.001 days).
                                                                                                  
 Time: 290 of 600 seconds.  Estimated final completion at 13:38:08 (in 0.001 days).
                                                                                                  
 Time: 295 of 600 seconds.  Estimated final completion at 13:38:07 (in 0.001 days).
                                                                                                  
 Time: 300 of 600 seconds.  Estimated final completion at 13:38:09 (in 0.001 days).
                                                                                                  
 Time: 305 of 600 seconds.  Estimated final completion at 13:38:07 (in 0.001 days).
                                                                                                  
 Time: 310 of 600 seconds.  Estimated final completion at 13:38:10 (in 0.001 days).
                                                                                                  
 Time: 315 of 600 seconds.  Estimated final completion at 13:38:08 (in 0.001 days).
                                                                                                  
 Time: 320 of 600 seconds.  Estimated final completion at 13:38:08 (in 0.001 days).
                                                                                                  
 Time: 325 of 600 seconds.  Estimated final completion at 13:38:07 (in 0.001 days).
                                                                                                  
 Time: 330 of 600 seconds.  Estimated final completion at 13:38:08 (in 0.001 days).
                                                                                                  
 Time: 335 of 600 seconds.  Estimated final completion at 13:38:07 (in 0.001 days).
                                                                                                  
 Time: 340 of 600 seconds.  Estimated final completion at 13:38:08 (in 0.001 days).
                                                                                                  
 Time: 345 of 600 seconds.  Estimated final completion at 13:38:07 (in 0.001 days).
                                                                                                  
 Time: 350 of 600 seconds.  Estimated final completion at 13:38:08 (in 0.001 days).
                                                                                                  
 Time: 355 of 600 seconds.  Estimated final completion at 13:38:07 (in 0.001 days).
                                                                                                  
 Time: 360 of 600 seconds.  Estimated final completion at 13:38:08 (in 0.001 days).
                                                                                                  
 Time: 365 of 600 seconds.  Estimated final completion at 13:38:08 (in 0.001 days).
                                                                                                  
 Time: 370 of 600 seconds.  Estimated final completion at 13:38:09 (in 0.001 days).
                                                                                                  
 Time: 375 of 600 seconds.  Estimated final completion at 13:38:08 (in 0.001 days).
                                                                                                  
 Time: 380 of 600 seconds.  Estimated final completion at 13:38:09 (in 0.001 days).
                                                                                                  
 Time: 385 of 600 seconds.  Estimated final completion at 13:38:07 (in 0.000 days).
                                                                                                  
 Time: 390 of 600 seconds.  Estimated final completion at 13:38:09 (in 0.000 days).
                                                                                                  
 Time: 395 of 600 seconds.  Estimated final completion at 13:38:09 (in 0.000 days).
                                                                                                  
 Time: 400 of 600 seconds.  Estimated final completion at 13:38:07 (in 0.000 days).
                                                                                                  
 Time: 405 of 600 seconds.  Estimated final completion at 13:38:07 (in 0.000 days).
                                                                                                  
 Time: 410 of 600 seconds.  Estimated final completion at 13:38:08 (in 0.000 days).
                                                                                                  
 Time: 415 of 600 seconds.  Estimated final completion at 13:38:08 (in 0.000 days).
                                                                                                  
 Time: 420 of 600 seconds.  Estimated final completion at 13:38:08 (in 0.000 days).
                                                                                                  
 Time: 425 of 600 seconds.  Estimated final completion at 13:38:07 (in 0.000 days).
                                                                                                  
 Time: 430 of 600 seconds.  Estimated final completion at 13:38:08 (in 0.000 days).
                                                                                                  
 Time: 435 of 600 seconds.  Estimated final completion at 13:38:08 (in 0.000 days).
                                                                                                  
 Time: 440 of 600 seconds.  Estimated final completion at 13:38:08 (in 0.000 days).
                                                                                                  
 Time: 445 of 600 seconds.  Estimated final completion at 13:38:08 (in 0.000 days).
                                                                                                  
 Time: 450 of 600 seconds.  Estimated final completion at 13:38:08 (in 0.000 days).
                                                                                                  
 Time: 455 of 600 seconds.  Estimated final completion at 13:38:08 (in 0.000 days).
                                                                                                  
 Time: 460 of 600 seconds.  Estimated final completion at 13:38:08 (in 0.000 days).
                                                                                                  
 Time: 465 of 600 seconds.  Estimated final completion at 13:38:09 (in 0.000 days).
                                                                                                  
 Time: 470 of 600 seconds.  Estimated final completion at 13:38:08 (in 0.000 days).
                                                                                                  
 Time: 475 of 600 seconds.  Estimated final completion at 13:38:08 (in 0.000 days).
                                                                                                  
 Time: 480 of 600 seconds.  Estimated final completion at 13:38:08 (in 0.000 days).
                                                                                                  
 Time: 485 of 600 seconds.  Estimated final completion at 13:38:08 (in 0.000 days).
                                                                                                  
 Time: 490 of 600 seconds.  Estimated final completion at 13:38:08 (in 0.000 days).
                                                                                                  
 Time: 495 of 600 seconds.  Estimated final completion at 13:38:08 (in 0.000 days).
                                                                                                  
 Time: 500 of 600 seconds.  Estimated final completion at 13:38:08 (in 0.000 days).
                                                                                                  
 Time: 505 of 600 seconds.  Estimated final completion at 13:38:08 (in 0.000 days).
                                                                                                  
 Time: 510 of 600 seconds.  Estimated final completion at 13:38:08 (in 0.000 days).
                                                                                                  
 Time: 515 of 600 seconds.  Estimated final completion at 13:38:08 (in 0.000 days).
                                                                                                  
 Time: 520 of 600 seconds.  Estimated final completion at 13:38:08 (in 0.000 days).
                                                                                                  
 Time: 525 of 600 seconds.  Estimated final completion at 13:38:08 (in 0.000 days).
                                                                                                  
 Time: 530 of 600 seconds.  Estimated final completion at 13:38:08 (in 0.000 days).
                                                                                                  
 Time: 535 of 600 seconds.  Estimated final completion at 13:38:08 (in 0.000 days).
                                                                                                  
 Time: 540 of 600 seconds.  Estimated final completion at 13:38:08 (in 0.000 days).
                                                                                                  
 Time: 545 of 600 seconds.  Estimated final completion at 13:38:08 (in 0.000 days).
                                                                                                  
 Time: 550 of 600 seconds.  Estimated final completion at 13:38:08 (in 0.000 days).
                                                                                                  
 Time: 555 of 600 seconds.  Estimated final completion at 13:38:08 (in 0.000 days).
                                                                                                  
 Time: 560 of 600 seconds.  Estimated final completion at 13:38:08 (in 0.000 days).
                                                                                                  
 Time: 565 of 600 seconds.  Estimated final completion at 13:38:08 (in 0.000 days).
                                                                                                  
 Time: 570 of 600 seconds.  Estimated final completion at 13:38:08 (in 0.000 days).
                                                                                                  
 Time: 575 of 600 seconds.  Estimated final completion at 13:38:08 (in 0.000 days).
                                                                                                  
 Time: 580 of 600 seconds.  Estimated final completion at 13:38:08 (in 0.000 days).
                                                                                                  
 Time: 585 of 600 seconds.  Estimated final completion at 13:38:08 (in 0.000 days).
                                                                                                  
 Time: 590 of 600 seconds.  Estimated final completion at 13:38:08 (in 0.000 days).
                                                                                                  
 Time: 595 of 600 seconds.  Estimated final completion at 13:38:08 (in 0.000 days).
                                                                                                  
 Time: 600 of 600 seconds.  Estimated final completion at 13:38:08 (in 0.000 days).
                                                                                                  

 Total Real Time:       1.9632 minutes
 Total CPU Time:        1.951 minutes
 Simulation CPU Time:   1.9477 minutes
 Simulated Time:        10 minutes
 Time Ratio (Sim/CPU):  5.1344

 OpenFAST terminated normally.



======================================================================
CASE: 5MW_Land_DLL_WTurb_WS23_Seed04
FST : 5MW_Land_DLL_WTurb\OpenFAST_Case_Outputs\WS23\Seed04\5MW_Land_DLL_WTurb_WS23_Seed04.fst
======================================================================


**************************************************************************************************
OpenFAST

Copyright (C) 2026 National Renewable Energy Laboratory
Copyright (C) 2026 Envision Energy USA LTD

This program is licensed under Apache License Version 2.0 and comes with ABSOLUTELY NO WARRANTY.
See the "LICENSE" file distributed with this software for details.
**************************************************************************************************

OpenFAST-v5.0.0
Compile Info:
 - Compiler: Intel(R) Fortran Compiler 20250302
 - Architecture: 64 bit
 - Precision: single
 - OpenMP: No
 - Date: Mar 13 2026
 - Time: 19:00:22
Execution Info:
 - Date: 09/06/2026
 - Time: 13:38:08+0200

OpenFAST input file heading:
    FAST Certification Test #18: NREL 5.0 MW Baseline Wind Turbine (Onshore)

 Running ElastoDyn.
 Running InflowWind.

   Reading a 31x31 grid (145 m wide, 17.5 m to 162.5 m above ground) with a characteristic wind
   speed of 23 m/s. This full-field file was generated by TurbSim (v2.00.07a-bjj, 14-Jun-2016) on
   02-Sep-2026 at 22:00:48.

   Processed 12127 time steps of 20-Hz grid-field data (606.3 seconds).
 Running AeroDyn.
   AeroDyn: projMod: 1
   Projection: legacy (NoSweepPitchTwist), BEM: legacy (2D)
Warning: Turning off Unsteady Aerodynamics because polar has constant data. (node 1, blade 1)
Warning: Turning off Unsteady Aerodynamics because polar has constant data. (node 2, blade 1)
Warning: Turning off Unsteady Aerodynamics because polar has constant data. (node 3, blade 1)
Warning: Turning off Unsteady Aerodynamics because polar has constant data. (node 4, blade 1)
Warning: Turning off Unsteady Aerodynamics because polar has constant data. (node 1, blade 2)
Warning: Turning off Unsteady Aerodynamics because polar has constant data. (node 2, blade 2)
Warning: Turning off Unsteady Aerodynamics because polar has constant data. (node 3, blade 2)
Warning: Turning off Unsteady Aerodynamics because polar has constant data. (node 4, blade 2)
Warning: Turning off Unsteady Aerodynamics because polar has constant data. (node 1, blade 3)
Warning: Turning off Unsteady Aerodynamics because polar has constant data. (node 2, blade 3)
Warning: Turning off Unsteady Aerodynamics because polar has constant data. (node 3, blade 3)
Warning: Turning off Unsteady Aerodynamics because polar has constant data. (node 4, blade 3)
 Running ServoDyn.
 Running ServoDyn Interface for Bladed Controllers (using Intel Visual Fortran for Windows).
Using legacy Bladed DLL interface.
 Time: 0 of 600 seconds.

FAST_Solution:FAST_UpdateStates:Solver_Step:FAST_CalcOutput:AD_CalcOutput:RotCalcOutput:BEMT_CalcO
utput(node 5, blade 3):UA_CalcOutput:UA_BlendSteady:Temporarily turning off UA due to high angle
of attack or low relative velocity. This warning will not be repeated though the condition may
persist.


FAST_Solution:FAST_UpdateStates:Solver_Step:FAST_CalcOutput:ED_CalcContStateDeriv:SetCoordSy:Small
angle assumption violated in SUBROUTINE SmllRotTrans() due to a large blade deflection (ElastoDyn
SetCoordSy). The solution may be inaccurate. Simulation continuing, but future warnings from
SmllRotTrans() will be suppressed.
ED_CalcContStateDeriv:SetCoordSy:Small angle assumption violated in SUBROUTINE SmllRotTrans() due
to a large blade deflection (ElastoDyn SetCoordSy). The solution may be inaccurate. Simulation
continuing, but future warnings from SmllRotTrans() will be suppressed.


FAST_Solution:FAST_UpdateStates:Solver_Step:FAST_UpdateStates:AD_UpdateStates:BEMT_UpdateStates(no
de 18, blade 3):UA_UpdateStates:UA_UpdateDiscOtherState:ComputeKelvinChain:Mach number exceeds
0.3. Theory is invalid. This warning will not be repeated though the condition may persist.

                                                                                                  
 Time: 5 of 600 seconds.  Estimated final completion at 13:40:11 (in 0.001 days).
                                                                                                  
 Time: 10 of 600 seconds.  Estimated final completion at 13:40:10 (in 0.001 days).
                                                                                                  
 Time: 15 of 600 seconds.  Estimated final completion at 13:40:10 (in 0.001 days).
                                                                                                  
 Time: 20 of 600 seconds.  Estimated final completion at 13:40:06 (in 0.001 days).
                                                                                                  
 Time: 25 of 600 seconds.  Estimated final completion at 13:40:06 (in 0.001 days).
                                                                                                  
 Time: 30 of 600 seconds.  Estimated final completion at 13:40:05 (in 0.001 days).
                                                                                                  
 Time: 35 of 600 seconds.  Estimated final completion at 13:40:03 (in 0.001 days).
                                                                                                  
 Time: 40 of 600 seconds.  Estimated final completion at 13:40:05 (in 0.001 days).
                                                                                                  
 Time: 45 of 600 seconds.  Estimated final completion at 13:40:05 (in 0.001 days).
                                                                                                  
 Time: 50 of 600 seconds.  Estimated final completion at 13:40:03 (in 0.001 days).
                                                                                                  
 Time: 55 of 600 seconds.  Estimated final completion at 13:40:07 (in 0.001 days).
                                                                                                  
 Time: 60 of 600 seconds.  Estimated final completion at 13:40:04 (in 0.001 days).
                                                                                                  
 Time: 65 of 600 seconds.  Estimated final completion at 13:40:06 (in 0.001 days).
                                                                                                  
 Time: 70 of 600 seconds.  Estimated final completion at 13:40:05 (in 0.001 days).
                                                                                                  
 Time: 75 of 600 seconds.  Estimated final completion at 13:40:07 (in 0.001 days).
                                                                                                  
 Time: 80 of 600 seconds.  Estimated final completion at 13:40:06 (in 0.001 days).
                                                                                                  
 Time: 85 of 600 seconds.  Estimated final completion at 13:40:04 (in 0.001 days).
                                                                                                  
 Time: 90 of 600 seconds.  Estimated final completion at 13:40:06 (in 0.001 days).
                                                                                                  
 Time: 95 of 600 seconds.  Estimated final completion at 13:40:06 (in 0.001 days).
                                                                                                  
 Time: 100 of 600 seconds.  Estimated final completion at 13:40:05 (in 0.001 days).
                                                                                                  
 Time: 105 of 600 seconds.  Estimated final completion at 13:40:05 (in 0.001 days).
                                                                                                  
 Time: 110 of 600 seconds.  Estimated final completion at 13:40:05 (in 0.001 days).
                                                                                                  
 Time: 115 of 600 seconds.  Estimated final completion at 13:40:05 (in 0.001 days).
                                                                                                  
 Time: 120 of 600 seconds.  Estimated final completion at 13:40:06 (in 0.001 days).
                                                                                                  
 Time: 125 of 600 seconds.  Estimated final completion at 13:40:06 (in 0.001 days).
                                                                                                  
 Time: 130 of 600 seconds.  Estimated final completion at 13:40:09 (in 0.001 days).
                                                                                                  
 Time: 135 of 600 seconds.  Estimated final completion at 13:40:05 (in 0.001 days).
                                                                                                  
 Time: 140 of 600 seconds.  Estimated final completion at 13:40:04 (in 0.001 days).
                                                                                                  
 Time: 145 of 600 seconds.  Estimated final completion at 13:40:07 (in 0.001 days).
                                                                                                  
 Time: 150 of 600 seconds.  Estimated final completion at 13:40:05 (in 0.001 days).
                                                                                                  
 Time: 155 of 600 seconds.  Estimated final completion at 13:40:06 (in 0.001 days).
                                                                                                  
 Time: 160 of 600 seconds.  Estimated final completion at 13:40:04 (in 0.001 days).
                                                                                                  
 Time: 165 of 600 seconds.  Estimated final completion at 13:40:06 (in 0.001 days).
                                                                                                  
 Time: 170 of 600 seconds.  Estimated final completion at 13:40:06 (in 0.001 days).
                                                                                                  
 Time: 175 of 600 seconds.  Estimated final completion at 13:40:05 (in 0.001 days).
                                                                                                  
 Time: 180 of 600 seconds.  Estimated final completion at 13:40:06 (in 0.001 days).
                                                                                                  
 Time: 185 of 600 seconds.  Estimated final completion at 13:40:05 (in 0.001 days).
                                                                                                  
 Time: 190 of 600 seconds.  Estimated final completion at 13:40:06 (in 0.001 days).
                                                                                                  
 Time: 195 of 600 seconds.  Estimated final completion at 13:40:06 (in 0.001 days).
                                                                                                  
 Time: 200 of 600 seconds.  Estimated final completion at 13:40:04 (in 0.001 days).
                                                                                                  
 Time: 205 of 600 seconds.  Estimated final completion at 13:40:05 (in 0.001 days).
                                                                                                  
 Time: 210 of 600 seconds.  Estimated final completion at 13:40:05 (in 0.001 days).
                                                                                                  
 Time: 215 of 600 seconds.  Estimated final completion at 13:40:05 (in 0.001 days).
                                                                                                  
 Time: 220 of 600 seconds.  Estimated final completion at 13:40:05 (in 0.001 days).
                                                                                                  
 Time: 225 of 600 seconds.  Estimated final completion at 13:40:06 (in 0.001 days).
                                                                                                  
 Time: 230 of 600 seconds.  Estimated final completion at 13:40:04 (in 0.001 days).
                                                                                                  
 Time: 235 of 600 seconds.  Estimated final completion at 13:40:06 (in 0.001 days).
                                                                                                  
 Time: 240 of 600 seconds.  Estimated final completion at 13:40:05 (in 0.001 days).
                                                                                                  
 Time: 245 of 600 seconds.  Estimated final completion at 13:40:05 (in 0.001 days).
                                                                                                  
 Time: 250 of 600 seconds.  Estimated final completion at 13:40:05 (in 0.001 days).
                                                                                                  
 Time: 255 of 600 seconds.  Estimated final completion at 13:40:04 (in 0.001 days).
                                                                                                  
 Time: 260 of 600 seconds.  Estimated final completion at 13:40:06 (in 0.001 days).
                                                                                                  
 Time: 265 of 600 seconds.  Estimated final completion at 13:40:05 (in 0.001 days).
                                                                                                  
 Time: 270 of 600 seconds.  Estimated final completion at 13:40:05 (in 0.001 days).
                                                                                                  
 Time: 275 of 600 seconds.  Estimated final completion at 13:40:05 (in 0.001 days).
                                                                                                  
 Time: 280 of 600 seconds.  Estimated final completion at 13:40:06 (in 0.001 days).
                                                                                                  
 Time: 285 of 600 seconds.  Estimated final completion at 13:40:06 (in 0.001 days).
                                                                                                  
 Time: 290 of 600 seconds.  Estimated final completion at 13:40:05 (in 0.001 days).
                                                                                                  
 Time: 295 of 600 seconds.  Estimated final completion at 13:40:06 (in 0.001 days).
                                                                                                  
 Time: 300 of 600 seconds.  Estimated final completion at 13:40:05 (in 0.001 days).
                                                                                                  
 Time: 305 of 600 seconds.  Estimated final completion at 13:40:05 (in 0.001 days).
                                                                                                  
 Time: 310 of 600 seconds.  Estimated final completion at 13:40:05 (in 0.001 days).
                                                                                                  
 Time: 315 of 600 seconds.  Estimated final completion at 13:40:04 (in 0.001 days).
                                                                                                  
 Time: 320 of 600 seconds.  Estimated final completion at 13:40:06 (in 0.001 days).
                                                                                                  
 Time: 325 of 600 seconds.  Estimated final completion at 13:40:05 (in 0.001 days).
                                                                                                  
 Time: 330 of 600 seconds.  Estimated final completion at 13:40:05 (in 0.001 days).
                                                                                                  
 Time: 335 of 600 seconds.  Estimated final completion at 13:40:04 (in 0.001 days).
                                                                                                  
 Time: 340 of 600 seconds.  Estimated final completion at 13:40:04 (in 0.001 days).
                                                                                                  
 Time: 345 of 600 seconds.  Estimated final completion at 13:40:05 (in 0.001 days).
                                                                                                  
 Time: 350 of 600 seconds.  Estimated final completion at 13:40:05 (in 0.001 days).
                                                                                                  
 Time: 355 of 600 seconds.  Estimated final completion at 13:40:05 (in 0.001 days).
                                                                                                  
 Time: 360 of 600 seconds.  Estimated final completion at 13:40:05 (in 0.001 days).
                                                                                                  
 Time: 365 of 600 seconds.  Estimated final completion at 13:40:05 (in 0.001 days).
                                                                                                  
 Time: 370 of 600 seconds.  Estimated final completion at 13:40:04 (in 0.001 days).
                                                                                                  
 Time: 375 of 600 seconds.  Estimated final completion at 13:40:05 (in 0.001 days).
                                                                                                  
 Time: 380 of 600 seconds.  Estimated final completion at 13:40:04 (in 0.000 days).
                                                                                                  
 Time: 385 of 600 seconds.  Estimated final completion at 13:40:04 (in 0.000 days).
                                                                                                  
 Time: 390 of 600 seconds.  Estimated final completion at 13:40:04 (in 0.000 days).
                                                                                                  
 Time: 395 of 600 seconds.  Estimated final completion at 13:40:06 (in 0.000 days).
                                                                                                  
 Time: 400 of 600 seconds.  Estimated final completion at 13:40:04 (in 0.000 days).
                                                                                                  
 Time: 405 of 600 seconds.  Estimated final completion at 13:40:06 (in 0.000 days).
                                                                                                  
 Time: 410 of 600 seconds.  Estimated final completion at 13:40:04 (in 0.000 days).
                                                                                                  
 Time: 415 of 600 seconds.  Estimated final completion at 13:40:05 (in 0.000 days).
                                                                                                  
 Time: 420 of 600 seconds.  Estimated final completion at 13:40:04 (in 0.000 days).
                                                                                                  
 Time: 425 of 600 seconds.  Estimated final completion at 13:40:05 (in 0.000 days).
                                                                                                  
 Time: 430 of 600 seconds.  Estimated final completion at 13:40:05 (in 0.000 days).
                                                                                                  
 Time: 435 of 600 seconds.  Estimated final completion at 13:40:05 (in 0.000 days).
                                                                                                  
 Time: 440 of 600 seconds.  Estimated final completion at 13:40:05 (in 0.000 days).
                                                                                                  
 Time: 445 of 600 seconds.  Estimated final completion at 13:40:05 (in 0.000 days).
                                                                                                  
 Time: 450 of 600 seconds.  Estimated final completion at 13:40:05 (in 0.000 days).
                                                                                                  
 Time: 455 of 600 seconds.  Estimated final completion at 13:40:05 (in 0.000 days).
                                                                                                  
 Time: 460 of 600 seconds.  Estimated final completion at 13:40:04 (in 0.000 days).
                                                                                                  
 Time: 465 of 600 seconds.  Estimated final completion at 13:40:05 (in 0.000 days).
                                                                                                  
 Time: 470 of 600 seconds.  Estimated final completion at 13:40:05 (in 0.000 days).
                                                                                                  
 Time: 475 of 600 seconds.  Estimated final completion at 13:40:05 (in 0.000 days).
                                                                                                  
 Time: 480 of 600 seconds.  Estimated final completion at 13:40:05 (in 0.000 days).
                                                                                                  
 Time: 485 of 600 seconds.  Estimated final completion at 13:40:05 (in 0.000 days).
                                                                                                  
 Time: 490 of 600 seconds.  Estimated final completion at 13:40:05 (in 0.000 days).
                                                                                                  
 Time: 495 of 600 seconds.  Estimated final completion at 13:40:05 (in 0.000 days).
                                                                                                  
 Time: 500 of 600 seconds.  Estimated final completion at 13:40:05 (in 0.000 days).
                                                                                                  
 Time: 505 of 600 seconds.  Estimated final completion at 13:40:05 (in 0.000 days).
                                                                                                  
 Time: 510 of 600 seconds.  Estimated final completion at 13:40:05 (in 0.000 days).
                                                                                                  
 Time: 515 of 600 seconds.  Estimated final completion at 13:40:05 (in 0.000 days).
                                                                                                  
 Time: 520 of 600 seconds.  Estimated final completion at 13:40:05 (in 0.000 days).
                                                                                                  
 Time: 525 of 600 seconds.  Estimated final completion at 13:40:05 (in 0.000 days).
                                                                                                  
 Time: 530 of 600 seconds.  Estimated final completion at 13:40:05 (in 0.000 days).
                                                                                                  
 Time: 535 of 600 seconds.  Estimated final completion at 13:40:05 (in 0.000 days).
                                                                                                  
 Time: 540 of 600 seconds.  Estimated final completion at 13:40:05 (in 0.000 days).
                                                                                                  
 Time: 545 of 600 seconds.  Estimated final completion at 13:40:05 (in 0.000 days).
                                                                                                  
 Time: 550 of 600 seconds.  Estimated final completion at 13:40:05 (in 0.000 days).
                                                                                                  
 Time: 555 of 600 seconds.  Estimated final completion at 13:40:05 (in 0.000 days).
                                                                                                  
 Time: 560 of 600 seconds.  Estimated final completion at 13:40:05 (in 0.000 days).
                                                                                                  
 Time: 565 of 600 seconds.  Estimated final completion at 13:40:05 (in 0.000 days).
                                                                                                  
 Time: 570 of 600 seconds.  Estimated final completion at 13:40:05 (in 0.000 days).
                                                                                                  
 Time: 575 of 600 seconds.  Estimated final completion at 13:40:05 (in 0.000 days).
                                                                                                  
 Time: 580 of 600 seconds.  Estimated final completion at 13:40:05 (in 0.000 days).
                                                                                                  
 Time: 585 of 600 seconds.  Estimated final completion at 13:40:05 (in 0.000 days).
                                                                                                  
 Time: 590 of 600 seconds.  Estimated final completion at 13:40:05 (in 0.000 days).
                                                                                                  
 Time: 595 of 600 seconds.  Estimated final completion at 13:40:05 (in 0.000 days).
                                                                                                  
 Time: 600 of 600 seconds.  Estimated final completion at 13:40:05 (in 0.000 days).
                                                                                                  

 Total Real Time:       1.949 minutes
 Total CPU Time:        1.9352 minutes
 Simulation CPU Time:   1.932 minutes
 Simulated Time:        10 minutes
 Time Ratio (Sim/CPU):  5.1759

 OpenFAST terminated normally.



======================================================================
CASE: 5MW_Land_DLL_WTurb_WS23_Seed05
FST : 5MW_Land_DLL_WTurb\OpenFAST_Case_Outputs\WS23\Seed05\5MW_Land_DLL_WTurb_WS23_Seed05.fst
======================================================================


**************************************************************************************************
OpenFAST

Copyright (C) 2026 National Renewable Energy Laboratory
Copyright (C) 2026 Envision Energy USA LTD

This program is licensed under Apache License Version 2.0 and comes with ABSOLUTELY NO WARRANTY.
See the "LICENSE" file distributed with this software for details.
**************************************************************************************************

OpenFAST-v5.0.0
Compile Info:
 - Compiler: Intel(R) Fortran Compiler 20250302
 - Architecture: 64 bit
 - Precision: single
 - OpenMP: No
 - Date: Mar 13 2026
 - Time: 19:00:22
Execution Info:
 - Date: 09/06/2026
 - Time: 13:40:05+0200

OpenFAST input file heading:
    FAST Certification Test #18: NREL 5.0 MW Baseline Wind Turbine (Onshore)

 Running ElastoDyn.
 Running InflowWind.

   Reading a 31x31 grid (145 m wide, 17.5 m to 162.5 m above ground) with a characteristic wind
   speed of 23 m/s. This full-field file was generated by TurbSim (v2.00.07a-bjj, 14-Jun-2016) on
   02-Sep-2026 at 22:02:05.

   Processed 12127 time steps of 20-Hz grid-field data (606.3 seconds).
 Running AeroDyn.
   AeroDyn: projMod: 1
   Projection: legacy (NoSweepPitchTwist), BEM: legacy (2D)
Warning: Turning off Unsteady Aerodynamics because polar has constant data. (node 1, blade 1)
Warning: Turning off Unsteady Aerodynamics because polar has constant data. (node 2, blade 1)
Warning: Turning off Unsteady Aerodynamics because polar has constant data. (node 3, blade 1)
Warning: Turning off Unsteady Aerodynamics because polar has constant data. (node 4, blade 1)
Warning: Turning off Unsteady Aerodynamics because polar has constant data. (node 1, blade 2)
Warning: Turning off Unsteady Aerodynamics because polar has constant data. (node 2, blade 2)
Warning: Turning off Unsteady Aerodynamics because polar has constant data. (node 3, blade 2)
Warning: Turning off Unsteady Aerodynamics because polar has constant data. (node 4, blade 2)
Warning: Turning off Unsteady Aerodynamics because polar has constant data. (node 1, blade 3)
Warning: Turning off Unsteady Aerodynamics because polar has constant data. (node 2, blade 3)
Warning: Turning off Unsteady Aerodynamics because polar has constant data. (node 3, blade 3)
Warning: Turning off Unsteady Aerodynamics because polar has constant data. (node 4, blade 3)
 Running ServoDyn.
 Running ServoDyn Interface for Bladed Controllers (using Intel Visual Fortran for Windows).
Using legacy Bladed DLL interface.
 Time: 0 of 600 seconds.

FAST_Solution:FAST_UpdateStates:Solver_Step:FAST_CalcOutput:AD_CalcOutput:RotCalcOutput:BEMT_CalcO
utput(node 5, blade 3):UA_CalcOutput:UA_BlendSteady:Temporarily turning off UA due to high angle
of attack or low relative velocity. This warning will not be repeated though the condition may
persist.


FAST_Solution:FAST_UpdateStates:Solver_Step:FAST_CalcOutput:ED_CalcContStateDeriv:SetCoordSy:Small
angle assumption violated in SUBROUTINE SmllRotTrans() due to a large blade deflection (ElastoDyn
SetCoordSy). The solution may be inaccurate. Simulation continuing, but future warnings from
SmllRotTrans() will be suppressed.
ED_CalcContStateDeriv:SetCoordSy:Small angle assumption violated in SUBROUTINE SmllRotTrans() due
to a large blade deflection (ElastoDyn SetCoordSy). The solution may be inaccurate. Simulation
continuing, but future warnings from SmllRotTrans() will be suppressed.


FAST_Solution:FAST_UpdateStates:Solver_Step:FAST_CalcOutput:AD_CalcOutput:RotCalcOutput:BEMT_CalcO
utput(node 19, blade 3):UA_CalcOutput:Mach number exceeds 0.3. Theory is invalid. This warning
will not be repeated though the condition may persist.

                                                                                                  
 Time: 5 of 600 seconds.  Estimated final completion at 13:42:10 (in 0.001 days).
                                                                                                  
 Time: 10 of 600 seconds.  Estimated final completion at 13:42:06 (in 0.001 days).
                                                                                                  
 Time: 15 of 600 seconds.  Estimated final completion at 13:42:04 (in 0.001 days).
                                                                                                  
 Time: 20 of 600 seconds.  Estimated final completion at 13:42:04 (in 0.001 days).
                                                                                                  
 Time: 25 of 600 seconds.  Estimated final completion at 13:42:02 (in 0.001 days).
                                                                                                  
 Time: 30 of 600 seconds.  Estimated final completion at 13:42:04 (in 0.001 days).
                                                                                                  
 Time: 35 of 600 seconds.  Estimated final completion at 13:42:01 (in 0.001 days).
                                                                                                  
 Time: 40 of 600 seconds.  Estimated final completion at 13:42:03 (in 0.001 days).
                                                                                                  
 Time: 45 of 600 seconds.  Estimated final completion at 13:42:03 (in 0.001 days).
                                                                                                  
 Time: 50 of 600 seconds.  Estimated final completion at 13:42:02 (in 0.001 days).
                                                                                                  
 Time: 55 of 600 seconds.  Estimated final completion at 13:42:01 (in 0.001 days).
                                                                                                  
 Time: 60 of 600 seconds.  Estimated final completion at 13:42:03 (in 0.001 days).
                                                                                                  
 Time: 65 of 600 seconds.  Estimated final completion at 13:42:03 (in 0.001 days).
                                                                                                  
 Time: 70 of 600 seconds.  Estimated final completion at 13:42:03 (in 0.001 days).
                                                                                                  
 Time: 75 of 600 seconds.  Estimated final completion at 13:42:02 (in 0.001 days).
                                                                                                  
 Time: 80 of 600 seconds.  Estimated final completion at 13:42:03 (in 0.001 days).
                                                                                                  
 Time: 85 of 600 seconds.  Estimated final completion at 13:42:06 (in 0.001 days).
                                                                                                  
 Time: 90 of 600 seconds.  Estimated final completion at 13:42:06 (in 0.001 days).
                                                                                                  
 Time: 95 of 600 seconds.  Estimated final completion at 13:42:02 (in 0.001 days).
                                                                                                  
 Time: 100 of 600 seconds.  Estimated final completion at 13:42:03 (in 0.001 days).
                                                                                                  
 Time: 105 of 600 seconds.  Estimated final completion at 13:42:02 (in 0.001 days).
                                                                                                  
 Time: 110 of 600 seconds.  Estimated final completion at 13:42:03 (in 0.001 days).
                                                                                                  
 Time: 115 of 600 seconds.  Estimated final completion at 13:42:02 (in 0.001 days).
                                                                                                  
 Time: 120 of 600 seconds.  Estimated final completion at 13:42:02 (in 0.001 days).
                                                                                                  
 Time: 125 of 600 seconds.  Estimated final completion at 13:42:02 (in 0.001 days).
                                                                                                  
 Time: 130 of 600 seconds.  Estimated final completion at 13:42:03 (in 0.001 days).
                                                                                                  
 Time: 135 of 600 seconds.  Estimated final completion at 13:42:03 (in 0.001 days).
                                                                                                  
 Time: 140 of 600 seconds.  Estimated final completion at 13:42:04 (in 0.001 days).
                                                                                                  
 Time: 145 of 600 seconds.  Estimated final completion at 13:42:03 (in 0.001 days).
                                                                                                  
 Time: 150 of 600 seconds.  Estimated final completion at 13:42:03 (in 0.001 days).
                                                                                                  
 Time: 155 of 600 seconds.  Estimated final completion at 13:42:03 (in 0.001 days).
                                                                                                  
 Time: 160 of 600 seconds.  Estimated final completion at 13:42:03 (in 0.001 days).
                                                                                                  
 Time: 165 of 600 seconds.  Estimated final completion at 13:42:01 (in 0.001 days).
                                                                                                  
 Time: 170 of 600 seconds.  Estimated final completion at 13:42:04 (in 0.001 days).
                                                                                                  
 Time: 175 of 600 seconds.  Estimated final completion at 13:42:04 (in 0.001 days).
                                                                                                  
 Time: 180 of 600 seconds.  Estimated final completion at 13:42:02 (in 0.001 days).
                                                                                                  
 Time: 185 of 600 seconds.  Estimated final completion at 13:42:03 (in 0.001 days).
                                                                                                  
 Time: 190 of 600 seconds.  Estimated final completion at 13:42:02 (in 0.001 days).
                                                                                                  
 Time: 195 of 600 seconds.  Estimated final completion at 13:42:02 (in 0.001 days).
                                                                                                  
 Time: 200 of 600 seconds.  Estimated final completion at 13:42:04 (in 0.001 days).
                                                                                                  
 Time: 205 of 600 seconds.  Estimated final completion at 13:42:02 (in 0.001 days).
                                                                                                  
 Time: 210 of 600 seconds.  Estimated final completion at 13:42:02 (in 0.001 days).
                                                                                                  
 Time: 215 of 600 seconds.  Estimated final completion at 13:42:05 (in 0.001 days).
                                                                                                  
 Time: 220 of 600 seconds.  Estimated final completion at 13:42:02 (in 0.001 days).
                                                                                                  
 Time: 225 of 600 seconds.  Estimated final completion at 13:42:02 (in 0.001 days).
                                                                                                  
 Time: 230 of 600 seconds.  Estimated final completion at 13:42:03 (in 0.001 days).
                                                                                                  
 Time: 235 of 600 seconds.  Estimated final completion at 13:42:03 (in 0.001 days).
                                                                                                  
 Time: 240 of 600 seconds.  Estimated final completion at 13:42:04 (in 0.001 days).
                                                                                                  
 Time: 245 of 600 seconds.  Estimated final completion at 13:42:02 (in 0.001 days).
                                                                                                  
 Time: 250 of 600 seconds.  Estimated final completion at 13:42:02 (in 0.001 days).
                                                                                                  
 Time: 255 of 600 seconds.  Estimated final completion at 13:42:03 (in 0.001 days).
                                                                                                  
 Time: 260 of 600 seconds.  Estimated final completion at 13:42:02 (in 0.001 days).
                                                                                                  
 Time: 265 of 600 seconds.  Estimated final completion at 13:42:04 (in 0.001 days).
                                                                                                  
 Time: 270 of 600 seconds.  Estimated final completion at 13:42:03 (in 0.001 days).
                                                                                                  
 Time: 275 of 600 seconds.  Estimated final completion at 13:42:02 (in 0.001 days).
                                                                                                  
 Time: 280 of 600 seconds.  Estimated final completion at 13:42:03 (in 0.001 days).
                                                                                                  
 Time: 285 of 600 seconds.  Estimated final completion at 13:42:03 (in 0.001 days).
                                                                                                  
 Time: 290 of 600 seconds.  Estimated final completion at 13:42:04 (in 0.001 days).
                                                                                                  
 Time: 295 of 600 seconds.  Estimated final completion at 13:42:03 (in 0.001 days).
                                                                                                  
 Time: 300 of 600 seconds.  Estimated final completion at 13:42:02 (in 0.001 days).
                                                                                                  
 Time: 305 of 600 seconds.  Estimated final completion at 13:42:03 (in 0.001 days).
                                                                                                  
 Time: 310 of 600 seconds.  Estimated final completion at 13:42:02 (in 0.001 days).
                                                                                                  
 Time: 315 of 600 seconds.  Estimated final completion at 13:42:04 (in 0.001 days).
                                                                                                  
 Time: 320 of 600 seconds.  Estimated final completion at 13:42:03 (in 0.001 days).
                                                                                                  
 Time: 325 of 600 seconds.  Estimated final completion at 13:42:02 (in 0.001 days).
                                                                                                  
 Time: 330 of 600 seconds.  Estimated final completion at 13:42:02 (in 0.001 days).
                                                                                                  
 Time: 335 of 600 seconds.  Estimated final completion at 13:42:03 (in 0.001 days).
                                                                                                  
 Time: 340 of 600 seconds.  Estimated final completion at 13:42:02 (in 0.001 days).
                                                                                                  
 Time: 345 of 600 seconds.  Estimated final completion at 13:42:04 (in 0.001 days).
                                                                                                  
 Time: 350 of 600 seconds.  Estimated final completion at 13:42:02 (in 0.001 days).
                                                                                                  
 Time: 355 of 600 seconds.  Estimated final completion at 13:42:02 (in 0.001 days).
                                                                                                  
 Time: 360 of 600 seconds.  Estimated final completion at 13:42:03 (in 0.001 days).
                                                                                                  
 Time: 365 of 600 seconds.  Estimated final completion at 13:42:03 (in 0.001 days).
                                                                                                  
 Time: 370 of 600 seconds.  Estimated final completion at 13:42:04 (in 0.001 days).
                                                                                                  
 Time: 375 of 600 seconds.  Estimated final completion at 13:42:02 (in 0.001 days).
                                                                                                  
 Time: 380 of 600 seconds.  Estimated final completion at 13:42:03 (in 0.000 days).
                                                                                                  
 Time: 385 of 600 seconds.  Estimated final completion at 13:42:03 (in 0.000 days).
                                                                                                  
 Time: 390 of 600 seconds.  Estimated final completion at 13:42:02 (in 0.000 days).
                                                                                                  
 Time: 395 of 600 seconds.  Estimated final completion at 13:42:03 (in 0.000 days).
                                                                                                  
 Time: 400 of 600 seconds.  Estimated final completion at 13:42:03 (in 0.000 days).
                                                                                                  
 Time: 405 of 600 seconds.  Estimated final completion at 13:42:02 (in 0.000 days).
                                                                                                  
 Time: 410 of 600 seconds.  Estimated final completion at 13:42:03 (in 0.000 days).
                                                                                                  
 Time: 415 of 600 seconds.  Estimated final completion at 13:42:04 (in 0.000 days).
                                                                                                  
 Time: 420 of 600 seconds.  Estimated final completion at 13:42:03 (in 0.000 days).
                                                                                                  
 Time: 425 of 600 seconds.  Estimated final completion at 13:42:02 (in 0.000 days).
                                                                                                  
 Time: 430 of 600 seconds.  Estimated final completion at 13:42:03 (in 0.000 days).
                                                                                                  
 Time: 435 of 600 seconds.  Estimated final completion at 13:42:03 (in 0.000 days).
                                                                                                  
 Time: 440 of 600 seconds.  Estimated final completion at 13:42:04 (in 0.000 days).
                                                                                                  
 Time: 445 of 600 seconds.  Estimated final completion at 13:42:03 (in 0.000 days).
                                                                                                  
 Time: 450 of 600 seconds.  Estimated final completion at 13:42:03 (in 0.000 days).
                                                                                                  
 Time: 455 of 600 seconds.  Estimated final completion at 13:42:03 (in 0.000 days).
                                                                                                  
 Time: 460 of 600 seconds.  Estimated final completion at 13:42:03 (in 0.000 days).
                                                                                                  
 Time: 465 of 600 seconds.  Estimated final completion at 13:42:03 (in 0.000 days).
                                                                                                  
 Time: 470 of 600 seconds.  Estimated final completion at 13:42:03 (in 0.000 days).
                                                                                                  
 Time: 475 of 600 seconds.  Estimated final completion at 13:42:03 (in 0.000 days).
                                                                                                  
 Time: 480 of 600 seconds.  Estimated final completion at 13:42:03 (in 0.000 days).
                                                                                                  
 Time: 485 of 600 seconds.  Estimated final completion at 13:42:03 (in 0.000 days).
                                                                                                  
 Time: 490 of 600 seconds.  Estimated final completion at 13:42:03 (in 0.000 days).
                                                                                                  
 Time: 495 of 600 seconds.  Estimated final completion at 13:42:03 (in 0.000 days).
                                                                                                  
 Time: 500 of 600 seconds.  Estimated final completion at 13:42:03 (in 0.000 days).
                                                                                                  
 Time: 505 of 600 seconds.  Estimated final completion at 13:42:03 (in 0.000 days).
                                                                                                  
 Time: 510 of 600 seconds.  Estimated final completion at 13:42:03 (in 0.000 days).
                                                                                                  
 Time: 515 of 600 seconds.  Estimated final completion at 13:42:03 (in 0.000 days).
                                                                                                  
 Time: 520 of 600 seconds.  Estimated final completion at 13:42:03 (in 0.000 days).
                                                                                                  
 Time: 525 of 600 seconds.  Estimated final completion at 13:42:03 (in 0.000 days).
                                                                                                  
 Time: 530 of 600 seconds.  Estimated final completion at 13:42:03 (in 0.000 days).
                                                                                                  
 Time: 535 of 600 seconds.  Estimated final completion at 13:42:03 (in 0.000 days).
                                                                                                  
 Time: 540 of 600 seconds.  Estimated final completion at 13:42:03 (in 0.000 days).
                                                                                                  
 Time: 545 of 600 seconds.  Estimated final completion at 13:42:03 (in 0.000 days).
                                                                                                  
 Time: 550 of 600 seconds.  Estimated final completion at 13:42:03 (in 0.000 days).
                                                                                                  
 Time: 555 of 600 seconds.  Estimated final completion at 13:42:03 (in 0.000 days).
                                                                                                  
 Time: 560 of 600 seconds.  Estimated final completion at 13:42:03 (in 0.000 days).
                                                                                                  
 Time: 565 of 600 seconds.  Estimated final completion at 13:42:03 (in 0.000 days).
                                                                                                  
 Time: 570 of 600 seconds.  Estimated final completion at 13:42:03 (in 0.000 days).
                                                                                                  
 Time: 575 of 600 seconds.  Estimated final completion at 13:42:03 (in 0.000 days).
                                                                                                  
 Time: 580 of 600 seconds.  Estimated final completion at 13:42:03 (in 0.000 days).
                                                                                                  
 Time: 585 of 600 seconds.  Estimated final completion at 13:42:03 (in 0.000 days).
                                                                                                  
 Time: 590 of 600 seconds.  Estimated final completion at 13:42:03 (in 0.000 days).
                                                                                                  
 Time: 595 of 600 seconds.  Estimated final completion at 13:42:03 (in 0.000 days).
                                                                                                  
 Time: 600 of 600 seconds.  Estimated final completion at 13:42:03 (in 0.000 days).
                                                                                                  

 Total Real Time:       1.965 minutes
 Total CPU Time:        1.9503 minutes
 Simulation CPU Time:   1.9469 minutes
 Simulated Time:        10 minutes
 Time Ratio (Sim/CPU):  5.1364

 OpenFAST terminated normally.



======================================================================
CASE: 5MW_Land_DLL_WTurb_WS23_Seed06
FST : 5MW_Land_DLL_WTurb\OpenFAST_Case_Outputs\WS23\Seed06\5MW_Land_DLL_WTurb_WS23_Seed06.fst
======================================================================


**************************************************************************************************
OpenFAST

Copyright (C) 2026 National Renewable Energy Laboratory
Copyright (C) 2026 Envision Energy USA LTD

This program is licensed under Apache License Version 2.0 and comes with ABSOLUTELY NO WARRANTY.
See the "LICENSE" file distributed with this software for details.
**************************************************************************************************

OpenFAST-v5.0.0
Compile Info:
 - Compiler: Intel(R) Fortran Compiler 20250302
 - Architecture: 64 bit
 - Precision: single
 - OpenMP: No
 - Date: Mar 13 2026
 - Time: 19:00:22
Execution Info:
 - Date: 09/06/2026
 - Time: 13:42:03+0200

OpenFAST input file heading:
    FAST Certification Test #18: NREL 5.0 MW Baseline Wind Turbine (Onshore)

 Running ElastoDyn.
 Running InflowWind.

   Reading a 31x31 grid (145 m wide, 17.5 m to 162.5 m above ground) with a characteristic wind
   speed of 23 m/s. This full-field file was generated by TurbSim (v2.00.07a-bjj, 14-Jun-2016) on
   02-Sep-2026 at 22:03:12.

   Processed 12127 time steps of 20-Hz grid-field data (606.3 seconds).
 Running AeroDyn.
   AeroDyn: projMod: 1
   Projection: legacy (NoSweepPitchTwist), BEM: legacy (2D)
Warning: Turning off Unsteady Aerodynamics because polar has constant data. (node 1, blade 1)
Warning: Turning off Unsteady Aerodynamics because polar has constant data. (node 2, blade 1)
Warning: Turning off Unsteady Aerodynamics because polar has constant data. (node 3, blade 1)
Warning: Turning off Unsteady Aerodynamics because polar has constant data. (node 4, blade 1)
Warning: Turning off Unsteady Aerodynamics because polar has constant data. (node 1, blade 2)
Warning: Turning off Unsteady Aerodynamics because polar has constant data. (node 2, blade 2)
Warning: Turning off Unsteady Aerodynamics because polar has constant data. (node 3, blade 2)
Warning: Turning off Unsteady Aerodynamics because polar has constant data. (node 4, blade 2)
Warning: Turning off Unsteady Aerodynamics because polar has constant data. (node 1, blade 3)
Warning: Turning off Unsteady Aerodynamics because polar has constant data. (node 2, blade 3)
Warning: Turning off Unsteady Aerodynamics because polar has constant data. (node 3, blade 3)
Warning: Turning off Unsteady Aerodynamics because polar has constant data. (node 4, blade 3)
 Running ServoDyn.
 Running ServoDyn Interface for Bladed Controllers (using Intel Visual Fortran for Windows).
Using legacy Bladed DLL interface.
 Time: 0 of 600 seconds.

FAST_Solution:FAST_UpdateStates:Solver_Step:FAST_CalcOutput:AD_CalcOutput:RotCalcOutput:BEMT_CalcO
utput(node 5, blade 3):UA_CalcOutput:UA_BlendSteady:Temporarily turning off UA due to high angle
of attack or low relative velocity. This warning will not be repeated though the condition may
persist.


FAST_Solution:FAST_UpdateStates:Solver_Step:FAST_CalcOutput:ED_CalcContStateDeriv:SetCoordSy:Small
angle assumption violated in SUBROUTINE SmllRotTrans() due to a large blade deflection (ElastoDyn
SetCoordSy). The solution may be inaccurate. Simulation continuing, but future warnings from
SmllRotTrans() will be suppressed.
ED_CalcContStateDeriv:SetCoordSy:Small angle assumption violated in SUBROUTINE SmllRotTrans() due
to a large blade deflection (ElastoDyn SetCoordSy). The solution may be inaccurate. Simulation
continuing, but future warnings from SmllRotTrans() will be suppressed.


FAST_Solution:FAST_UpdateStates:Solver_Step:FAST_UpdateStates:AD_UpdateStates:BEMT_UpdateStates(no
de 18, blade 3):UA_UpdateStates:UA_UpdateDiscOtherState:ComputeKelvinChain:Mach number exceeds
0.3. Theory is invalid. This warning will not be repeated though the condition may persist.

                                                                                                  
 Time: 5 of 600 seconds.  Estimated final completion at 13:44:08 (in 0.001 days).
                                                                                                  
 Time: 10 of 600 seconds.  Estimated final completion at 13:44:03 (in 0.001 days).
                                                                                                  
 Time: 15 of 600 seconds.  Estimated final completion at 13:44:02 (in 0.001 days).
                                                                                                  
 Time: 20 of 600 seconds.  Estimated final completion at 13:44:02 (in 0.001 days).
                                                                                                  
 Time: 25 of 600 seconds.  Estimated final completion at 13:43:60 (in 0.001 days).
                                                                                                  
 Time: 30 of 600 seconds.  Estimated final completion at 13:44:00 (in 0.001 days).
                                                                                                  
 Time: 35 of 600 seconds.  Estimated final completion at 13:43:59 (in 0.001 days).
                                                                                                  
 Time: 40 of 600 seconds.  Estimated final completion at 13:43:59 (in 0.001 days).
                                                                                                  
 Time: 45 of 600 seconds.  Estimated final completion at 13:44:03 (in 0.001 days).
                                                                                                  
 Time: 50 of 600 seconds.  Estimated final completion at 13:43:60 (in 0.001 days).
                                                                                                  
 Time: 55 of 600 seconds.  Estimated final completion at 13:43:58 (in 0.001 days).
                                                                                                  
 Time: 60 of 600 seconds.  Estimated final completion at 13:44:01 (in 0.001 days).
                                                                                                  
 Time: 65 of 600 seconds.  Estimated final completion at 13:43:57 (in 0.001 days).
                                                                                                  
 Time: 70 of 600 seconds.  Estimated final completion at 13:44:02 (in 0.001 days).
                                                                                                  
 Time: 75 of 600 seconds.  Estimated final completion at 13:43:59 (in 0.001 days).
                                                                                                  
 Time: 80 of 600 seconds.  Estimated final completion at 13:44:01 (in 0.001 days).
                                                                                                  
 Time: 85 of 600 seconds.  Estimated final completion at 13:44:00 (in 0.001 days).
                                                                                                  
 Time: 90 of 600 seconds.  Estimated final completion at 13:43:59 (in 0.001 days).
                                                                                                  
 Time: 95 of 600 seconds.  Estimated final completion at 13:43:60 (in 0.001 days).
                                                                                                  
 Time: 100 of 600 seconds.  Estimated final completion at 13:44:00 (in 0.001 days).
                                                                                                  
 Time: 105 of 600 seconds.  Estimated final completion at 13:44:01 (in 0.001 days).
                                                                                                  
 Time: 110 of 600 seconds.  Estimated final completion at 13:44:00 (in 0.001 days).
                                                                                                  
 Time: 115 of 600 seconds.  Estimated final completion at 13:44:00 (in 0.001 days).
                                                                                                  
 Time: 120 of 600 seconds.  Estimated final completion at 13:44:00 (in 0.001 days).
                                                                                                  
 Time: 125 of 600 seconds.  Estimated final completion at 13:44:00 (in 0.001 days).
                                                                                                  
 Time: 130 of 600 seconds.  Estimated final completion at 13:44:00 (in 0.001 days).
                                                                                                  
 Time: 135 of 600 seconds.  Estimated final completion at 13:44:00 (in 0.001 days).
                                                                                                  
 Time: 140 of 600 seconds.  Estimated final completion at 13:44:02 (in 0.001 days).
                                                                                                  
 Time: 145 of 600 seconds.  Estimated final completion at 13:44:02 (in 0.001 days).
                                                                                                  
 Time: 150 of 600 seconds.  Estimated final completion at 13:44:03 (in 0.001 days).
                                                                                                  
 Time: 155 of 600 seconds.  Estimated final completion at 13:44:03 (in 0.001 days).
                                                                                                  
 Time: 160 of 600 seconds.  Estimated final completion at 13:44:02 (in 0.001 days).
                                                                                                  
 Time: 165 of 600 seconds.  Estimated final completion at 13:44:00 (in 0.001 days).
                                                                                                  
 Time: 170 of 600 seconds.  Estimated final completion at 13:44:04 (in 0.001 days).
                                                                                                  
 Time: 175 of 600 seconds.  Estimated final completion at 13:44:02 (in 0.001 days).
                                                                                                  
 Time: 180 of 600 seconds.  Estimated final completion at 13:44:01 (in 0.001 days).
                                                                                                  
 Time: 185 of 600 seconds.  Estimated final completion at 13:43:60 (in 0.001 days).
                                                                                                  
 Time: 190 of 600 seconds.  Estimated final completion at 13:43:60 (in 0.001 days).
                                                                                                  
 Time: 195 of 600 seconds.  Estimated final completion at 13:44:00 (in 0.001 days).
                                                                                                  
 Time: 200 of 600 seconds.  Estimated final completion at 13:44:01 (in 0.001 days).
                                                                                                  
 Time: 205 of 600 seconds.  Estimated final completion at 13:44:02 (in 0.001 days).
                                                                                                  
 Time: 210 of 600 seconds.  Estimated final completion at 13:43:59 (in 0.001 days).
                                                                                                  
 Time: 215 of 600 seconds.  Estimated final completion at 13:43:60 (in 0.001 days).
                                                                                                  
 Time: 220 of 600 seconds.  Estimated final completion at 13:44:03 (in 0.001 days).
                                                                                                  
 Time: 225 of 600 seconds.  Estimated final completion at 13:44:01 (in 0.001 days).
                                                                                                  
 Time: 230 of 600 seconds.  Estimated final completion at 13:44:01 (in 0.001 days).
                                                                                                  
 Time: 235 of 600 seconds.  Estimated final completion at 13:44:01 (in 0.001 days).
                                                                                                  
 Time: 240 of 600 seconds.  Estimated final completion at 13:43:59 (in 0.001 days).
                                                                                                  
 Time: 245 of 600 seconds.  Estimated final completion at 13:43:59 (in 0.001 days).
                                                                                                  
 Time: 250 of 600 seconds.  Estimated final completion at 13:44:00 (in 0.001 days).
                                                                                                  
 Time: 255 of 600 seconds.  Estimated final completion at 13:44:02 (in 0.001 days).
                                                                                                  
 Time: 260 of 600 seconds.  Estimated final completion at 13:44:00 (in 0.001 days).
                                                                                                  
 Time: 265 of 600 seconds.  Estimated final completion at 13:44:00 (in 0.001 days).
                                                                                                  
 Time: 270 of 600 seconds.  Estimated final completion at 13:43:60 (in 0.001 days).
                                                                                                  
 Time: 275 of 600 seconds.  Estimated final completion at 13:44:01 (in 0.001 days).
                                                                                                  
 Time: 280 of 600 seconds.  Estimated final completion at 13:44:01 (in 0.001 days).
                                                                                                  
 Time: 285 of 600 seconds.  Estimated final completion at 13:44:00 (in 0.001 days).
                                                                                                  
 Time: 290 of 600 seconds.  Estimated final completion at 13:44:01 (in 0.001 days).
                                                                                                  
 Time: 295 of 600 seconds.  Estimated final completion at 13:44:00 (in 0.001 days).
                                                                                                  
 Time: 300 of 600 seconds.  Estimated final completion at 13:44:02 (in 0.001 days).
                                                                                                  
 Time: 305 of 600 seconds.  Estimated final completion at 13:44:02 (in 0.001 days).
                                                                                                  
 Time: 310 of 600 seconds.  Estimated final completion at 13:44:02 (in 0.001 days).
                                                                                                  
 Time: 315 of 600 seconds.  Estimated final completion at 13:44:02 (in 0.001 days).
                                                                                                  
 Time: 320 of 600 seconds.  Estimated final completion at 13:43:60 (in 0.001 days).
                                                                                                  
 Time: 325 of 600 seconds.  Estimated final completion at 13:44:02 (in 0.001 days).
                                                                                                  
 Time: 330 of 600 seconds.  Estimated final completion at 13:44:01 (in 0.001 days).
                                                                                                  
 Time: 335 of 600 seconds.  Estimated final completion at 13:44:00 (in 0.001 days).
                                                                                                  
 Time: 340 of 600 seconds.  Estimated final completion at 13:44:00 (in 0.001 days).
                                                                                                  
 Time: 345 of 600 seconds.  Estimated final completion at 13:43:60 (in 0.001 days).
                                                                                                  
 Time: 350 of 600 seconds.  Estimated final completion at 13:44:00 (in 0.001 days).
                                                                                                  
 Time: 355 of 600 seconds.  Estimated final completion at 13:43:60 (in 0.001 days).
                                                                                                  
 Time: 360 of 600 seconds.  Estimated final completion at 13:44:01 (in 0.001 days).
                                                                                                  
 Time: 365 of 600 seconds.  Estimated final completion at 13:44:00 (in 0.001 days).
                                                                                                  
 Time: 370 of 600 seconds.  Estimated final completion at 13:44:00 (in 0.001 days).
                                                                                                  
 Time: 375 of 600 seconds.  Estimated final completion at 13:43:60 (in 0.001 days).
                                                                                                  
 Time: 380 of 600 seconds.  Estimated final completion at 13:44:00 (in 0.000 days).
                                                                                                  
 Time: 385 of 600 seconds.  Estimated final completion at 13:44:01 (in 0.000 days).
                                                                                                  
 Time: 390 of 600 seconds.  Estimated final completion at 13:43:60 (in 0.000 days).
                                                                                                  
 Time: 395 of 600 seconds.  Estimated final completion at 13:44:00 (in 0.000 days).
                                                                                                  
 Time: 400 of 600 seconds.  Estimated final completion at 13:44:00 (in 0.000 days).
                                                                                                  
 Time: 405 of 600 seconds.  Estimated final completion at 13:44:01 (in 0.000 days).
                                                                                                  
 Time: 410 of 600 seconds.  Estimated final completion at 13:44:01 (in 0.000 days).
                                                                                                  
 Time: 415 of 600 seconds.  Estimated final completion at 13:44:05 (in 0.000 days).
                                                                                                  
 Time: 420 of 600 seconds.  Estimated final completion at 13:44:03 (in 0.000 days).
                                                                                                  
 Time: 425 of 600 seconds.  Estimated final completion at 13:44:02 (in 0.000 days).
                                                                                                  
 Time: 430 of 600 seconds.  Estimated final completion at 13:44:01 (in 0.000 days).
                                                                                                  
 Time: 435 of 600 seconds.  Estimated final completion at 13:44:01 (in 0.000 days).
                                                                                                  
 Time: 440 of 600 seconds.  Estimated final completion at 13:44:01 (in 0.000 days).
                                                                                                  
 Time: 445 of 600 seconds.  Estimated final completion at 13:44:01 (in 0.000 days).
                                                                                                  
 Time: 450 of 600 seconds.  Estimated final completion at 13:44:01 (in 0.000 days).
                                                                                                  
 Time: 455 of 600 seconds.  Estimated final completion at 13:44:02 (in 0.000 days).
                                                                                                  
 Time: 460 of 600 seconds.  Estimated final completion at 13:44:00 (in 0.000 days).
                                                                                                  
 Time: 465 of 600 seconds.  Estimated final completion at 13:44:01 (in 0.000 days).
                                                                                                  
 Time: 470 of 600 seconds.  Estimated final completion at 13:44:01 (in 0.000 days).
                                                                                                  
 Time: 475 of 600 seconds.  Estimated final completion at 13:44:01 (in 0.000 days).
                                                                                                  
 Time: 480 of 600 seconds.  Estimated final completion at 13:44:01 (in 0.000 days).
                                                                                                  
 Time: 485 of 600 seconds.  Estimated final completion at 13:44:00 (in 0.000 days).
                                                                                                  
 Time: 490 of 600 seconds.  Estimated final completion at 13:44:01 (in 0.000 days).
                                                                                                  
 Time: 495 of 600 seconds.  Estimated final completion at 13:44:01 (in 0.000 days).
                                                                                                  
 Time: 500 of 600 seconds.  Estimated final completion at 13:44:01 (in 0.000 days).
                                                                                                  
 Time: 505 of 600 seconds.  Estimated final completion at 13:44:01 (in 0.000 days).
                                                                                                  
 Time: 510 of 600 seconds.  Estimated final completion at 13:44:01 (in 0.000 days).
                                                                                                  
 Time: 515 of 600 seconds.  Estimated final completion at 13:44:01 (in 0.000 days).
                                                                                                  
 Time: 520 of 600 seconds.  Estimated final completion at 13:44:01 (in 0.000 days).
                                                                                                  
 Time: 525 of 600 seconds.  Estimated final completion at 13:44:01 (in 0.000 days).
                                                                                                  
 Time: 530 of 600 seconds.  Estimated final completion at 13:44:01 (in 0.000 days).
                                                                                                  
 Time: 535 of 600 seconds.  Estimated final completion at 13:44:01 (in 0.000 days).
                                                                                                  
 Time: 540 of 600 seconds.  Estimated final completion at 13:44:01 (in 0.000 days).
                                                                                                  
 Time: 545 of 600 seconds.  Estimated final completion at 13:44:01 (in 0.000 days).
                                                                                                  
 Time: 550 of 600 seconds.  Estimated final completion at 13:44:01 (in 0.000 days).
                                                                                                  
 Time: 555 of 600 seconds.  Estimated final completion at 13:44:01 (in 0.000 days).
                                                                                                  
 Time: 560 of 600 seconds.  Estimated final completion at 13:44:01 (in 0.000 days).
                                                                                                  
 Time: 565 of 600 seconds.  Estimated final completion at 13:44:01 (in 0.000 days).
                                                                                                  
 Time: 570 of 600 seconds.  Estimated final completion at 13:44:01 (in 0.000 days).
                                                                                                  
 Time: 575 of 600 seconds.  Estimated final completion at 13:44:01 (in 0.000 days).
                                                                                                  
 Time: 580 of 600 seconds.  Estimated final completion at 13:44:01 (in 0.000 days).
                                                                                                  
 Time: 585 of 600 seconds.  Estimated final completion at 13:44:01 (in 0.000 days).
                                                                                                  
 Time: 590 of 600 seconds.  Estimated final completion at 13:44:01 (in 0.000 days).
                                                                                                  
 Time: 595 of 600 seconds.  Estimated final completion at 13:44:01 (in 0.000 days).
                                                                                                  
 Time: 600 of 600 seconds.  Estimated final completion at 13:44:01 (in 0.000 days).
                                                                                                  

 Total Real Time:       1.964 minutes
 Total CPU Time:        1.9471 minutes
 Simulation CPU Time:   1.9438 minutes
 Simulated Time:        10 minutes
 Time Ratio (Sim/CPU):  5.1447

 OpenFAST terminated normally.

============================================================
ALL CASES PROCESSED
============================================================

============================================================
RUN SUMMARY
============================================================
Total cases     : 39
Successful      : 38
Failed          : 1

Failed cases:
  - WS23 / Seed02

